政策工具ID,工具/子方案,组别,路径,排放部门,子行业,本国工具名称,英文工具名称,政策包,描述,目标,减缓相关性,作用渠道,国家,管辖层级,管辖地名称,通过日期,生效日期,终止日期,最近修订,最近修订（详情）,状态,管理机构,受规制资产,受规制资产（状态）,受规制资产（详情）,受规制资产（其他）,受规制资产（阈值范围）,受规制主体,受规制主体（详情）,受规制活动,受规制活动（详情）,强度（数值）,强度（单位）,强度（详情）,要求说明,合规计算方法I,合规计算方法II,税收及激励：年度收入,税收及激励：专项资金,税收及激励：年度收入减免,补贴：年度预算/支出,补贴：限额,补贴：下限或上限,补贴：分配机制,补贴：支持期限,补贴：执行机制,交易系统：类型,交易系统：总量上限,交易系统：配额分配机制,交易系统：免费配额,交易系统：允许使用抵消,交易系统：链接,交易系统：市场稳定机制,交易系统：年收入,交易系统：交易量,交易系统：违规处罚,温室气体排放覆盖（绝对量）,温室气体排放覆盖（占国内排放百分比）,经济行业,受影响的温室气体,减缓效果,减缓协同效益,法律文件名称,法律文件链接,其他网页链接
CHNTRAETSI01S000,工具,交易机制,排放交易体系（ETS）,能源；工业,发电；钢铁；水泥；铝冶炼,全国碳排放权交易市场,National carbon emission trading market,N/A,全国碳排放权交易市场覆盖生态环境部按程序确定并公开的温室气体种类和行业范围，对年度温室气体排放量达到2.6万吨二氧化碳当量的重点排放单位实施配额分配、登记、交易、核查与清缴管理。,减缓气候变化,直接,供给侧,中国,国家,N/A,31/12/2020,01/02/2021,N/A,01/05/2024,碳排放权交易管理暂行条例自2024年5月1日起施行，将全国碳排放权交易市场的配额分配、登记、交易、清缴、排放报告核查和监督管理提升为国务院行政法规层级，并对数据质量、监督管理和法律责任作出更新。,生效,生态环境部；省级生态环境主管部门；全国碳排放权注册登记机构；全国碳排放权交易机构,温室气体,新建；既有,全国碳市场覆盖达到排放门槛的重点排放单位，既包括已纳入市场的既有重点排放单位，也可包括新纳入覆盖行业或新达到年度排放门槛的单位。,N/A,年度温室气体排放量达到2.6万吨二氧化碳当量,企业,重点排放单位：属于全国碳排放权交易市场覆盖行业且年度温室气体排放量达到2.6万吨二氧化碳当量的温室气体排放单位。,生产、发电或转化,重点排放单位产生覆盖温室气体排放的生产经营活动；当前覆盖行业包括发电、钢铁、水泥、铝冶炼。,69.30,元/吨,全国碳市场为市场化碳价；强度数值采用全国ETS综合收盘价，截至2025年8月底为69.30元/吨（来源：生态环境部Progress Report of China's National Carbon Market (2025)）。同一来源披露，2024年全年综合收盘价区间为69-106元/吨，2024年末为97.49元/吨。,重点排放单位应按规定报告上一年度温室气体排放，接受核查，并在生态环境部规定时限内清缴配额；清缴量应不低于经省级生态环境主管部门核查确认的上年度实际温室气体排放量。,重点排放单位按生态环境部技术规范编制年度温室气体排放报告；省级生态环境主管部门组织核查；经核查结果作为配额清缴依据。,清缴义务不少于经核查的上一年度实际温室气体排放量；可按规定使用国家核证自愿减排量抵销部分配额清缴。,N/A,N/A,N/A,N/A,N/A,N/A,N/A,N/A,N/A,碳排放配额交易体系；交易方式包括协议转让、单向竞价或者其他符合规定的方式。,生态环境部根据国家温室气体排放控制要求，综合考虑经济增长、产业结构调整、能源结构优化、大气污染物排放协同控制等因素，制定碳排放配额总量确定与分配方案；法律文本未给出固定绝对总量数值。,生态环境部制定配额总量确定与分配方案；省级生态环境主管部门向重点排放单位分配年度碳排放配额。配额分配以免费分配为主，可根据国家有关要求适时引入有偿分配。,以免费分配为主；可根据国家有关要求适时引入有偿分配。具体免费配额比例未在该法律文本中找到。,允许。可使用国家核证自愿减排量抵销配额清缴，抵销比例不得超过应清缴碳排放配额的5%；已纳入全国碳市场配额管理的减排项目不得用于抵销。,不适用；纳入全国碳市场的重点排放单位不再参与地方碳排放权交易试点市场。,交易机构应采取有效措施防止过度投机并维护市场健康发展；注册登记机构和交易机构应建立风险管理与信息披露制度。用于公益目的自愿注销的配额从国家配额总量中等量核减。,181.1亿元（2024年度成交额；来源：生态环境部Progress Report of China's National Carbon Market (2025)）,189百万吨（2024；来源：生态环境部Progress Report of China's National Carbon Market (2025)）,未按时足额清缴配额：责令改正，处2万元以上3万元以下罚款；逾期未改正的，对欠缴部分在下一年度配额中等量核减。虚报、瞒报或拒绝履行排放报告义务：处1万元以上3万元以下罚款，并可在下一年度配额分配中等量核减虚报、瞒报部分。,"约8,000 MtCO2（2024；来源：ICAP ETS Map）",超过60%（2025披露；来源：生态环境部Progress Report of China's National Carbon Market (2025)）,D35；C24；C23,CO2,正向,空气污染,碳排放权交易管理暂行条例；碳排放权交易管理办法（试行）,https://www.gov.cn/zhengce/content/202402/content_6930137.htm,https://www.mee.gov.cn/xxgk2018/xxgk/xxgk02/202101/t20210105_816131.html; https://www.mee.gov.cn/xxgk2018/xxgk/xxgk03/202503/t20250326_1104736.html; https://www.mee.gov.cn/ywgz/ydqhbh/wsqtkz/202509/W020250927515319387445.pdf; https://icapcarbonaction.com/en/ets/china-national-ets
CHNTRAETSI01S001,子方案,交易机制,排放交易体系（ETS）,能源,发电,全国碳排放权交易市场—发电行业子方案,National carbon emission trading market - power generation sector subscheme,N/A,全国碳排放权交易市场首批覆盖发电行业重点排放单位，对达到覆盖门槛的发电行业单位实施碳排放配额分配、交易、核查与清缴管理。,减缓气候变化,直接,供给侧,中国,国家,N/A,31/12/2020,01/02/2021,N/A,21/10/2024,生态环境部印发2023、2024年度发电行业全国碳排放权交易配额总量和分配方案以及配额清缴相关工作通知，属于发电行业子方案的专门实施文件。,生效,生态环境部；省级生态环境主管部门；全国碳排放权注册登记机构；全国碳排放权交易机构,温室气体,新建；既有,发电行业重点排放单位的碳排放配额及其覆盖温室气体排放。,N/A,年度温室气体排放量达到2.6万吨二氧化碳当量,企业,发电行业重点排放单位,生产、发电或转化,发电行业产生覆盖温室气体排放的生产经营活动。,69.30,元/吨,全国碳市场为市场化碳价；强度数值采用全国ETS综合收盘价，截至2025年8月底为69.30元/吨（来源：生态环境部Progress Report of China's National Carbon Market (2025)）。同一来源披露，2024年全年综合收盘价区间为69-106元/吨，2024年末为97.49元/吨。,发电行业重点排放单位应按规定报告上一年度温室气体排放，接受核查，并按期清缴不少于核查确认排放量的配额。,年度温室气体排放报告和省级生态环境主管部门组织的核查。,清缴义务不少于经核查的上一年度实际温室气体排放量；可按规定使用国家核证自愿减排量抵销部分配额清缴。,N/A,N/A,N/A,N/A,N/A,N/A,N/A,N/A,N/A,碳排放配额交易体系,由生态环境部配额总量确定与分配方案确定；行业层面年度总量需查具体年度分配方案。,生态环境部制定配额总量确定与分配方案，省级生态环境主管部门向发电行业重点排放单位分配年度配额；以免费分配为主。,以免费分配为主；具体行业年度免费配额比例需查年度分配方案。,允许使用国家核证自愿减排量抵销，比例不超过应清缴配额的5%。,不适用；纳入全国碳市场的重点排放单位不再参与地方碳排放权交易试点市场。,注册登记、交易、风险管理和信息披露制度适用全国碳市场统一规则。,N/A,N/A,适用全国碳市场统一处罚规则。,"约5,200 MtCO2（2023；来源：ICAP ETS Map）","约41.3%（按5,200 MtCO2 / 中国2023年生产端温室气体排放约12.6 GtCO2e计算；来源：ICAP ETS Map、IEA/公开汇编，经计算）",D35,CO2,正向,空气污染,关于做好2023、2024年度全国碳排放权交易发电行业配额分配和清缴相关工作的通知,https://www.mee.gov.cn/xxgk2018/xxgk/xxgk03/202410/t20241021_1089750.html,https://www.gov.cn/zhengce/content/202402/content_6930137.htm; https://www.mee.gov.cn/xxgk2018/xxgk/xxgk02/202101/t20210105_816131.html; https://www.mee.gov.cn/ywgz/ydqhbh/wsqtkz/202509/W020250927515319387445.pdf; https://icapcarbonaction.com/en/ets/china-national-ets
CHNTRAETSI01S002,子方案,交易机制,排放交易体系（ETS）,工业,钢铁,全国碳排放权交易市场—钢铁行业子方案,National carbon emission trading market - steel sector subscheme,N/A,全国碳排放权交易市场扩围覆盖钢铁行业，对达到覆盖门槛的钢铁行业重点排放单位实施碳排放配额分配、交易、核查与清缴管理。,减缓气候变化,直接,供给侧,中国,国家,N/A,31/12/2020,26/03/2025,N/A,26/03/2025,生态环境部印发全国碳排放权交易市场覆盖钢铁、水泥、铝冶炼行业工作方案，经国务院批准将钢铁、水泥、铝冶炼行业纳入全国碳排放权交易市场管理。,生效,生态环境部；省级生态环境主管部门；全国碳排放权注册登记机构；全国碳排放权交易机构,温室气体,新建；既有,钢铁行业重点排放单位的碳排放配额及其覆盖温室气体排放。,N/A,年度温室气体排放量达到2.6万吨二氧化碳当量,企业,钢铁行业重点排放单位,生产、发电或转化,钢铁生产相关覆盖温室气体排放活动。,69.30,元/吨,全国碳市场为市场化碳价；强度数值采用全国ETS综合收盘价，截至2025年8月底为69.30元/吨（来源：生态环境部Progress Report of China's National Carbon Market (2025)）。同一来源披露，2024年全年综合收盘价区间为69-106元/吨，2024年末为97.49元/吨。,钢铁行业重点排放单位应按规定报告上一年度温室气体排放，接受核查，并按期清缴不少于核查确认排放量的配额。,年度温室气体排放报告和省级生态环境主管部门组织的核查。,清缴义务不少于经核查的上一年度实际温室气体排放量；可按规定使用国家核证自愿减排量抵销部分配额清缴。,N/A,N/A,N/A,N/A,N/A,N/A,N/A,N/A,N/A,碳排放配额交易体系,由生态环境部配额总量确定与分配方案确定；行业层面年度总量需查具体年度分配方案。,生态环境部制定配额总量确定与分配方案，省级生态环境主管部门向钢铁行业重点排放单位分配年度配额；以免费分配为主。,以免费分配为主；具体行业年度免费配额比例需查年度分配方案。,允许使用国家核证自愿减排量抵销，比例不超过应清缴配额的5%。,不适用；纳入全国碳市场的重点排放单位不再参与地方碳排放权交易试点市场。,注册登记、交易、风险管理和信息披露制度适用全国碳市场统一规则。,N/A,N/A,适用全国碳市场统一处罚规则。,"约1,450 MtCO2e（2024估算；来源：ICAP称钢铁、水泥、铝冶炼扩围合计新增约3,000 MtCO2e，Live Science/CREA称钢铁约占中国温室气体排放15%；按扩围总量与钢铁/水泥同量级分摊计算）","约11.5%（按1,450 MtCO2e / 中国2023年生产端温室气体排放约12.6 GtCO2e计算；来源：ICAP、CREA/Live Science，经计算）",C24,CO2,正向,空气污染,全国碳排放权交易市场覆盖钢铁、水泥、铝冶炼行业工作方案,https://www.mee.gov.cn/xxgk2018/xxgk/xxgk03/202503/t20250326_1104736.html,https://www.gov.cn/zhengce/content/202402/content_6930137.htm; https://www.mee.gov.cn/xxgk2018/xxgk/xxgk02/202101/t20210105_816131.html; https://www.mee.gov.cn/xxgk2018/xxgk/xxgk03/202503/t20250326_1104736.html; https://www.mee.gov.cn/ywgz/ydqhbh/wsqtkz/202509/W020250927515319387445.pdf; https://icapcarbonaction.com/en/ets/china-national-ets; https://icapcarbonaction.com/en/news/china-officially-expands-national-ets-cement-steel-and-aluminum-sectors; https://www.livescience.com/planet-earth/climate-change/chinas-carbon-emissions-may-have-reached-a-critical-turning-point-sooner-than-expected
CHNTRAETSI01S003,子方案,交易机制,排放交易体系（ETS）,工业,水泥,全国碳排放权交易市场—水泥行业子方案,National carbon emission trading market - cement sector subscheme,N/A,全国碳排放权交易市场扩围覆盖水泥行业，对达到覆盖门槛的水泥行业重点排放单位实施碳排放配额分配、交易、核查与清缴管理。,减缓气候变化,直接,供给侧,中国,国家,N/A,31/12/2020,26/03/2025,N/A,26/03/2025,生态环境部印发全国碳排放权交易市场覆盖钢铁、水泥、铝冶炼行业工作方案，经国务院批准将钢铁、水泥、铝冶炼行业纳入全国碳排放权交易市场管理。,生效,生态环境部；省级生态环境主管部门；全国碳排放权注册登记机构；全国碳排放权交易机构,温室气体,新建；既有,水泥行业重点排放单位的碳排放配额及其覆盖温室气体排放。,N/A,年度温室气体排放量达到2.6万吨二氧化碳当量,企业,水泥行业重点排放单位,生产、发电或转化,水泥生产相关覆盖温室气体排放活动。,69.30,元/吨,全国碳市场为市场化碳价；强度数值采用全国ETS综合收盘价，截至2025年8月底为69.30元/吨（来源：生态环境部Progress Report of China's National Carbon Market (2025)）。同一来源披露，2024年全年综合收盘价区间为69-106元/吨，2024年末为97.49元/吨。,水泥行业重点排放单位应按规定报告上一年度温室气体排放，接受核查，并按期清缴不少于核查确认排放量的配额。,年度温室气体排放报告和省级生态环境主管部门组织的核查。,清缴义务不少于经核查的上一年度实际温室气体排放量；可按规定使用国家核证自愿减排量抵销部分配额清缴。,N/A,N/A,N/A,N/A,N/A,N/A,N/A,N/A,N/A,碳排放配额交易体系,由生态环境部配额总量确定与分配方案确定；行业层面年度总量需查具体年度分配方案。,生态环境部制定配额总量确定与分配方案，省级生态环境主管部门向水泥行业重点排放单位分配年度配额；以免费分配为主。,以免费分配为主；具体行业年度免费配额比例需查年度分配方案。,允许使用国家核证自愿减排量抵销，比例不超过应清缴配额的5%。,不适用；纳入全国碳市场的重点排放单位不再参与地方碳排放权交易试点市场。,注册登记、交易、风险管理和信息披露制度适用全国碳市场统一规则。,N/A,N/A,适用全国碳市场统一处罚规则。,"约1,450 MtCO2e（2024估算；来源：ICAP称钢铁、水泥、铝冶炼扩围合计新增约3,000 MtCO2e，Live Science/CREA称水泥约占中国温室气体排放15%；按扩围总量与钢铁/水泥同量级分摊计算）","约11.5%（按1,450 MtCO2e / 中国2023年生产端温室气体排放约12.6 GtCO2e计算；来源：ICAP、CREA/Live Science，经计算）",C23,CO2,正向,空气污染,全国碳排放权交易市场覆盖钢铁、水泥、铝冶炼行业工作方案,https://www.mee.gov.cn/xxgk2018/xxgk/xxgk03/202503/t20250326_1104736.html,https://www.gov.cn/zhengce/content/202402/content_6930137.htm; https://www.mee.gov.cn/xxgk2018/xxgk/xxgk02/202101/t20210105_816131.html; https://www.mee.gov.cn/xxgk2018/xxgk/xxgk03/202503/t20250326_1104736.html; https://www.mee.gov.cn/ywgz/ydqhbh/wsqtkz/202509/W020250927515319387445.pdf; https://icapcarbonaction.com/en/ets/china-national-ets; https://icapcarbonaction.com/en/news/china-officially-expands-national-ets-cement-steel-and-aluminum-sectors; https://www.livescience.com/planet-earth/climate-change/chinas-carbon-emissions-may-have-reached-a-critical-turning-point-sooner-than-expected
CHNTRAETSI01S004,子方案,交易机制,排放交易体系（ETS）,工业,铝冶炼,全国碳排放权交易市场—铝冶炼行业子方案,National carbon emission trading market - aluminum smelting sector subscheme,N/A,全国碳排放权交易市场扩围覆盖铝冶炼行业，对达到覆盖门槛的铝冶炼行业重点排放单位实施碳排放配额分配、交易、核查与清缴管理。,减缓气候变化,直接,供给侧,中国,国家,N/A,31/12/2020,26/03/2025,N/A,26/03/2025,生态环境部印发全国碳排放权交易市场覆盖钢铁、水泥、铝冶炼行业工作方案，经国务院批准将钢铁、水泥、铝冶炼行业纳入全国碳排放权交易市场管理。,生效,生态环境部；省级生态环境主管部门；全国碳排放权注册登记机构；全国碳排放权交易机构,温室气体,新建；既有,铝冶炼行业重点排放单位的碳排放配额及其覆盖温室气体排放。,N/A,年度温室气体排放量达到2.6万吨二氧化碳当量,企业,铝冶炼行业重点排放单位,生产、发电或转化,铝冶炼生产相关覆盖温室气体排放活动。,69.30,元/吨,全国碳市场为市场化碳价；强度数值采用全国ETS综合收盘价，截至2025年8月底为69.30元/吨（来源：生态环境部Progress Report of China's National Carbon Market (2025)）。同一来源披露，2024年全年综合收盘价区间为69-106元/吨，2024年末为97.49元/吨。,铝冶炼行业重点排放单位应按规定报告上一年度温室气体排放，接受核查，并按期清缴不少于核查确认排放量的配额。,年度温室气体排放报告和省级生态环境主管部门组织的核查。,清缴义务不少于经核查的上一年度实际温室气体排放量；可按规定使用国家核证自愿减排量抵销部分配额清缴。,N/A,N/A,N/A,N/A,N/A,N/A,N/A,N/A,N/A,碳排放配额交易体系,由生态环境部配额总量确定与分配方案确定；行业层面年度总量需查具体年度分配方案。,生态环境部制定配额总量确定与分配方案，省级生态环境主管部门向铝冶炼行业重点排放单位分配年度配额；以免费分配为主。,以免费分配为主；具体行业年度免费配额比例需查年度分配方案。,允许使用国家核证自愿减排量抵销，比例不超过应清缴配额的5%。,不适用；纳入全国碳市场的重点排放单位不再参与地方碳排放权交易试点市场。,注册登记、交易、风险管理和信息披露制度适用全国碳市场统一规则。,N/A,N/A,适用全国碳市场统一处罚规则。,约100 MtCO2e（2024估算；来源：FT披露中国2024年电解铝产量43.8 Mt，且ETS铝冶炼纳入直接CO2及PFC；按直接排放约2.3 tCO2e/t铝估算）,约0.8%（按100 MtCO2e / 中国2023年生产端温室气体排放约12.6 GtCO2e计算；来源：FT、生态环境部扩围方案、Guardian/MIT关于PFC来源说明，经计算）,C24,CO2,正向,空气污染,全国碳排放权交易市场覆盖钢铁、水泥、铝冶炼行业工作方案,https://www.mee.gov.cn/xxgk2018/xxgk/xxgk03/202503/t20250326_1104736.html,https://www.gov.cn/zhengce/content/202402/content_6930137.htm; https://www.mee.gov.cn/xxgk2018/xxgk/xxgk02/202101/t20210105_816131.html; https://www.mee.gov.cn/xxgk2018/xxgk/xxgk03/202503/t20250326_1104736.html; https://www.mee.gov.cn/ywgz/ydqhbh/wsqtkz/202509/W020250927515319387445.pdf; https://icapcarbonaction.com/en/ets/china-national-ets; https://icapcarbonaction.com/en/news/china-officially-expands-national-ets-cement-steel-and-aluminum-sectors; https://www.ft.com/content/1e6e531f-b383-4404-9acf-79db8d9c6c00; https://www.theguardian.com/world/article/2024/jul/15/chinas-emissions-of-two-potent-greenhouse-gases-rise-78-in-decade
CHNTRARECI01S000,工具,交易机制,可交易可再生能源证书/配额/RPS,能源,电力；可再生能源发电,可再生能源绿色电力证书市场,China Green Electricity Certificate market,N/A,可再生能源绿色电力证书市场通过全国统一的绿证核发、交易、认购和核销机制，确认可再生能源电力的环境属性，并支撑强制消费与自愿消费相结合的绿色电力消费机制。,减缓气候变化,直接,供给侧；需求侧,中国,国家,N/A,18/01/2017,01/07/2017,N/A,06/03/2025,国家发展改革委、国家能源局等部门发布关于促进可再生能源绿色电力证书市场高质量发展的意见，要求完善全国统一的绿证交易体系，推动绿证及时自动核发、跨省流通、强制消费与自愿消费相结合，并强化绿证与绿色电力交易、碳排放核算和重点产品碳足迹核算衔接。,生效,国家发展改革委；国家能源局；工业和信息化部；商务部；国家数据局；绿证核发机构；绿证交易平台,可再生能源发电项目,新建；既有,已建档立卡的风电、太阳能发电、常规水电、生物质发电、地热能发电、海洋能发电等可再生能源发电项目所生产的电量。,N/A,N/A,企业,可再生能源发电项目业主、绿证交易主体、代理机构、重点用能单位、数据中心、电力用户和售电企业。,生产、发电或转化；购买或使用,可再生能源电力生产、月度绿证自动核发、绿证交易、绿色电力交易、绿色电力消费认定和绿证核销。,5.57,元/个绿证,2025年电量绿证单独交易均价为5.57元/个；2024年电量绿证均价为2.12元/个，2023年及以前电量绿证均价为0.72元/个。绿证按可再生能源电量环境属性核发，原则上1个绿证对应1000千瓦时可再生能源电量（来源：国家能源局2026年新闻稿；2017年绿证试行通知；2025年绿证市场高质量发展意见）。,绿证是可再生能源电力环境属性、生产和消费认定的凭证；制度推动绿证及时自动核发、跨省流通、绿色电力交易和强制与自愿消费相结合的绿色电力消费机制。,依据电网企业和电力交易机构提供的已建档立卡可再生能源发电项目月度结算电量，逐月统一批量自动核发绿证。,绿色电力消费认定基于绿证交易、认购、声明和核销记录；已声明完成绿色电力消费或超过有效期的绿证按规则核销，避免环境属性重复声明。,N/A,N/A,N/A,N/A,N/A,N/A,N/A,N/A,N/A,可交易可再生能源电力证书市场,N/A；绿证核发量随符合条件的可再生能源发电量确定，不设置固定排放总量上限。,依据电网企业和电力交易机构提供的月度结算电量，对已建档立卡的可再生能源发电项目逐月统一批量自动核发绿证；绿证通过全国统一的绿证交易体系、绿证交易平台和电力交易机构流通。,N/A；该工具核发的是可再生能源电力环境属性证书，不是免费排放配额。,N/A；绿证用于可再生能源电力生产和消费认定，不作为温室气体排放抵消额度。,与绿色电力交易、可再生能源电力消纳责任权重核算、绿色电力消费认证、企业碳排放核算和重点产品碳足迹核算衔接。,通过全生命周期闭环管理、核销机制、绿证价格监测和价格指数研究，引导绿证价格合理体现绿色电力环境价值，并减少重复计算和重复声明风险。,N/A,9.30亿个（2025年全国交易绿证；其中单独交易绿证6.80亿个，绿色电力交易绿证2.50亿个；来源：国家能源局2026年新闻稿）。,N/A,N/A,N/A,D35,CO2,正向,空气污染；能源安全；技术创新,关于促进可再生能源绿色电力证书市场高质量发展的意见,https://www.ndrc.gov.cn/xxgk/zcfb/tz/202503/t20250318_1396627.html,https://www.ndrc.gov.cn/xxgk/zcfb/tz/201702/t20170203_962895_ext.html; https://www.gov.cn/gongbao/2024/issue_11626/202410/content_6978630.html
CHNTRARECI02S000,工具,交易机制,可交易可再生能源证书/配额/RPS,能源,电力；可再生能源,可再生能源电力消纳责任权重制度,Renewable electricity consumption responsibility weight system,N/A,对各省（自治区、直辖市）设定可再生能源电力消纳责任权重，分为总量消纳责任权重和非水电消纳责任权重。电网企业、售电公司、直接交易用户、拥有自备电厂的企业等承担消纳责任。可再生能源绿色电力证书（绿证）作为电力消纳的核算凭证。国家能源局按年度监测和考核，对未完成目标的主体实行公开通报、责令补交绿证、纳入不良信用记录等惩戒措施；对超额完成的主体予以通报表扬和政策支持。,促进可再生能源电力规模化开发和消费利用；服务碳达峰碳中和目标,直接,需求侧,中国,国家,N/A,10/05/2019,01/01/2020,N/A,01/07/2025,国家发展改革委办公厅、国家能源局综合司发布关于2025年可再生能源电力消纳责任权重及有关事项的通知（发改办能源〔2025〕669号），下达2025年约束性可再生能源电力消纳责任权重、2026年预期性权重，并明确重点用能行业绿色电力消费比例及落实事项。,生效,国家发展和改革委员会；工业和信息化部；住房和城乡建设部；交通运输部；国家能源局,可再生能源电力消纳责任权重,新建；既有,各省（自治区、直辖市）可再生能源电力消纳责任权重，包括总量消纳责任权重（对应全部可再生能源电力消费）和非水电消纳责任权重（对应风、光等非水电可再生能源电力消费）。,N/A,农业用电和专用计量的供暖电量免于消纳责任权重考核。,企业,承担消纳责任的市场主体：电网企业、售电公司、通过电力市场直接购电的电力用户、拥有自备电厂的企业。省级能源主管部门承担消纳责任权重落实的牵头责任，电网企业承担经营区组织责任。,购买或使用；销售；生产、发电或转化,发电、售电、用电、自备电厂用电、可再生能源电力消纳。可再生能源消费相关交易：绿证交易、超额消纳量转让交易、绿证合规。跨省区可再生能源电力交易及绿证交易的信息报送。,各省级行政区域年度最低和激励性可再生能源电力消纳责任权重；责任主体消纳量按年售电量或年用电量乘以所在区域分配权重确定。,年度可再生能源电量占电力消费比重（%）,2019年通知规定按年度、按省级行政区域下达总量消纳责任权重和非水电消纳责任权重，并在省级实施方案中向市场主体分配消纳量；市场主体以实际消纳可再生能源电量为主，也可购买超额消纳量或认购绿证完成消纳量（来源：2019年消纳保障机制通知）。,各省（自治区、直辖市）须达到国务院能源主管部门下达的年度可再生能源电力消纳责任权重（总量权重和非水电权重），可根据需要设定激励性权重。承担消纳责任的市场主体须完成分解到自身的消纳量。未完成省级权重的，须通过绿证交易补足；连续两年未完成的，由国家发展改革委、国家能源局约谈该地区省级能源主管部门并通报，同时结转至下一年度且该年度权重指标不得转移。因自然原因导致可再生能源发电大幅减少的，经评估后考核时可相应核减。,省级可再生能源电力消纳责任权重核算——以本省区实际消纳的可再生能源电量为基数，跨省绿证交易纳入受端省核算、扣减售出省核算。计算公式及原则见办法附件2。,省级消纳责任权重由国务院能源主管部门按年度测算并下达，省级能源主管部门会同有关部门制定实施方案并分解落实到承担消纳责任的市场主体。市场主体以绿证为电力消纳核算凭证。2025年未完成的消纳责任权重允许结转至2026年补足。未完成消纳责任权重的，责令限期通过绿证交易等方式补足；逾期仍未完成的，由省级能源主管部门会同有关部门约谈、通报，纳入不良信用记录并加强重点监管。超额完成的予以通报表扬并优先给予政策支持。,N/A,N/A,N/A,N/A,N/A,N/A,N/A,N/A,N/A,可再生能源电力消纳量配额/RPS机制,年度消纳责任权重按省级行政区域下达；不是温室气体排放总量上限。,国务院能源主管部门按年度测算并下达省级消纳责任权重；省级能源主管部门会同有关部门制定实施方案，将消纳量分配给承担消纳责任的市场主体。,N/A；该制度分配的是可再生能源电力消纳责任，不是免费排放配额。,N/A；绿证和超额消纳量用于完成可再生能源电力消纳责任，不作为温室气体抵消额度。,CHNTRARECI01S000；与可再生能源绿色电力证书市场、电力交易机构、北京电力交易中心和广州电力交易中心组织的跨省超额消纳量转让或交易衔接。,国家按省级行政区域监测评价；自然原因或重大事故导致可再生能源发电量显著减少或送出受限时，在监测评价和市场主体考核中相应核减。,N/A,N/A,未履行消纳责任的市场主体由省级能源主管部门会同经济运行管理部门督促限期整改；未按期完成整改的依法依规处理，列入不良信用记录并予以联合惩戒。,N/A,N/A,D35,CO2,正向,空气污染；能源安全,关于建立健全可再生能源电力消纳保障机制的通知（发改能源〔2019〕807号）；可再生能源消费最低比重目标和可再生能源电力消纳责任权重制度实施办法（国家发展改革委令第42号）,https://www.ndrc.gov.cn/xxgk/zcfb/tz/201905/t20190515_962446.html,https://www.ndrc.gov.cn/xxgk/zcfb/tz/202503/t20250318_1396627.html; https://www.ndrc.gov.cn/xwdt/tzgg/202507/t20250711_1399143.html
CHNTRARECI03S000,工具,交易机制,可交易可再生能源证书/配额/RPS,能源,电力；可再生能源,重点用能行业可再生能源消费最低比重目标,Minimum renewable energy consumption proportion targets for key energy-using industries,N/A,对重点用能行业设定可再生能源消费最低比重目标，分为电力最低比重目标和非电力最低比重目标（涵盖可再生能源供热/制冷、可再生能源制氢/氨、生物质燃料等非电利用）。重点用能行业企业可通过可再生能源电力自发电自用、绿证绿电交易、超额消纳量转让等方式完成电力最低比重目标，通过可再生能源供热/制冷、制氢/氨、生物质综合燃料利用等方式完成非电力最低比重目标。未完成最低比重目标的，责令限期通过绿证交易等方式补足；逾期仍未完成的予以约谈、通报，纳入不良信用记录并加强重点监管。超额完成的予以通报表扬并优先给予政策支持。2026年8月1日起施行（国家发展改革委令第42号）。,促进重点用能行业可再生能源消费利用；服务碳达峰碳中和目标,直接,需求侧,中国,国家,N/A,05/06/2026,01/08/2026,N/A,N/A,N/A,生效,国家发展和改革委员会；工业和信息化部；住房和城乡建设部；交通运输部；国家能源局,重点用能行业可再生能源消费最低比重目标,新建；既有,重点用能行业可再生能源消费最低比重目标，包括电力最低比重目标和非电力最低比重目标（可再生能源供热/制冷、制氢/氨、生物质综合燃料利用等）。,N/A,N/A,企业,重点用能行业企业承担可再生能源消费最低比重目标的落实责任。,购买或使用；生产、发电或转化,可再生能源电力自发电自用、绿证绿电交易、超额消纳量转让。可再生能源非电利用消费（供热/制冷、制氢/氨、生物质综合燃料利用等）。,重点用能行业年度可再生能源消费最低比重目标；具体最低比重值由相关部门按行业分类核定。,年度可再生能源消费比重（%）,电力最低比重目标以绿证为核算凭证，涵盖企业通过自发电自用、绿证绿电交易、超额消纳量转让等方式完成的可再生能源电力消费。非电力最低比重目标涵盖供热/制冷、制氢/氨、生物质综合燃料利用等非电利用方式（来源：2026年国家发展改革委令第42号）。,重点用能行业企业须达到行业可再生能源消费最低比重目标（电力比重和非电力比重）。企业可再生能源电力消费以绿证为核算凭证。未完成最低比重目标的，责令限期通过绿证交易等方式补足；逾期仍未完成的，由省级能源主管部门会同有关部门约谈、通报，纳入不良信用记录并加强重点监管。超额完成的予以通报表扬并优先给予政策支持。,重点用能行业可再生能源消费最低比重核算——企业可再生能源非电消费比重=（企业消费的可再生能源非电利用量+企业消费的可再生能源非电利用产量）/企业非电能源消费总量。非电利用量涵盖可再生能源供热/制冷、制氢/氨、生物质综合燃料利用等，计算细则见办法附件1。电力消费比重以绿证为核算凭证。,重点用能行业可再生能源消费最低比重目标由国务院能源主管部门会同有关部门按年度核定并下达，省级相关主管部门会同有关部门制定实施方案并分解落实到重点用能行业企业。,N/A,N/A,N/A,N/A,N/A,N/A,N/A,N/A,N/A,可再生能源消纳量配额/RPS机制——重点用能行业最低比重目标,重点用能行业年度可再生能源消费最低比重目标；不是温室气体排放总量上限。,国务院能源主管部门会同有关部门按年度核定并下达重点用能行业可再生能源消费最低比重目标；省级相关主管部门会同有关部门将目标分解落实到重点用能行业企业。,N/A；该制度分配的是可再生能源消费最低比重目标，不是免费排放配额。,N/A；绿证和超额消纳量用于完成可再生能源消费比重目标，不作为温室气体抵消额度。,CHNTRARECI02S000；CHNTRARECI01S000；绿证交易市场和超额消纳量转让交易衔接。,N/A,N/A,N/A,未达到最低比重目标的企业由省级相关主管部门督促限期整改；未按期完成整改的依法依规处理，列入不良信用记录并予以联合惩戒。,N/A,N/A,D35,CO2,正向,空气污染；技术创新,可再生能源消费最低比重目标和可再生能源电力消纳责任权重制度实施办法（国家发展改革委令第42号）,https://www.ndrc.gov.cn/xxgk/zcfb/fzggwl/202606/t20260612_1405837.html,https://www.ndrc.gov.cn/xxgk/zcfb/fzggwl/202606/t20260612_1405837.html
CHNTRATPSI01S000,工具,交易机制,可交易绩效标准,交通,道路交通,乘用车企业平均燃料消耗量与新能源汽车积分并行管理办法,Passenger vehicle CAFC and NEV dual-credit trading scheme,N/A,该办法建立平均燃料消耗量积分和新能源汽车积分并行管理的可交易绩效标准机制。企业按年度形成 CAFC 正/负积分和 NEV 正/负积分，并通过结转、转让、购买、积分池等方式完成负积分抵偿和合规。,能源效率；工业发展,直接,供给侧,中国,国家,N/A,27/09/2017,01/04/2018,N/A,07/11/2025,工业和信息化部2025年11月7日印发2026—2027年度积分管理事项通知，规定2026、2027年度新能源汽车积分比例分别为48%和58%，明确低油耗乘用车核算倍数、新能源车型积分计算方法和循环外节能技术减免衔接安排。,生效,工业和信息化部；财政部；商务部；海关总署；市场监管总局,道路运输车辆,新建,在中国境内销售的乘用车，包括境内生产和进口乘用车；父工具覆盖 CAFC 和 NEV 两类积分。,N/A,年度生产量或者进口量达到2000辆及以上的乘用车企业纳入积分核算。,企业,中国境内乘用车生产企业和进口乘用车供应企业。,生产、销售或进口,乘用车生产、进口和销售，以及 CAFC/NEV 积分核算、结转、转让、交易、积分池管理和负积分抵偿。,N/A,N/A,父工具包含两个积分子方案：CAFC 子方案使用燃料消耗量目标核算，NEV 子方案使用年度新能源汽车积分比例核算；最新通知规定2026、2027年度 NEV 积分比例分别为48%和58%（来源：工信部2025年通知）。,乘用车企业应分别满足平均燃料消耗量积分和新能源汽车积分要求；负积分应按办法规定抵偿归零。,CAFC 积分按企业平均燃料消耗量达标值与实际值之差乘以企业乘用车核算数量计算。,NEV 积分目标值由传统能源乘用车核算数量乘以年度新能源汽车积分比例确定；实际值与目标值之差形成正/负积分。,N/A,N/A,N/A,N/A,N/A,N/A,N/A,N/A,N/A,可交易绩效标准；乘用车企业平均燃料消耗量积分和新能源汽车积分并行管理机制。,未设置固定绝对总量上限；合规义务由企业燃料消耗量达标值、新能源汽车积分比例和企业生产/进口规模共同决定。,积分由企业车型燃料消耗量表现、新能源汽车车型积分和年度生产/进口量核算产生；正积分可按办法结转、转让、交易或进入积分池。,不适用；该制度不分配免费配额，积分由企业绩效核算产生。,允许。CAFC 负积分可按规则使用 CAFC 正积分和 NEV 正积分抵偿；NEV 负积分主要通过购买 NEV 正积分抵偿。,N/A,2023年修订建立新能源汽车积分池管理制度；CAFC 正积分也有结转和关联企业转让规则。,N/A,N/A,负积分未抵偿归零的企业需提交调整计划，并可能受到车型公告、产品申报或进口管理限制；弄虚作假、拒不配合核查等按办法处理。,N/A,N/A,C29; G45,CO2,正向,空气污染；能源供应安全；技术创新；工业发展,乘用车企业平均燃料消耗量与新能源汽车积分并行管理办法,https://www.gov.cn/zhengce/2022-11/27/content_5722693.htm,https://www.gov.cn/zhengce/content/2017-09/28/content_5228217.htm; https://www.gov.cn/zhengce/zhengceku/2020-06/22/content_5521144.htm; https://wap.miit.gov.cn/jgsj/zbys/gzdt/art/2023/art_02e935e2cce74be4a641d7b8ca5621b4.html; https://www.miit.gov.cn/zwgk/zcwj/wjfb/tz/art/2025/art_c22055da7deb48c397ad16247beaff22.html; https://news.qq.com/rain/a/20240412A06XQR00
CHNTRATPSI01S001,子方案,交易机制,可交易绩效标准,交通,道路交通,乘用车企业平均燃料消耗量积分子方案,Passenger vehicle corporate average fuel consumption credit subscheme,乘用车企业平均燃料消耗量与新能源汽车积分并行管理办法,该子方案对乘用车企业平均燃料消耗量进行年度核算，形成 CAFC 正积分或负积分，并规定结转、转让和负积分抵偿规则。,能源效率,直接,供给侧,中国,国家,N/A,27/09/2017,01/04/2018,N/A,07/11/2025,工业和信息化部2025年11月7日通知规定2026—2027年度 CAFC 相关核算安排：小规模企业 CAFC 达标值放宽条件、低油耗乘用车按0.1倍核算、循环外节能技术减免继续衔接执行。,生效,工业和信息化部；财政部；商务部；海关总署；市场监管总局,道路运输车辆,新建,传统能源乘用车和纳入企业平均燃料消耗量核算的乘用车车型。,N/A,年度生产量或者进口量达到2000辆及以上的乘用车企业纳入标准核算。,企业,中国境内乘用车生产企业和进口乘用车供应企业。,生产、销售或进口,企业乘用车生产、进口和销售形成的平均燃料消耗量核算活动。,N/A,L/100 km,企业层面强度由车型燃料消耗量目标值和实际值按产量或进口量加权核算；办法未给出单一固定强度值。,企业平均燃料消耗量实际值低于达标值产生正积分，高于达标值产生负积分；负积分应按办法规定抵偿归零。,企业平均燃料消耗量实际值为各车型燃料消耗量与对应产量或进口量加权平均。,CAFC 积分为企业平均燃料消耗量达标值与实际值之差，乘以企业乘用车生产量或进口量。,N/A,N/A,N/A,N/A,N/A,N/A,N/A,N/A,N/A,CAFC 可交易/可转让绩效积分子方案。,未设置固定绝对总量上限；企业义务由平均燃料消耗量达标值和企业生产/进口规模决定。,CAFC 正/负积分由企业平均燃料消耗量达标值和实际值核算产生；正积分可结转或在关联企业间转让。,不适用；积分由企业燃料消耗量绩效核算产生。,允许。CAFC 负积分可使用本企业结转或受让的 CAFC 正积分、NEV 正积分等方式抵偿。,与 NEV 积分子方案联动，NEV 正积分可用于抵偿 CAFC 负积分。,CAFC 正积分设置结转和关联企业转让规则；可由 NEV 正积分抵偿负积分。,N/A,N/A,CAFC 负积分未抵偿归零的企业需提交调整计划，并可能受到车型公告、产品申报或进口管理限制。,N/A,N/A,C29; G45,CO2,正向,空气污染；能源供应安全；技术创新,乘用车企业平均燃料消耗量与新能源汽车积分并行管理办法,https://www.gov.cn/zhengce/2022-11/27/content_5722693.htm,https://www.gov.cn/zhengce/content/2017-09/28/content_5228217.htm; https://www.gov.cn/zhengce/zhengceku/2020-06/22/content_5521144.htm; https://wap.miit.gov.cn/jgsj/zbys/gzdt/art/2023/art_02e935e2cce74be4a641d7b8ca5621b4.html; https://www.miit.gov.cn/zwgk/zcwj/wjfb/tz/art/2025/art_c22055da7deb48c397ad16247beaff22.html; https://news.qq.com/rain/a/20240412A06XQR00
CHNTRATPSI01S002,子方案,交易机制,可交易绩效标准,交通,道路交通,乘用车企业新能源汽车积分子方案,Passenger vehicle new energy vehicle credit subscheme,乘用车企业平均燃料消耗量与新能源汽车积分并行管理办法,该子方案要求乘用车企业按年度新能源汽车积分比例形成目标值，并按车型积分和产量或进口量核算实际值；正积分可交易，负积分需购买正积分等方式抵偿。,工业发展；能源效率,直接,供给侧,中国,国家,N/A,27/09/2017,01/04/2018,N/A,07/11/2025,工业和信息化部2025年11月7日通知规定2026年度、2027年度新能源汽车积分比例要求分别为48%和58%，并明确2026—2027年度新能源乘用车车型积分按照附件计算方法确定。,生效,工业和信息化部；财政部；商务部；海关总署；市场监管总局,道路运输车辆,新建,符合办法规定的纯电动乘用车、插电式混合动力乘用车和燃料电池乘用车。,N/A,对年度传统能源乘用车生产量或者进口量达到规定规模的企业核算新能源汽车积分比例要求。,企业,中国境内乘用车生产企业和进口乘用车供应企业。,生产、销售或进口,新能源乘用车生产、进口和销售，以及 NEV 积分目标值、实际值、交易和积分池管理。,48; 58,占传统能源乘用车核算数量的比例,2026年度、2027年度新能源汽车积分比例要求分别为48%和58%（来源：工信部2025年通知）。,企业新能源汽车积分实际值应不低于目标值；负积分应通过购买 NEV 正积分等方式抵偿归零。,NEV 积分实际值为各新能源汽车车型积分与对应生产量或进口量乘积之和。,NEV 积分目标值为传统能源乘用车核算数量与年度新能源汽车积分比例要求的乘积。,N/A,N/A,N/A,N/A,N/A,N/A,N/A,N/A,N/A,NEV 可交易绩效积分子方案。,未设置固定绝对总量上限；年度目标由传统能源乘用车核算数量与 NEV 积分比例要求决定。,NEV 正/负积分由企业新能源乘用车车型积分和生产/进口量核算产生；NEV 正积分可交易，并可按规则储存至或提取自积分池。,不适用；积分由企业新能源汽车生产/进口绩效核算产生。,允许。NEV 负积分通过购买 NEV 正积分等方式抵偿；NEV 正积分也可用于抵偿 CAFC 负积分。,与 CAFC 积分子方案联动，NEV 正积分可用于抵偿 CAFC 负积分。,2023年修订建立新能源汽车积分池管理制度，用于调节积分供需。,N/A,N/A,NEV 负积分未抵偿归零的企业需提交调整计划，并可能受到车型公告、产品申报或进口管理限制。,N/A,N/A,C29; G45,CO2,正向,空气污染；能源供应安全；技术创新；工业发展,乘用车企业平均燃料消耗量与新能源汽车积分并行管理办法,https://www.gov.cn/zhengce/2022-11/27/content_5722693.htm,https://www.gov.cn/zhengce/content/2017-09/28/content_5228217.htm; https://www.gov.cn/zhengce/zhengceku/2020-06/22/content_5521144.htm; https://wap.miit.gov.cn/jgsj/zbys/gzdt/art/2023/art_02e935e2cce74be4a641d7b8ca5621b4.html; https://www.miit.gov.cn/zwgk/zcwj/wjfb/tz/art/2025/art_c22055da7deb48c397ad16247beaff22.html; https://news.qq.com/rain/a/20240412A06XQR00
CHNSUBTISI01S000,工具,补贴,以旧换新补贴,交通,水路运输；内河航运；沿海航运,老旧营运船舶报废更新补贴,Old operating ship scrapping and renewal subsidy,大规模设备更新和消费品以旧换新,交通运输部、国家发展改革委依据国务院推动大规模设备更新和消费品以旧换新行动方案（国发〔2024〕7号）制定实施细则（交办水〔2024〕60号），对符合条件的船龄老旧营运船舶（沿海运输船≥20年、内河运输船≥15年）报废拆解，并按新建船舶类型和燃料类型给予一次性定额补贴。补贴标准：新建LNG动力船舶约1200-2200元/总吨（视船型和航线）；新建电动船舶约1800-3500元/总吨；新建甲醇动力船舶约1000-1500元/总吨；新建柴油动力船舶按低一档标准。仅报废不新建的，按新建同型补贴标准的50%给予一次性报废补贴。该政策通过加速淘汰高能耗、高排放老旧船舶，推进航运业绿色低碳转型。实施期限至2028年12月31日。,绿色经济；减缓气候变化；能源效率,直接,供给侧,中国,国家,N/A,07/03/2024,01/04/2024,31/12/2028,N/A,N/A,生效,交通运输部（主管船舶报废更新资格审核和运输许可）；国家发展改革委（主管投资计划和政策协调）；财政部（主管补贴资金管理）；省级交通运输和财政主管部门；中国船级社（船舶检验和拆解确认）,水上船舶,既有,符合条件的船龄老旧营运船舶：沿海运输船舶船龄≥20年；内河运输船舶船龄≥15年。船舶须具有有效的船舶检验证书和船舶营运证书，且在中国境内登记注册。船舶须在交通运输主管部门认可的拆船厂进行拆解。新造船舶须为中国境内登记注册的营运船舶，可使用LNG、电力、甲醇或节能柴油等动力。,N/A,沿海运输船舶船龄≥20年；内河运输船舶船龄≥15年。船舶须为取得有效证书的营运船舶。淘汰船舶须完成拆解并出具拆解证明。,企业,持有有效水路运输经营许可证的航运企业（船舶所有人或经营人）。包括从事沿海和内河客货运输的国有和民营航运企业。,处置、收集或分类（消费后）；购买或使用,船东将符合船龄条件的老旧营运船舶送至交通运输主管部门认可的拆船厂进行报废拆解，取得船舶拆解证明后，购买新建符合规定的营运船舶并取得船舶检验证书，向当地交通运输主管部门申请补贴。仅报废不新建的，报废拆解后直接申请一次性报废补贴。,1200-3500,元/总吨,补贴标准按交通运输部交办水〔2024〕60号实施细则执行：新建LNG动力船舶约1200-2200元/总吨（视船型和航线）；新建电动船舶约1800-3500元/总吨；新建甲醇动力船舶约1000-1500元/总吨；新建柴油动力船舶按低一档标准执行。仅报废不新建的，按新建同型船舶补贴标准的50%给予一次性报废补贴。来源：交办水〔2024〕60号。,船东须向当地交通运输主管部门提交老旧营运船舶报废更新补贴申请，提供船舶所有权证书、船舶检验证书、水路运输经营许可证、拆船厂出具的船舶拆解证明（如报废拆解）、新建船舶检验证书（如更新建造）。报废船舶须在交通运输主管部门认可的拆船厂完成拆解。新建船舶须符合国家船舶技术标准，清洁能源船舶优先支持。船舶报废更新完成后须通过主管部门审核验收。,N/A,补贴金额按新建船舶总吨×对应船型和燃料类型的补贴标准计算。仅报废不新建的，按报废船舶总吨×对应新建同型补贴标准×50%计算。船龄认定以船舶检验证书载明的建造日期为准。补贴申请由当地交通运输主管部门审核、公示后拨付。,N/A,N/A,N/A,N/A,按船舶总吨和燃料类型确定：LNG动力船约1200-2200元/总吨；电动船约1800-3500元/总吨；甲醇动力船约1000-1500元/总吨。仅报废不新建的按上述标准的50%。未设单船补贴总额上限，船舶补贴上限取决于船舶总吨规模。,N/A,中央财政安排补贴资金，通过转移支付方式拨付至省级财政。船东向当地交通运输主管部门提出申请，经审核验收、公示无异议后，由财政部门将补贴资金拨付至船东企业账户。实行'先拆解后补贴'或'先新建后补贴'的项目制管理。,自2024年4月实施至2028年12月31日。补贴申请须在政策有效期内提交，报废拆解和新建建造须在规定期限内完成。,交通运输主管部门负责船舶拆解和新建的审核验收。对提交虚假材料、骗取补贴资金的，追回已拨付补贴，并依法追究责任。拆船厂须具备交通运输主管部门认可的资质。省级交通运输和财政主管部门负责组织抽查和监督管理。,N/A,N/A,N/A,N/A,N/A,N/A,N/A,N/A,N/A,N/A,N/A,N/A,H50,CO2,正向,空气污染；能源供应安全；技术创新；产业发展,交通运输老旧营运船舶报废更新补贴实施细则（交办水〔2024〕60号）；推动大规模设备更新和消费品以旧换新行动方案（国发〔2024〕7号）,https://xxgk.mot.gov.cn/2020/jigou/syj/202404/t20240403_4137500.html,https://www.gov.cn/zhengce/content/202403/content_6939136.htm; https://www.ndrc.gov.cn/xxgk/zcfb/tz/202404/t20240409_1364672.html
CHNSUBTISI02S000,工具,补贴,以旧换新补贴,农业、林业和其他土地利用,农业机械,农业机械报废更新补贴,Agricultural machinery scrapping and renewal subsidy,大规模设备更新和消费品以旧换新,农业农村部办公厅、财政部办公厅依据国务院推动大规模设备更新和消费品以旧换新行动方案（国发〔2024〕7号）印发关于加大工作力度持续实施好农业机械报废更新补贴政策的通知（农办机〔2024〕4号），对从事农业生产的个人和农业生产经营组织报废老旧农业机械并新购置农业机械给予定额补贴。补贴范围包括拖拉机、联合收割机、播种机、插秧机、农用北斗终端、农用无人机等类别。补贴实行'报废—注销—更新—补贴'流程：旧机须在农机安全监理机构办理注销登记并在具有资质的报废回收企业拆解，新购机须符合国家农机产品鉴定标准并在规定产品目录内。报废补贴和更新补贴可叠加享受。农机报废更新补贴由中央和地方财政共同承担，中央财政在农机购置与应用补贴资金中统筹安排。该政策旨在加速淘汰高能耗、高排放老旧农机，促进农业机械化和农机装备转型升级。,绿色经济；能源效率；工业发展,间接,供给侧,中国,国家,N/A,07/03/2024,01/04/2024,N/A,N/A,N/A,生效,农业农村部（主管农机报废更新政策制定和指导实施）；财政部（主管补贴资金管理）；省级农业农村和财政主管部门；县级农业农村（农机）主管部门；农机安全监理机构；农机报废回收企业,农业或林业机械及其零件,既有,符合报废条件的在用老旧农业机械，主要包括拖拉机、联合收割机、播种机、插秧机、水稻插秧机、机动喷雾（粉）机、农用北斗终端、农用无人机等。农机须已在县级农机安全监理机构注册登记，达到报废年限或虽未达到报废年限但经安全技术检验不合格。报废农机须在农业农村部门认定的报废回收企业进行拆解销毁。新购农机须符合国家标准并通过农机产品鉴定。,N/A,拖拉机：大型≥15年、中小型≥10年；联合收割机≥12年；播种机、插秧机≥10年；其他农机按农业农村部规定的报废技术条件。未达报废年限但经检验不合格或严重损坏无法修复的也可提前报废。,个人；企业,从事农业生产的个人（农户）和农业生产经营组织（包括农村集体经济组织、农民专业合作社、农业企业和其他从事农业生产经营的组织）。补贴申领人须为报废农机的合法所有人，且新购农机须由其本人或本组织使用。,处置、收集或分类（消费后）；购买或使用,农机所有人将老旧农机交由农业农村部门认定的报废回收企业进行拆解销毁，在农机安全监理机构办理注销登记，凭农业机械报废回收证明和注销证明申请报废补贴。新购符合国家产品鉴定标准的农业机械后，可叠加申请更新（购置）补贴。,N/A,N/A,农机报废更新补贴由中央财政农机购置与应用补贴资金统筹安排，各省在国家指导意见框架内根据本地实际分类确定具体补贴标准。中央财政对农机报废补贴实行定额补贴，如拖拉机报废补贴约3000-15000元/台（视机型和功率），联合收割机约5000-20000元/台，插秧机约2000-8000元/台。具体补贴标准由各省发布。更新补贴按农机购置与应用补贴政策执行。来源：农办机〔2024〕4号；各省农机报废更新实施方案。,实行'报废—注销—更新—补贴'流程。旧农机须在农业农村部门认定的报废回收企业拆解销毁，在县级农机安全监理机构办理注销登记。新购农机须符合国家标准（GB 16151、GB/T 5667等）且在产品目录内。补贴申请须向县级农业农村（农机）主管部门提交旧机回收证明、注销登记证明、新机购置发票和身份证/营业执照。报废补贴和更新补贴可叠加享受。,N/A,报废补贴：按报废农机类别、型号和功率对应的省级定额标准计算。更新补贴：按新购农机购置价格和农机购置与应用补贴政策规定的补贴比例或定额计算。补贴由县级农业农村和财政部门审核、公示、拨付。,N/A,N/A,N/A,N/A,报废补贴按农机类别和功率实行定额补贴（如拖拉机约3000-15000元/台、联合收割机约5000-20000元/台）。更新补贴按农机购置与应用补贴政策标准执行（一般为购机价格的15%-30%，单机上限5万-60万元不等）。报废补贴和更新补贴可叠加享受，但同一农机不得重复享受报废补贴。,N/A,中央财政通过农机购置与应用补贴资金渠道统筹安排报废更新补贴资金，拨付至省级财政。省级财政细化至县级。农户向县级农业农村（农机）主管部门申请，经审核验收（旧机拆解确认、新机核实）、村级或县级公示无异议后，由财政部门通过'一卡通'或银行转账方式将补贴资金拨付至申请人账户。,自2024年起作为长期性政策持续实施。农办机〔2024〕4号未规定终止期限，要求'持续实施好'。各省根据中央年度资金安排和本地实际制定年度实施方案。,县级农业农村（农机）主管部门负责核查旧机拆解销毁和新机购置情况；农机安全监理机构负责注销登记。发现虚假报废、重复申领补贴、倒卖报废农机或骗取补贴资金的，追回补贴资金并依法追究责任。报废回收企业违规的取消认定资格。省级农业农村和财政部门组织抽查。,N/A,N/A,N/A,N/A,N/A,N/A,N/A,N/A,N/A,N/A,N/A,N/A,A01,CO2,正向,空气污染；能源供应安全；技术创新；产业发展,关于加大工作力度持续实施好农业机械报废更新补贴政策的通知（农办机〔2024〕4号）；推动大规模设备更新和消费品以旧换新行动方案（国发〔2024〕7号）,https://www.moa.gov.cn/govpublic/NYJXHGLS/202404/t20240430_6454600.htm,https://www.gov.cn/zhengce/content/202403/content_6939136.htm; https://www.ndrc.gov.cn/xxgk/zcfb/tz/202404/t20240409_1364672.html
CHNSUBTISI03S000,工具,补贴,以旧换新补贴,建筑,家用电器；居民用电,家电以旧换新补贴,Home appliances trade-in subsidy,大规模设备更新和消费品以旧换新,商务部等13部门依据国务院推动大规模设备更新和消费品以旧换新行动方案（国发〔2024〕7号）联合印发关于促进家电以旧换新进一步释放消费潜力的通知（商消费发〔2024〕18号），对消费者交售旧家电并购买符合能效等级要求的新家电，给予成交价格一定比例的立减补贴。补贴品类包括空调、电冰箱（含冰柜）、洗衣机（含干衣机）、电视机、热水器（含燃气热水器、太阳能热水器）、吸油烟机、燃气灶、电脑、净水器等主要家用电器。补贴标准一般为新家电销售价格的10%-20%，单件最高补贴金额约500-2000元（视品类和能效等级）。1级能效家电享受更高补贴比例。补贴资金由中央和地方财政共同承担。该政策通过加速高能耗老旧家电淘汰，推动居民家庭用能设备能效提升。,绿色经济；能源效率；经济增长,间接,需求侧,中国,国家,N/A,07/03/2024,01/04/2024,N/A,N/A,N/A,生效,商务部（主管家电以旧换新政策协调和组织实施）；财政部（主管补贴资金管理）；国家发展改革委；工业和信息化部；市场监管总局；省级商务、财政主管部门；参与活动的家电销售企业和回收企业,家用电器及其零件,既有,符合条件的九大类主要家用电器：空调（含中央空调）、电冰箱（含冰柜）、洗衣机（含干衣机）、电视机、热水器（含燃气热水器、电热水器、太阳能热水器）、吸油烟机、燃气灶、电脑（含台式机和笔记本）、净水器。各省可根据实际增加品类。新购家电须达到2级及以上能效（水效）等级，1级能效产品享受更高补贴比例。旧家电须为消费者自有且在用的产品。,N/A,旧家电无严格年限要求，但须为消费者家庭在用的产品，由回收企业上门回收或消费者交售至指定回收点。新购家电须达到2级及以上能效（水效）标准，须为在中国境内销售的正规渠道产品。,个人,中国境内居民家庭的个人消费者。消费者须通过指定销售渠道（参与活动的线上线下家电销售企业）交售旧家电并购买新家电。每人每类家电限享受一次补贴。,处置、收集或分类（消费后）；购买或使用,消费者将家庭在用的旧家电交售至参与活动的家电回收企业或销售企业（通常为上门回收或到店交售），同时（或随后）在参与活动的销售企业购买符合能效要求的新家电。补贴以'立减'方式在支付环节直接抵扣新机购买价款。旧家电由回收企业按国家废弃电器电子产品处理规定进行环保拆解和资源化利用。,10-20,% 新家电销售价格,补贴比例一般为新家电销售价格的10%-20%，具体标准：1级能效产品补贴15%-20%；2级能效产品补贴10%-15%。单件最高补贴金额因品类而异，一般为500-2000元。中央财政和地方财政按比例分担（东部地区中央50%/地方50%，中西部地区中央60%/地方40%，特殊困难地区中央70%/地方30%）。来源：商消费发〔2024〕18号；商务部、财政部相关实施细则。,消费者须在参与活动的销售企业（线上或线下）购买新家电，同时交售旧家电。新购家电须达到2级及以上能效（水效）等级，并须在政策规定的产品目录内。消费者须通过指定渠道（如云闪付APP、微信小程序或门店POS）实名认证并领取补贴资格。补贴以支付立减方式即时抵扣，不得以现金形式发放。商家须核实消费者身份、旧家电信息和销售真实性。,N/A,补贴金额=新家电实际成交价格（不含税）×对应能效等级的补贴比例，且不超过品类单件最高补贴限额。消费者实际支付金额=成交价格-补贴金额。补贴资金由销售企业先行垫付，再向地方商务和财政部门申报结算。,N/A,N/A,N/A,N/A,补贴比例为销售价格的10%-20%。单品最高补贴500-2000元（视品类和能效等级）。每名消费者每类家电限享受一次补贴。参与企业单品类补贴总额和全品类补贴总额由地方商务部门按年度预算控制。,N/A,中央财政和地方财政按比例分担补贴资金。消费者在购买环节通过'立减'方式享受补贴。参与活动的家电销售企业先行垫付补贴金额，定期向地方商务和财政部门提交消费者实名信息、旧家电回收证明、销售发票等资料申报结算。地方商务和财政部门审核后拨付补贴资金至企业账户。旧家电由指定回收企业负责环保拆解。,自2024年4月实施，未规定终止期限。中央财政按年度和批次安排补贴资金额度。各省根据本地消费市场和财政状况确定具体实施周期和批次。,地方商务和财政部门负责审核销售企业提交的补贴申领资料。市场监管部门负责监督产品质量和能效标识真实性。对虚假销售、虚标能效、伪造旧家电回收记录、套取补贴资金的企业和消费者，追回已拨付补贴，取消参与资格并依法追究责任。建立信息公开和投诉举报机制。,N/A,N/A,N/A,N/A,N/A,N/A,N/A,N/A,N/A,N/A,N/A,N/A,G47,CO2,正向,空气污染；能源供应安全；产业发展,关于促进家电以旧换新进一步释放消费潜力的通知（商消费发〔2024〕18号）；推动大规模设备更新和消费品以旧换新行动方案（国发〔2024〕7号）,https://www.gov.cn/zhengce/zhengceku/202404/content_6943188.htm,https://www.gov.cn/zhengce/content/202403/content_6939136.htm
CHNSUBCLGI01S000,工具,补贴,优惠贷款、贷款担保和信用支持,跨部门,绿色金融；绿色信贷；绿色债券,中期借贷便利（MLF）绿色担保品范围扩容,MLF green collateral eligibility expansion,N/A,中国人民银行扩大中期借贷便利（MLF）担保品范围，将不低于AA级的绿色金融债券和优质绿色贷款纳入合格担保品范围。该安排提高符合条件绿色金融资产在央行中期流动性操作中的可用性和融资支持价值。,绿色经济,间接,环境,中国,国家,N/A,01/06/2018,01/06/2018,N/A,N/A,N/A,生效,中国人民银行,绿色金融债券；绿色贷款,既有,MLF操作合格担保品：不低于AA级的绿色金融债券和优质绿色贷款。,N/A,绿色金融债券评级不低于AA级；绿色贷款须为优质贷款。,企业,参与MLF操作的金融机构，特别是持有或发放合格绿色金融资产的商业银行。,担保品接受和信贷支持,将绿色金融债券和绿色贷款接受为央行中期借贷便利操作的合格担保品。,N/A,N/A,该通知调整担保品资格，不设置单位补贴率或排放强度。,新纳入不低于AA级的绿色金融债券和优质绿色贷款作为MLF合格担保品。,N/A,N/A,N/A,N/A,N/A,N/A,N/A,N/A,通过人民银行MLF操作中的担保品资格实施；符合条件金融机构以合格担保品参与MLF借款。,通知未明确规定。,人民银行通过MLF操作规则和担保品审核接受机制执行。,N/A,N/A,N/A,N/A,N/A,N/A,N/A,N/A,N/A,N/A,N/A,N/A,K64,CO2,正向,能源供应安全；工业发展,中国人民银行决定适当扩大中期借贷便利（MLF）担保品范围,https://www.pbc.gov.cn/zhengcehuobisi/125207/125213/125437/125446/125873/3d10b70283e3479bb6b4b55a38a48399/index.html,N/A
CHNSUBCLGI02S000,工具,补贴,优惠贷款、贷款担保和信用支持,跨部门,绿色金融；绿色信贷；碳减排项目,碳减排支持工具,Carbon emission reduction support tool,N/A,中国人民银行向发放碳减排重点领域贷款的金融机构提供低成本资金。该工具采取“先贷后借”机制：金融机构发放合格碳减排贷款后，可按贷款本金的60%向人民银行申请资金支持。,绿色经济；减缓气候变化,间接,环境,中国,国家,N/A,08/11/2021,08/11/2021,31/12/2027,15/01/2026,修订来源记录碳减排支持工具延续至2027年末。2026年1月15日人民银行来源还披露，该工具支持领域拓展，全年操作量不超过8000亿元。,生效,中国人民银行,碳减排贷款,新建,合格金融机构向碳减排重点领域企业发放的贷款，重点领域包括清洁能源、节能环保和碳减排技术。,N/A,人民银行资金支持额度为合格碳减排贷款本金的60%。,企业,发放碳减排贷款的合格金融机构，以及获得合格碳减排项目贷款的企业。,碳减排贷款发放和再贷款资金支持,金融机构先发放合格碳减排贷款，再按“先贷后借”机制向人民银行申请低成本资金支持。,1.75,% 年利率,来源：人民银行2021年11月推出该工具时披露，向金融机构提供资金的利率为1.75%；支持额度为合格碳减排贷款本金的60%。,金融机构自主决策、自担风险；合格贷款须投向碳减排重点领域，并按要求披露贷款和碳减排效应信息、接受核验。,人民银行支持额度 = 合格碳减排贷款本金的60%。,贷款合格性依据人民银行规定的碳减排重点领域和项目信息要求进行审核。,N/A,N/A,N/A,N/A,来源：2026年1月15日人民银行；合格贷款本金的60%；全年操作量不超过8000亿元,人民银行资金利率1.75%；支持额度为合格贷款本金的60%。,先贷后借：金融机构先发放合格碳减排贷款，再向人民银行申请低成本资金支持。,人民银行资金期限1年，可展期2次；该工具已延续至31/12/2027。,人民银行开展合格性审核，并通过贷款和碳减排信息披露、第三方核验碳减排效果等机制执行。,N/A,N/A,N/A,N/A,N/A,N/A,N/A,N/A,N/A,N/A,N/A,N/A,K64,CO2,正向,空气污染；能源供应安全；技术创新；工业发展,碳减排支持工具,https://www.pbc.gov.cn/goutongjiaoliu/113456/113469/2025092212552065420/index.html,https://www.pbc.gov.cn/goutongjiaoliu/113456/113469/2026011515253112924/index.html
CHNSUBCLGI03S000,工具,补贴,优惠贷款、贷款担保和信用支持,跨部门,设备更新；绿色金融；技术改造,设备更新贷款财政贴息,Fiscal interest subsidy for equipment renewal loans,大规模设备更新和消费品以旧换新政策,中国对符合条件的设备更新贷款给予中央财政贴息支持，降低经营主体开展设备更新和技术改造的融资成本。2024年政策对合格设备更新贷款本金贴息1个百分点、期限不超过2年；2026年优化政策拓展支持领域，将设备更新项目相关固定资产贷款和科技创新、技术改造再贷款政策支持的2026年起新发放科技创新类贷款纳入支持，贴息提高至1.5个百分点，并明确财政贴息不再以贷款获得再贷款支持为前提。,绿色经济；经济增长；能源效率,间接,环境,中国,国家,N/A,21/06/2024,07/03/2024,31/12/2026,19/01/2026,2026年优化实施通知自2026年1月1日起施行，扩大支持范围和支持领域，将贴息提高至1.5个百分点，增加经办银行，优化贴息流程，并规定与2024年通知不一致的以2026年通知为准。,生效,财政部；国家发展改革委；中国人民银行；金融监管总局；相关行业主管部门,设备更新固定资产贷款；科技创新类贷款,新建；既有,经营主体用于设备更新和技术改造项目的合格银行贷款。2026年通知覆盖设备更新项目相关固定资产贷款，以及科技创新和技术改造再贷款政策支持的、银行2026年起新发放的科技创新类贷款。,N/A,合格贷款须支持政策覆盖的设备更新领域；2026年政策实施至31/12/2026，后续可视情延长。,企业,为合格设备更新或技术改造项目取得银行贷款的经营主体。,设备更新贷款融资和财政贴息,银行发放合格设备更新贷款，中央财政资金对部分贷款利息成本给予贴息。2026年通知采用“预拨+结算”方式，并明确财政贴息不再以贷款获得再贷款支持为前提。,1.5,百分点贷款贴息,来源：2024年通知规定中央财政对合格设备更新贷款本金贴息1个百分点、期限不超过2年；2026年优化通知将设备更新项目相关固定资产贷款本金贴息提高至1.5个百分点，并从相关固定资产贷款发放之日起予以贴息。,贷款资金须用于政策范围内的设备更新和技术改造项目，不得用于偿还其他债务、投资理财等套利活动；借款主体、贷款银行和财政部门按通知规定履行申请、审核、核验、贴息拨付和报送程序。,贴息金额 = 合格贷款本金和利息计算基础 × 政策贴息率 × 合格期限。,贷款合格性依据设备更新贷款财政贴息政策范围和银行贷款材料审核。,N/A,N/A,N/A,N/A,2026年优化政策贴息1.5个百分点；2024年通知贴息1个百分点。贴息期限不超过2年。,2026年政策贴息率上限为1.5个百分点；支持期限不超过2年。,中央财政通过经办银行对合格设备更新贷款给予财政贴息；2026年流程采用“预拨+结算”。,贴息期限不超过2年；优化政策实施至31/12/2026，后续可视情延长。,财政、发展改革、行业主管、人民银行、金融监管部门和经办银行开展合格性审核、贷款用途核验、信息报送、抽查、违规贴息资金追回及对违规银行追责。,N/A,N/A,N/A,N/A,N/A,N/A,N/A,N/A,N/A,N/A,N/A,N/A,K64,CO2,正向,能源供应安全；技术创新；工业发展,关于实施设备更新贷款财政贴息政策的通知,https://www.gov.cn/zhengce/zhengceku/202406/content_6959323.htm,https://www.gov.cn/zhengce/zhengceku/202601/content_7055549.htm
CHNSUBCLGI04S000,工具,补贴,优惠贷款、贷款担保和信用支持,跨部门,跨领域（气候减缓与适应等多领域项目）,国家清洁发展机制基金,China Clean Development Mechanism Fund,N/A,中国清洁发展机制基金（CDM基金）是国家批准设立的政策性基金，按照市场化模式运作。2006年8月，国务院批准成立清洁基金及管理中心。2010年9月14日，财政部、国家发展改革委等七部委联合发布中国清洁发展机制基金管理办法（财政部令第59号），自公布之日起施行。现行版本为2022年6月28日七部委（财政部、生态环境部、发展改革委、外交部、科技部、农业农村部、气象局）联合发布的中国清洁发展机制基金管理办法（令第111号），自2022年8月1日起施行，替代2010年版。基金宗旨：支持国家碳达峰碳中和、应对气候变化、污染防治和生态保护等绿色低碳领域活动，促进经济社会高质量发展。基金资金来源包括：清洁发展机制项目国家收入、基金运营收入、国内外机构和个人捐赠，以及经批准的其他收入。基金使用方式分两类：（一）赠款——支持应对气候变化政策研究和学术活动、国际合作交流、能力建设培训、公众宣传教育；（二）有偿使用——通过债权投资（优惠贷款）、股权投资、融资性担保等方式，支持有利于碳达峰碳中和、产生气候变化效益的项目，以及污染防治和生态保护项目。,碳达峰碳中和；应对气候变化；绿色低碳发展,直接,供给侧,中国,国家,N/A,14/09/2010,14/09/2010,N/A,28/06/2022,2022版中国清洁发展机制基金管理办法（七部委令第111号）替代2010年版（第59号令）。主要变化：①基金宗旨从支持CDM项目扩展为支持碳达峰碳中和、应对气候变化、污染防治和生态保护；②有偿使用方式从优惠贷款扩展为债权投资、股权投资、融资性担保等多元化方式；③明确市场化运作模式；④基金政策指导委员会调整为七部委（增加生态环境部，替代原环境保护部）；⑤赠款支持范围从CDM相关扩展至碳达峰碳中和、气候变化政策研究和能力建设。,生效,基金政策指导委员会（财政部、生态环境部、发展改革委、外交部、科技部、农业农村部、气象局七部委代表组成的部际议事机构）；财政部（归口管理基金管理中心）；基金管理中心（负责基金筹集、管理和使用）,碳达峰碳中和项目（减排技术升级、能效提升、可再生能源、低碳交通）；污染防治设施；生态保护设施；清洁发展机制项目,新建；既有,赠款支持的资产/活动类别：（一）碳达峰碳中和及应对气候变化政策研究和学术活动；（二）国际合作与交流活动；（三）能力建设培训；（四）公众意识宣传和教育活动。有偿使用（优惠贷款、股权投资、融资性担保）支持的资产类别：（一）有利于实现碳达峰碳中和、产生气候变化效益的项目——包括但不限于能效提升、可再生能源、低碳交通、工业减排等技术改造和新建设施；（二）污染防治和生态保护项目——包括大气污染防治、水污染治理、土壤修复、生态保护恢复等设施；（三）其他符合基金宗旨的项目。,基金为政策性基金，按市场化模式运作，有一定的回收和再投资循环机制。有偿使用的债权投资（优惠贷款）期限一般不超过10年，利率低于商业贷款利率。,赠款：无固定比例限制，依据年度预算和政策指导委员会审议确定。优惠贷款：贷款利率低于同期商业贷款市场报价利率（LPR），具体优惠幅度视项目类别和基金运营情况而定。基金有偿使用项目须通过基金管理中心初审和评审委员会评审。,企业；政府,赠款申请主体：（一）中央和国家机关，省级财政部门；（二）依法在境内设立的企业、事业单位和社会组织。有偿使用申请主体：依法在境内设立的企业法人（包括中央企业、地方国有企业、民营企业、外商投资企业），具有健全的治理结构和财务管理制度，项目具备还款能力和良好的经济、社会及环境效益。,投资；购买或使用,（一）赠款流程：申请单位向基金管理中心提交赠款申请（含项目名称、申请理由、实施单位、赠款金额、预期目标等要素），基金管理中心初审后提交基金政策指导委员会审议决定。（二）有偿使用流程：企业向基金管理中心提交有偿使用申请（含项目基本情况、项目可行性报告、项目总投资及资金来源方案、申请有偿使用资金额度及使用方式、还款计划、项目经济/社会/环境效益评估、项目风险分析和控制措施等），经基金管理中心初审、评审委员会评审后发放。项目执行期间需定期报告实施进展和资金使用情况。到期后按合同约定回收本金和利息。,N/A,N/A,赠款金额按项目逐案审批，无固定比率标准。优惠贷款利率低于同期LPR，具体优惠幅度视项目而定，未公开统一标准。根据公开信息，截至2020年，基金累计以优惠贷款方式支持约260个项目，累计承诺优惠贷款约220亿元。来源：CDM基金官网历年工作报告,①有偿使用项目须符合国家产业政策和绿色低碳发展方向，具有明显的气候变化减缓或适应效益或生态环保效益；②申请企业须具备健全的治理结构、良好信用记录和还款能力；③项目技术方案须经可行性论证，总投资规模合理，资金来源已落实；④项目须按规定完成环评、能评、用地规划等前期手续；⑤有偿使用项目须提供还款保障措施；⑥已获得其他中央财政资金支持的项目原则上不再重复支持；⑦项目实施期间须定期向基金管理中心报送进展报告；⑧弄虚作假、挪用资金等违规行为将取消申请资格，追回已拨付资金，依法追究责任。,N/A,N/A,,,,不公开发布。基金年度新增赠款和有偿使用承诺额不按规定对外公布。CDM基金为非公开预算专项，不列入中央预算内投资专项的统一年度拨款统计。,N/A,N/A,N/A,N/A,（一）赠款：申请单位提交赠款申请，基金管理中心初审，基金政策指导委员会审议决定，通过后拨付。（二）有偿使用：企业提交申请（含可行性报告、资金方案、还款计划、效益评估、风险分析等），基金管理中心初审，评审委员会评审，通过后签订合同并拨付。资金回收通过合同约定的还款计划（本金+利息）实现。,,,,,,,,,,,N/A,N/A,D35; C24; C23; C19; C20; C28; H49; A01; A02; A03; E36; E37; E38; E39,CO2; CH4; N2O; HFCs,正向,技术创新；绿色产业发展；污染防治；生态保护,中国清洁发展机制基金管理办法（七部委令第111号，2022）,https://www.gov.cn/zhengce/202309/content_6902627.htm,https://www.moj.gov.cn/pub/sfbgw/flfggz/flfggzbmgz/202305/t20230508_478349.html; https://www.cdmfund.cn
CHNSUBMPSI01S000,工具,补贴,低排放机械购置补贴,农业、林业和其他土地利用,农业机械,农机购置与应用补贴（新能源农机）,Agricultural machinery purchase and application subsidy (new energy machinery),农机购置与应用补贴（2024—2026年）,农业农村部办公厅、财政部办公厅依据2024—2026年农机购置与应用补贴实施意见（农办机〔2024〕3号，2024年4月30日印发），在农机购置与应用补贴框架内对新能源农机实施差别化提标补贴。补贴对象为从事农业生产的农民和农业生产经营组织（农村集体经济组织、农民专业合作社、农业企业等）。新能源农机定义：经省级及以上农机鉴定（认证）机构鉴定或认证（可采信有资质的检验检测机构的报告）并报农业农村部、财政部备案的混合动力或电动等重点农机具。新能源农机补贴测算比例由常规30%提高至35%。各省可选择不超过10个品目且不超过20个档次的产品提高补贴额（含新能源农机）。涉及通用类品目机具可高于中央财政资金最高补贴额，幅度控制在最高补贴额的20%以内；非通用类机具可高于上年度补贴额，幅度控制在上年度补贴额的20%以内。2024年9月6日，两部委印发2024—2026年全国通用类农业机械中央财政资金最高补贴额一览表（农办机〔2024〕6号），进一步细化通用类农机具的最高补贴额度。实施期限为2024年至2026年。,绿色经济；能源效率；减缓气候变化,直接,需求侧,中国,国家,N/A,30/04/2024,30/04/2024,31/12/2026,06/09/2024,农业农村部办公厅、财政部办公厅于2024年9月6日印发2024—2026年全国通用类农业机械中央财政资金最高补贴额一览表（农办机〔2024〕6号），细化通用类农机具的最高补贴额度。,生效,农业农村部（主管农机购置与应用补贴政策统筹和新能源农机备案管理）；财政部（主管补贴资金管理和拨付）；省级农业农村主管部门（主管本地区农机补贴方案制定和组织实施）；省级财政主管部门（主管地方补贴资金拨付）,农业或林业机械及零部件,新建,新能源农机：经省级及以上农机鉴定（认证）机构鉴定或认证（可采信有资质的检验检测机构的报告）并报农业农村部、财政部备案的混合动力（油电混动、插电混动等）或纯电动等新能源农机具。包括但不限于：电动拖拉机、混合动力收割机、电动播种机、电动植保机械、电动排灌机械等。须纳入各省份年度农机购置与应用补贴机具种类范围。,新能源农机须满足安全性和可靠性要求，通过省级以上农机鉴定机构鉴定或认证。目前新能源农机产品种类和型号相对较少，处于市场推广初期。各省份根据本地农业特点和新能源农机供给情况，在不超过10个品目和20个档次的范围内选择提标品目。,新能源农机须通过省级及以上农机鉴定（认证）机构鉴定或认证，并报农业农村部、财政部备案。常规农机补贴测算比例30%，新能源农机提高至35%，通过提标支持的补贴额可高于常规最高限额20%以内。,个人；企业,从事农业生产的农民（自然人）和农业生产经营组织。农业生产经营组织包括：农村集体经济组织、农民专业合作经济组织、农业企业（含家庭农场、农业企业法人等）和其他从事农业生产经营的组织。购机者须为所购农机的实际使用人和所有人。,购买或使用,"符合条件的购机者购买纳入各省份补贴范围的新能源农机具，通过当地农业农村主管部门指定渠道（一般为县级农业农村局或线上农机购置补贴申请平台）提交购机发票、农机鉴定证书、身份证明等材料，申请农机购置与应用补贴。部分省份采取""自主购机、先购后补、县级结算、直补到卡（户）""的补贴操作方式。",35,%（补贴测算比例）,新能源农机补贴测算比例由常规的30%提高至35%（农办机〔2024〕3号）。各省可选择不超过10个品目且不超过20个档次的产品提高补贴额（含新能源农机）。通用类品目机具可高于中央财政最高补贴额20%以内，非通用类机具可高于上年度补贴额20%以内。具体单机补贴金额因机具类型、功率、型号和省份而异。来源：农办机〔2024〕3号。,购机者须为从事农业生产的农民或农业生产经营组织。所购新能源农机须获得省级及以上农机鉴定（认证）机构颁发的鉴定证书或认证证书（可采信有资质的检验检测机构的检测报告），并已报农业农村部、财政部备案。购机须通过正规渠道（授权经销商或生产厂家直接销售），取得正规购机发票。在县级农业农村主管部门或其指定平台提交补贴申请，附身份证明（个人）或营业执照（组织）、购机发票、农机合格证和鉴定证书、银行账户等材料。同一购机者年度内享受补贴的农机数量上限由各省份自行确定。,N/A,补贴金额=农机销售价格×补贴测算比例（新能源农机为35%），但不超过该机具品目档次的最高补贴限额（由各省份根据中央财政最高补贴额一览表确定）。涉及通用类品目机具可高于中央财政资金最高补贴额，幅度控制在20%以内；非通用类机具可高于上年度补贴额，幅度控制在20%以内。各省份的具体补贴标准以本省份农机购置与应用补贴实施方案为准。,N/A,N/A,N/A,N/A,补贴测算比例上限为35%（新能源农机）。涉及通用类品目机具可高于中央财政最高补贴额20%以内；非通用类机具可高于上年度补贴额20%以内。各省份自行确定提标品目（不超过10个品目、不超过20个档次）和具体补贴上限。,N/A,"中央财政通过转移支付将农机购置补贴资金预拨至省级财政。省级财政根据各县市实际购机和审核情况拨付资金至县级财政。县级农业农村部门审核申请材料、公示无异议后，县级财政部门通过""一卡通""或银行转账将补贴资金直接拨付至购机者账户。部分省份采取""自主购机、先购后补、县级结算、直补到卡（户）""方式。",2024年4月30日至2026年12月31日（与2024—2026年农机购置与应用补贴实施意见实施期限一致）。补贴申请应在购机后规定期限内提交（具体期限由各省份自行确定）。,农业农村主管部门负责补贴申请审核和机具核实（包括实地核验和人机合影）。对提供虚假购机信息、虚开发票、重复申报、以小报大、倒卖补贴机具等骗取补贴行为，追回已拨付补贴，取消购机者补贴资格，并将相关农机产销企业列入黑名单。各级财政和农业农村主管部门负责农机购置补贴资金监管和绩效管理。建立健全违规行为举报和查处机制。,N/A,N/A,N/A,N/A,N/A,N/A,N/A,N/A,N/A,N/A,N/A,N/A,A01,CO2,正向,空气污染；技术创新,2024—2026年农机购置与应用补贴实施意见（农办机〔2024〕3号）；2024—2026年全国通用类农业机械中央财政资金最高补贴额一览表（农办机〔2024〕6号）；农业机械化促进法,https://www.moa.gov.cn/govpublic/NYJXHGLS/202406/t20240604_6456671.htm,https://www.moa.gov.cn/nybgb/2024/202410/202410/t20241022_6464800.htm
CHNSUBVPSI01S000,工具,补贴,低碳车辆购置补贴,交通,道路货运；公路运输,老旧营运货车报废更新补贴,Old operating truck scrapping and renewal subsidy,大规模设备更新和消费品以旧换新,交通运输部、国家发展改革委（2024年联合财政部，2025-2026年联合国家发展改革委）依据国务院推动大规模设备更新和消费品以旧换新行动方案（国发〔2024〕7号），于2024年7月印发交规划发〔2024〕90号通知，2025年3月印发交规划发〔2025〕17号通知，2026年3月印发交规划发〔2026〕36号通知，连续三年实施老旧营运货车报废更新补贴。对国三及以下（2024年）、国三和国四（2025-2026年）排放标准营运柴油货车实施差别化补贴：仅提前报废老旧营运柴油货车的，中型货车补贴1.0-2.5万元/辆，重型货车补贴1.2-4.5万元/辆（按提前报废年限分档）；报废并新购国六排放标准或新能源货车的，在报废补贴基础上叠加新购补贴；仅新购新能源城市冷链配送货车的，补贴3.5万元/辆。2026年明确优先支持更新为电动货车。资金由中央和地方按总体9:1比例共担（2024-2025年），2026年由超长期特别国债直接向地方安排，地方超额部分自行统筹。现行实施期限为2026年1月1日至2026年12月31日。,绿色经济；减缓气候变化；能源效率,直接,供给侧,中国,国家,N/A,30/07/2024,31/07/2024,31/12/2026,20/03/2026,交通运输部、国家发展改革委于2026年3月20日联合印发关于2026年实施老旧营运货车报废更新的通知（交规划发〔2026〕36号），将政策延续至2026年全年（1月1日至12月31日），明确优先支持更新为电动货车，补贴范围覆盖国三、国四排放标准营运货车。补贴标准延续差异化分档。资金来源为超长期特别国债。,生效,交通运输部（主管营运货车资质审核和报废更新资格认定）；财政部（主管补贴资金管理和拨付）；公安部（主管车辆注销登记）；商务部（主管报废机动车回收拆解管理）；省级交通运输、财政、公安和商务主管部门,道路车辆,既有,国三及以下排放标准营运柴油货车（中型和重型）。车辆须为取得有效道路运输证的营运类柴油货车。报废车辆须在具有资质的报废机动车回收拆解企业进行拆解。新购货车须为符合国六排放标准的柴油货车或纳入国家新能源车型目录的新能源货车。仅新购新能源城市冷链配送货车也纳入补贴范围。,N/A,国三及以下排放标准营运柴油货车。报废补贴按提前报废年限分三档（满1年不足2年；满2年不足4年；满4年以上）。新购补贴按车型（中型/重型2轴/3轴/4轴及以上）和燃料类型（国六柴油/新能源）分档。,企业,持有有效道路运输经营许可证的货运企业（车辆所有人）。包括从事道路普通货运和道路货物专用运输的国有和民营货运企业。,处置、收集或分类（消费后）；购买或使用,货运企业将符合报废条件的国三及以下排放标准营运柴油货车送至具有资质的报废机动车回收拆解企业进行拆解，取得报废机动车回收证明和车辆注销证明。选择报废并新购的，另行购买符合补贴条件的新货车（国六柴油或新能源）并取得机动车登记证书和行驶证。凭上述证明材料向当地交通运输主管部门提出补贴申请。仅新购新能源城市冷链配送货车的，直接凭新购车辆证明申请。,1.0-9.5,万元/辆,仅提前报废：中型货车1.0万元/辆（满1年不足2年）、1.8万元/辆（满2年不足4年）、2.5万元/辆（满4年以上）；重型货车1.2万元/辆（满1年不足2年）、3.5万元/辆（满2年不足4年）、4.5万元/辆（满4年以上）。报废并新购叠加：新购国六柴油货车-中型2.5万元/辆、重型2轴4.0万元/辆、重型3轴5.5万元/辆、重型4轴及以上6.5万元/辆；新购新能源货车-中型3.5万元/辆、重型2轴7.0万元/辆、重型3轴8.5万元/辆、重型4轴及以上9.5万元/辆。仅新购新能源城市冷链配送货车：3.5万元/辆。来源：交规划发〔2024〕90号。,申请人须向当地交通运输主管部门提交补贴申请，附报废机动车回收证明、机动车注销证明、新购机动车登记证书和行驶证（如报废并新购）、道路运输经营许可证等材料。报废车辆须在具有资质的报废机动车回收拆解企业拆解。新购货车须符合国六排放标准或纳入新能源车型目录。补贴资金不得用于平衡地方预算、偿还地方债务或地方'三保'支出。省级人民政府为资金管理第一责任主体。,N/A,仅报废补贴按车型（中型/重型）和提前报废年限（1-2年/2-4年/4年以上）分档计算。报废并新购总补贴=报废补贴+新购补贴。新购补贴按车型轴数和燃料类型（国六柴油/新能源）分档计算。仅新购新能源城市冷链配送货车按统一标准3.5万元/辆计算。车辆排放标准以机动车登记证书或出厂合格证载明信息为准。补贴申请由当地交通运输主管部门审核、公示后由财政部门拨付。,N/A,N/A,N/A,N/A,仅报废：中型货车1.0-2.5万元/辆，重型货车1.2-4.5万元/辆。报废并新购：总补贴（报废+新购）中型货车最高6.0万元/辆，重型4轴及以上最高14.0万元/辆（报废最高4.5万元+新能源新购最高9.5万元）。仅新购新能源冷链配送货车3.5万元/辆。,N/A,中央财政通过转移支付方式拨付补贴资金至省级财政。第一批拨付2024年中央补贴资金的60%，后续根据实际发放情况拨付余款。货运企业向当地交通运输主管部门提出申请，经审核、公示无异议后，由财政部门将补贴资金拨付至企业账户。中央和地方按总体9:1比例共担（东部85:15、中部90:10、西部95:5）。,2024年7月31日至2024年12月31日。报废更新和新购须在政策有效期内完成，并在规定期限内提交申请。,交通运输主管部门负责车辆报废更新资格审核。公安部门负责车辆注销登记核实。商务部门负责报废机动车回收拆解监督管理。对提交虚假材料、骗取补贴资金的，追回已拨付补贴，并依法依规严肃处理，构成犯罪的依法追究刑事责任。省级交通运输、财政、公安和商务主管部门负责组织抽查和监督管理。实行按月报送绩效目标实现情况。,N/A,N/A,N/A,N/A,N/A,N/A,N/A,N/A,N/A,N/A,N/A,N/A,H49,CO2,正向,空气污染；能源供应安全；产业发展,关于实施老旧营运货车报废更新的通知（交规划发〔2024〕90号）；关于实施老旧营运货车报废更新的通知（交规划发〔2025〕17号）；关于2026年实施老旧营运货车报废更新的通知（交规划发〔2026〕36号）；推动大规模设备更新和消费品以旧换新行动方案（国发〔2024〕7号）；关于加力支持大规模设备更新和消费品以旧换新的若干措施（发改环资〔2024〕1104号）,https://app.www.gov.cn/govdata/gov/202408/02/517908/article.html,https://www.gov.cn/zhengce/zhengceku/202503/content_7014455.htm; https://www.gov.cn/zhengce/zhengceku/202604/content_7067530; https://www.mot.gov.cn/xinwen/jiaotongyaowen/202605/t20260514_4205425.html; https://www.gov.cn/zhengce/content/202403/content_6939136.htm; https://www.ndrc.gov.cn/xxgk/zcfb/tz/202404/t20240409_1364672.html
CHNSUBVPSI02S000,工具,补贴,低碳车辆购置补贴,交通,道路客运；个人交通,汽车报废更新补贴,Car scrapping and renewal subsidy,大规模设备更新和消费品以旧换新,商务部、财政部等7部门（2024年）至8部门（2025-2026年）依据国务院推动大规模设备更新和消费品以旧换新行动方案（国发〔2024〕7号），连续三年实施汽车报废更新补贴。2024年4月印发汽车以旧换新补贴实施细则（商消费函〔2024〕75号），2024年8月提高补贴标准（商消费函〔2024〕392号），2025年1月延续并扩围（商办消费函〔2025〕8号），2025年12月印发2026年实施细则（商办消费函2025年第467号）。对个人消费者报废符合条件的旧乘用车并购买新能源乘用车或2.0升及以下排量燃油乘用车的，给予一次性定额（2024-2025年）或比例制（2026年）补贴。2026年标准：新能源乘用车补贴销售价格的12%（最高2万元/辆），燃油乘用车补贴销售价格的10%（最高1.5万元/辆）。补贴资金由中央和地方财政按比例分担。现行实施期限为2026年1月1日至2026年12月31日。,绿色经济；减缓气候变化；能源效率,直接,需求侧,中国,国家,N/A,24/04/2024,24/04/2024,31/12/2026,30/12/2025,商务部等8部门办公厅于2025年12月30日联合印发2026年汽车以旧换新补贴实施细则（商办消费函2025年第467号），将政策延续至2026年全年。2026年补贴标准调整为按新车销售价格比例计算：报废旧车并购买新能源乘用车补贴销售价格的12%（最高2万元）；报废燃油旧车并购买2.0L及以下燃油乘用车补贴销售价格的10%（最高1.5万元）。此前2025年1月商办消费函〔2025〕8号延续了2024年的定额补贴标准（新能源2万元、燃油1.5万元）并扩大了旧车范围。,生效,商务部（主管汽车以旧换新政策统筹和汽车流通行业管理）；财政部（主管补贴资金管理和拨付）；工业和信息化部（主管新能源汽车车型目录）；公安部（主管车辆注册登记和注销）；省级商务、财政、工业和信息化、公安主管部门,道路车辆,既有,报废旧车范围：国三及以下排放标准燃油乘用车；2018年4月30日（含当日）前注册登记的新能源乘用车。新购车辆范围：纳入工业和信息化部减免车辆购置税的新能源汽车车型目录的新能源乘用车；2.0升及以下排量燃油乘用车。报废旧车须在具有资质的报废机动车回收拆解企业拆解。新购车辆须为乘用车（不包括商用车）。,N/A,报废旧车：国三及以下排放标准燃油乘用车，或2018年4月30日前注册登记的新能源乘用车。新购燃油乘用车排量不超过2.0升。,个人,个人消费者（自然人），须为报废旧车和新购车辆的所有人，且报废旧车与新购车辆的所有人须为同一人。不包括企业和机构。,处置、收集或分类（消费后）；购买或使用,个人消费者将符合条件的旧乘用车送至具有资质的报废机动车回收拆解企业进行拆解注销，并购买符合条件的新乘用车（新能源乘用车或2.0升及以下排量燃油乘用车）。报废旧车和购买新车须在规定期限内完成。通过全国汽车流通信息管理系统网站或'汽车以旧换新'小程序提交补贴申请。,10%-12% of sales price,% of new vehicle sales price,2026年标准（商办消费函2025年第467号）：报废旧车并购买新能源乘用车，补贴新车销售价格的12%，最高2.0万元/辆；报废国三及以下燃油乘用车并购买2.0升及以下排量燃油乘用车，补贴新车销售价格的10%，最高1.5万元/辆。2024-2025年标准为固定金额制：新能源2.0万元/辆、燃油1.5万元/辆。每位个人消费者只能选择享受一次报废更新或一次置换更新补贴。,申请人须为个人消费者，报废机动车所有人与新购机动车所有人须为同一人。报废旧车须在具有资质的报废机动车回收拆解企业拆解并取得报废机动车回收证明和机动车注销证明。新购车辆须取得机动车登记证书和行驶证。通过全国汽车流通信息管理系统网站或'汽车以旧换新'小程序提交补贴申请，上传身份证明、报废回收证明、注销证明、新购车辆发票和登记证书等材料。补贴申请材料应自2024年4月24日至2024年12月31日期间取得。,N/A,2026年补贴金额按新车销售价格×对应补贴比例计算，且不超过各车型最高补贴上限。2024-2025年按固定金额制计算。补贴以新购车辆为单位，每人每辆旧车对应一辆新车的补贴。,N/A,N/A,N/A,N/A,新能源乘用车：销售价格的12%，最高2.0万元/辆；2.0L及以下燃油乘用车：销售价格的10%，最高1.5万元/辆（2026年标准）。2024-2025年为固定金额：新能源2.0万元/辆、燃油1.5万元/辆。,N/A,中央财政安排补贴资金，通过转移支付方式拨付至省级财政。个人消费者通过全国汽车流通信息管理系统网站或'汽车以旧换新'小程序在线提交申请，经地方商务主管部门审核、公示无异议后，由财政部门将补贴资金拨付至消费者个人银行账户。中央和地方按比例分担。,2024年4月24日至2024年12月31日。报废旧车和新购车辆的证明材料须在此期间取得。补贴申请须在规定期限内提交。,商务主管部门负责申请审核和补贴发放管理。公安部门负责车辆注销和注册登记信息核验。工业和信息化部门负责新能源车型目录核验。对提供虚假信息、恶意套取补贴的，追回已拨付补贴，并依法依规追究责任，纳入个人信用记录。各地不得要求将报废汽车交售给指定企业。,N/A,N/A,N/A,N/A,N/A,N/A,N/A,N/A,N/A,N/A,N/A,N/A,H49,CO2,正向,空气污染；能源供应安全；消费增长,汽车以旧换新补贴实施细则（商消费函〔2024〕75号）；关于进一步做好汽车以旧换新有关工作的通知（商消费函〔2024〕392号）；关于做好2025年汽车以旧换新工作的通知（商办消费函〔2025〕8号）；2026年汽车以旧换新补贴实施细则（商办消费函2025年第467号）；推动大规模设备更新和消费品以旧换新行动方案（国发〔2024〕7号）,http://www.mofcom.gov.cn/zfxxgk/fdzdgknr/ztfl/gnmygl/art/2024/art_00ec662a1a234fa6878308334ad0d728.html,https://www.mofcom.gov.cn/zfxxgk/gkml/art/2024/art_d4224d2ebd8b4120875bc99963538fbe.html; https://www.gov.cn/zhengce/zhengceku/202501/content_6999564.htm; https://policy.mofcom.gov.cn/claw/clawContent.shtml?id=104379; https://www.gov.cn/zhengce/content/202403/content_6939136.htm
CHNSUBVPSI03S000,工具,补贴,低碳车辆购置补贴,交通,道路客运；个人交通,汽车置换更新补贴,Car replacement subsidy,大规模设备更新和消费品以旧换新,商务部等7部门在2024年8月关于进一步做好汽车以旧换新有关工作的通知（商消费函〔2024〕392号）中建立汽车置换更新补贴框架，要求各省份自行制定补贴方案。2025年1月商办消费函〔2025〕8号延续该框架并设定全国统一上限（新能源1.5万元、燃油1.3万元）。2025年12月商办消费函2025年第467号将汽车置换更新补贴正式确立为全国统一制度：置换购买新能源乘用车补贴销售价格的8%（最高1.5万元/辆），置换购买2.0L及以下燃油乘用车补贴销售价格的6%（最高1.3万元/辆）。对个人消费者转让本人名下旧乘用车并购买新乘用车的给予补贴，置换更新与报废更新补贴不重复享受。现行实施期限为2026年1月1日至2026年12月31日。,绿色经济；减缓气候变化；能源效率,直接,需求侧,中国,国家,N/A,15/08/2024,15/08/2024,31/12/2026,30/12/2025,商务部等8部门办公厅于2025年12月30日联合印发2026年汽车以旧换新补贴实施细则（商办消费函2025年第467号），将汽车置换更新补贴由2024-2025年的各省自定标准调整为全国统一比例制标准：置换购买新能源乘用车补贴销售价格的8%（最高1.5万元/辆），置换购买2.0L及以下燃油乘用车补贴销售价格的6%（最高1.3万元/辆）。,生效,商务部（主管汽车以旧换新政策统筹和置换更新框架制定）；财政部（主管补贴资金管理）；省级商务主管部门（制定本地区置换更新补贴方案并组织实施）；省级财政主管部门（主管地方补贴资金拨付）,道路车辆,既有,转让旧车范围：个人消费者名下登记注册的乘用车（一般为非国三及以下排放标准的在用车，具体车龄和排放标准由各省份自行确定）。新购车辆范围：乘用车（新能源乘用车或燃油乘用车，具体参数由各省份自行确定）。转让旧车须通过二手车交易市场完成转移登记。新购车辆须为乘用车（不包括商用车）。,各省份自行确定旧车转让条件和新购车辆要求。,旧车须为个人消费者名下登记注册的乘用车。新购乘用车的排量和能源类型限制由各省份自行确定。置换更新与报废更新补贴不重复享受。,个人,个人消费者（自然人），须为转让旧车和新购车辆的同一所有人。不包括企业和机构。转让旧车和购买新车须在同一消费者名下。,购买或使用；转移、转让或交易,个人消费者将名下的在用乘用车通过二手车交易市场转让出售（办理转移登记），并购买新乘用车（新能源或燃油）。转让旧车和购买新车须在规定期限内完成。凭旧车转让发票、新购车辆发票和登记证书等材料向当地商务主管部门或通过指定线上平台提交补贴申请。,6%-8% of sales price,% of new vehicle sales price,2026年标准（商办消费函2025年第467号）：置换购买新能源乘用车，补贴新车销售价格的8%，最高1.5万元/辆；置换购买2.0升及以下排量燃油乘用车，补贴新车销售价格的6%，最高1.3万元/辆。2024-2025年标准由各省份在商消费函〔2024〕392号及商办消费函〔2025〕8号框架下自行确定，一般新能源1.5-2.0万元/辆、燃油0.8-1.5万元/辆。置换更新与报废更新补贴不重复享受。,申请人须为个人消费者，转让旧车所有人与新购车辆所有人须为同一人。转让旧车须通过合法二手车交易渠道完成转移登记，取得二手车销售发票。新购车辆须取得机动车登记证书和行驶证。通过各省份指定的线上平台或线下窗口提交补贴申请，附身份证明、二手车销售发票、新购车辆发票和登记证书等材料。置换更新补贴与报废更新补贴不可重复享受。,N/A,2026年补贴金额按新车销售价格×对应补贴比例计算，且不超过各车型最高补贴上限。每位个人消费者只能选择享受一次报废更新或一次置换更新补贴。2024-2025年按各省份自定标准计算。,N/A,N/A,N/A,N/A,新能源乘用车：销售价格的8%，最高1.5万元/辆；2.0L及以下燃油乘用车：销售价格的6%，最高1.3万元/辆（2026年全国统一标准）。2024-2025年由各省份自行设定。,N/A,2026年实行全国统一标准，资金由超长期特别国债和地方配套按比例分担。个人消费者通过全国统一线上平台提交申请，经审核后由财政部门拨付至消费者个人银行账户。2024-2025年由各省份依据国家框架自行确定分担比例和拨付方式。,各省份实施期限一般与汽车报废更新补贴政策一致，自2024年8月起至2024年12月31日。具体起止时间以各省份公布的置换更新补贴方案为准。,各省份商务主管部门负责置换更新补贴申请审核。公安部门负责车辆转移登记和新注册登记信息核验。对提供虚假信息、恶意套取或重复申领补贴的，追回已拨付补贴，并依法依规追究责任。置换更新与报废更新补贴信息共享互查，防止重复申领。省级财政和商务主管部门负责资金监管和绩效管理。,N/A,N/A,N/A,N/A,N/A,N/A,N/A,N/A,N/A,N/A,N/A,N/A,H49,CO2,正向,空气污染；消费增长,关于进一步做好汽车以旧换新有关工作的通知（商消费函〔2024〕392号）；关于做好2025年汽车以旧换新工作的通知（商办消费函〔2025〕8号）；2026年汽车以旧换新补贴实施细则（商办消费函2025年第467号）；推动大规模设备更新和消费品以旧换新行动方案（国发〔2024〕7号）,https://www.mofcom.gov.cn/zfxxgk/gkml/art/2024/art_d4224d2ebd8b4120875bc99963538fbe.html,https://www.mofcom.gov.cn/zfxxgk/gkml/art/2024/art_d4224d2ebd8b4120875bc99963538fbe.html; https://www.gov.cn/zhengce/zhengceku/202501/content_6999564.htm; https://policy.mofcom.gov.cn/claw/clawContent.shtml?id=104379; https://www.gov.cn/zhengce/content/202403/content_6939136.htm
CHNSUBVPSI04S000,工具,补贴,低碳车辆购置补贴,交通,城市公共交通,新能源城市公交车及动力电池更新补贴,New energy city bus and power battery renewal subsidy,大规模设备更新和消费品以旧换新,交通运输部、财政部（2024年）和交通运输部办公厅、国家发展改革委办公厅（2025-2026年联合财政部办公厅）依据国务院推动大规模设备更新和消费品以旧换新行动方案（国发〔2024〕7号），连续三年实施新能源城市公交车及动力电池更新补贴。2024年7月印发交运函〔2024〕390号，2025年2月印发交办运〔2025〕4号，2026年5月印发交办运〔2026〕28号。对城市公交企业更新车龄8年及以上的新能源城市公交车及更换动力电池给予定额补贴：更新新能源城市公交车每辆平均补贴8万元（2024-2026年持续）；更换动力电池每辆补贴4.2万元，且不高于新购动力电池价格的50%。车龄门槛逐年放宽：2024年覆盖2016年底前注册车辆，2025年扩至2017年底前，2026年进一步扩至2018年底前。资金由中央和地方按比例分担（东部85:15、中部90:10、西部95:5），2025-2026年由超长期特别国债支持。现行实施期限为2026年1月1日至2026年12月31日。,绿色经济；减缓气候变化；能源效率,直接,供给侧,中国,国家,N/A,29/07/2024,29/07/2024,31/12/2026,01/05/2026,交通运输部办公厅、国家发展改革委办公厅于2026年5月1日联合印发2026年新能源城市公交车及动力电池更新补贴实施细则（交办运〔2026〕28号），将政策延续至2026年全年。更新新能源城市公交车每辆平均补贴8万元，更换动力电池每辆补贴4.2万元（不高于新购电池价格的50%）。车龄门槛进一步放宽至2018年12月31日前注册登记的车辆。此前2025年2月交办运〔2025〕4号已延续该政策，并将车龄门槛从2016年放宽至2017年。,生效,交通运输部（主管城市公交行业管理和车辆更新资格审核）；财政部（主管补贴资金管理和拨付）；国家发展改革委（主管投资政策和特别国债资金统筹）；省级交通运输、财政和发展改革主管部门,道路车辆；电池,既有,更新新能源城市公交车：车龄8年及以上（2026年标准为2018年12月31日前注册登记，2025年为2017年12月31日前，2024年为2016年12月31日前）的城市公交车。新购公交车须为纯电动、插电式混合动力或氢燃料电池车辆，使用性质须为公交客运。更换动力电池：2026年12月31日前超出质保期或不满足安全运营条件的新能源城市公交车动力电池，更换后的电池须为2024年1月1日后生产，质保年限不低于5年，满足GB 38031—2020标准。,N/A,公交车车龄须≥8年，即2018年12月31日前（含）注册登记（2026年标准）。2025年为2017年12月31日前，2024年为2016年12月31日前。新购公交车须纳入新能源汽车车型目录。动力电池更换补贴金额不高于新购动力电池价格的50%。,企业,依法取得城市公共汽电车线路运营权的城市公交企业。包括国有和民营城市公交运营企业。申请人须为公交车辆的登记所有人和运营人。,处置、收集或分类（消费后）；购买或使用,城市公交企业报废注销车龄8年及以上的旧公交车（不限定燃油或新能源），购买符合条件的新能源城市公交车，或对在用公交车更换全套动力电池。报废旧车须在具有资质的报废机动车回收拆解企业拆解并取得报废回收证明和注销证明。新购车辆须取得机动车登记证书和行驶证。动力电池更换须由具备资质的电池生产或更换企业实施，并出具更换验收证明。,4.2-8.0,万元/辆,更新新能源城市公交车：每辆平均补贴8万元，各地可在此框架内根据资金安排制定本地具体标准。更换动力电池：每辆车补贴4.2万元，且补贴金额原则上不高于新购动力电池价格的50%。来源：交运函〔2024〕390号。,申请人须向当地交通运输主管部门提交补贴申请，附报废机动车回收证明、机动车注销证明（如报废更新）、新购车辆机动车登记证书和行驶证（如购新）、动力电池更换验收证明（如更换电池）、公交线路运营权证明等材料。报废旧车须在具有资质的报废机动车回收拆解企业拆解。新购公交车须符合新能源车型要求，动力电池须满足GB 38031—2020标准。相关证明材料须在2024年7月1日至2024年12月31日期间取得。申请截止日期为2025年1月20日（可补正至2025年2月10日）。,N/A,更新公交车补贴按实际更新车辆数×各地确定的单车补贴标准计算。更换动力电池补贴按实际更换电池车辆数×4.2万元/辆计算，且不高于新购动力电池价格的50%。各地可在国家框架内制定本地具体补贴标准。省级交通运输部门于2025年2月28日前通过'城乡道路客运燃料消耗信息申报与补贴管理系统'汇总填报更新数据。,N/A,N/A,N/A,N/A,更新公交车：每辆平均补贴8万元（各地可在此框架内自行制定本地标准）。更换动力电池：每辆车补贴4.2万元，且不高于新购动力电池价格的50%。各地不得要求将报废公交车和报废动力电池交售给指定企业。,N/A,财政部通过转移支付方式预拨60%补助资金至省级财政。城市公交企业向当地交通运输主管部门提出申请，经审核、公示无异议后，由财政部门将补贴资金拨付至企业账户。中央和地方按比例分担：东部省份85:15、中部省份90:10、西部省份95:5。后续根据省级交通部门在'城乡道路客运燃料消耗信息申报与补贴管理系统'汇总填报的实际发放数据拨付余款。,2026年1月1日至2026年12月31日（现行周期）。2024年为7月29日至12月31日，2025年为1月1日至12月31日。相关证明材料须在当年度内取得，补贴申请截止日期按各年度实施细则执行。,交通运输主管部门负责车辆更新和电池更换资格审核。财政部门负责补贴资金管理和拨付。发展改革部门负责特别国债资金统筹。对提交虚假材料、骗取补贴资金的，追回已拨付补贴，并依法依规严肃处理。各地不得要求将报废公交车和报废动力电池交售给指定企业，不得另行设定具有地域性、技术产品指向性的补贴目录或企业名单。建立绩效管理和监督机制。,N/A,N/A,N/A,N/A,N/A,N/A,N/A,N/A,N/A,N/A,N/A,N/A,H49,CO2,正向,空气污染；能源供应安全；公共服务改善,新能源城市公交车及动力电池更新补贴实施细则（交运函〔2024〕390号）；2025年新能源城市公交车及动力电池更新补贴实施细则（交办运〔2025〕4号）；2026年新能源城市公交车及动力电池更新补贴实施细则（交办运〔2026〕28号）；推动大规模设备更新和消费品以旧换新行动方案（国发〔2024〕7号）；关于加力支持大规模设备更新和消费品以旧换新的若干措施（发改环资〔2024〕1104号）,https://www.ndrc.gov.cn/xwdt/ztzl/tddgmsbgxhxfpyjhx/gzdt/202410/t20241031_1394144_ext.html,https://xxgk.mot.gov.cn/2020/jigou/ysfws/202409/t20240925_4156949.html; https://policy.mofcom.gov.cn/claw/clawContent.shtml?id=103251; https://www.gov.cn/zhengce/content/202403/content_6939136.htm; https://www.ndrc.gov.cn/xxgk/zcfb/tz/202404/t20240409_1364672.html
CHNSUBECDI01S000,工具,补贴,可再生电力差价合约（CfD）,能源,可再生电力；风电；太阳能发电；新能源发电,新能源可持续发展价格结算机制,New energy sustainable price settlement mechanism,新能源上网电价市场化改革,中国深化新能源上网电价市场化改革，建立支持新能源可持续发展的价格结算机制。新能源上网电量进入电力市场，上网电价通过市场交易形成。纳入机制的电量按市场交易均价与机制电价进行差价结算：市场均价低于机制电价时，向新能源发电企业支付差价；市场均价高于机制电价时，由新能源发电企业返还差价。,可再生能源发展和消纳；绿色经济,直接,供给侧,中国,国家,N/A,27/01/2025,01/06/2025,N/A,N/A,N/A,生效,国家发展改革委；国家能源局；省级价格和能源主管部门；电力市场运营机构,电力；太阳能；风能；其他可再生能源,新建；既有,符合机制条件的新能源项目上网电量，包括存量项目和增量项目，主要包括风电、太阳能发电等新能源发电。,N/A,纳入价格结算机制的电量；存量项目和增量项目分别适用不同规则，增量项目机制电价通过竞争机制确定。,企业,参与机制结算或费用分摊的新能源发电企业和电力市场主体。,可再生电力发电和价格结算,符合条件的新能源电量发电、进入市场交易，并按机制电价进行差价结算。,公式,元/兆瓦时价差,差价结算金额依据机制电量乘以机制电价与市场交易均价的差额计算；市场均价低于机制电价时形成对发电企业的支付，高于机制电价时由发电企业返还差价；来源为2025年国家发展改革委、国家能源局通知。,新能源上网电量进入电力市场、上网电价通过市场交易形成；纳入机制的电量按存量项目和增量项目规则与机制电价结算。,差价结算金额 = 机制电量 ×（机制电价 - 市场交易均价）。,市场交易均价低于机制电价时，向新能源发电企业支付差价；高于机制电价时，由新能源发电企业返还差价。,N/A,N/A,N/A,N/A,机制电量规模和机制电价按存量项目、增量项目规则确定；国家通知未规定固定全国预算。,N/A,纳入机制的新能源电量按市场交易均价与机制电价进行双向差价结算。,国家通知未明确规定。,通过电力市场结算，以及省级机制电量、机制电价和费用分摊安排执行。,N/A,N/A,N/A,N/A,N/A,N/A,N/A,N/A,N/A,N/A,N/A,N/A,D35,CO2,正向,能源供应安全；技术创新；工业发展,国家发展改革委 国家能源局关于深化新能源上网电价市场化改革 促进新能源高质量发展的通知,https://www.ndrc.gov.cn/xxgk/zcfb/tz/202502/t20250209_1396066.html,N/A
CHNSUBRTSI01S000,工具,补贴,回收处理奖补,废弃物,电子废弃物回收处理,废弃电器电子产品回收处理奖补,Waste electrical and electronic equipment recycling and treatment subsidy,循环经济发展规划；生产者责任延伸制度,"财政部、生态环境部依据废弃电器电子产品回收处理管理条例，印发废弃电器电子产品处理专项资金管理办法（财资环〔2024〕119号），自2024年起将废弃电器电子产品处理资金由原生产者缴纳基金模式改为中央财政一般公共预算安排的专项资金模式。专项资金采取""以奖代补""方式，按因素法分配：上一年度规范回收处理量（权重70%）、地方固体废物污染防治投入（15%）、居民实际拥有家电数量（10%）、许可核定回收处理产能实际运行负荷率（5%）。支持范围覆盖废弃电器电子产品处理目录五类产品：电视机、电冰箱、洗衣机、空气调节器、微型计算机。实施期限为2024年至2027年。2024年安排75亿元，2025年安排50亿元。2023年12月31日以前已回收处理但尚未补贴的，经生态环境部核实后可分期据实拨付。",循环经济；废物减量,间接,供给侧,中国,国家,N/A,13/09/2024,13/09/2024,31/12/2027,N/A,N/A,生效,财政部（主管专项资金管理和拨付）；生态环境部（主管废弃电器电子产品处理企业资格许可和规范处理量核定）；省级财政主管部门；省级生态环境主管部门,市政废物,既有,列入废弃电器电子产品处理目录的废弃电器电子产品，目前包括五类：电视机（含CRT电视、液晶电视等）、电冰箱（含冷藏冷冻箱、冷柜等）、洗衣机（含波轮洗衣机、滚筒洗衣机等）、空气调节器（含窗式空调、分体式空调、中央空调等）、微型计算机（含台式机、笔记本电脑、平板电脑等）。处理企业须依法取得废弃电器电子产品处理资格许可。,N/A,须为列入废弃电器电子产品处理目录的产品类别。2023年12月31日以前已回收处理的存量，经生态环境部核实后可分期拨付补贴。,企业,依法取得废弃电器电子产品处理资格证书的处理企业。须遵守废弃电器电子产品回收处理相关环保标准和技术规范。不包括前端回收商（前端回收环节不享受本专项资金补贴，仅规范拆解处理环节享受）。,回收、再利用或其他消费后处理,具有资质的处理企业对废弃电器电子产品进行规范回收、拆解、分离和资源化利用处理。处理过程须符合废弃电器电子产品处理污染控制技术规范等环保要求。处理企业须如实填报处理数量和产物去向，接受生态环境部门核查。通过生态环境部废弃电器电子产品回收处理信息管理系统报送处理数据。,N/A,元/台,补贴金额按因素法分配至各省，各省再根据本地实际情况确定对不同产品类别的补贴标准。按因素法分配权重：上一年度规范回收处理量占70%、地方固废污染防治投入占15%、居民实际拥有家电数量占10%、许可产能实际负荷率占5%。对2023年底前已处理但未补贴的存量，经核实后分期据实拨付。各省份具体单台补贴标准由省级财政和生态环境部门根据资金下达总量和核定处理量确定，非全国统一标准。来源：废弃电器电子产品处理专项资金管理办法（财资环〔2024〕119号）。,申请人须为依法取得废弃电器电子产品处理资格证书的处理企业。回收处理的废弃电器电子产品须来源于废弃电器电子产品处理目录所列五类产品。处理过程须遵守HJ 527废弃电器电子产品处理污染控制技术规范等国家和行业标准。须通过生态环境部废弃电器电子产品回收处理信息管理系统如实申报回收处理数量、拆解产物去向等信息。须接受生态环境主管部门的现场核查和视频监控。处理产物须交由有资质的单位进行后续利用或处置。,N/A,中央财政按因素法分配专项资金至省级财政。某省专项资金分配额=Σ[因素i×权重i×调整系数]。主要因素及权重：上一年度规范回收处理量（70%）、地方固废污染防治投入（15%）、居民实际拥有家电数量（10%）、许可核定回收处理产能实际运行负荷率（5%）。各省根据下达的资金总量和经核定的处理企业规范处理量确定单台补贴标准。对2023年底前存量：经生态环境部核实后分期据实拨付。,N/A,N/A,N/A,75亿元（2024年）；50亿元（2025年）,专项资金总额由中央财政年度预算确定，各省份分配额按因素法确定。对单个处理企业的补贴上限由省级财政和生态环境部门根据核定处理能力和规范处理量确定。,N/A,"中央财政通过一般公共预算安排专项转移支付至省级财政。省级财政和生态环境部门根据本省因素法分配额度，结合各处理企业核定的规范回收处理量，确定单台补贴标准和各企业应得补贴金额，公示无异议后由财政部门拨付至处理企业银行账户。采取""先处理后补贴""方式，依据上年实际处理量和本年预算安排拨付。",2024年（以印发日期2024年9月13日起算）至2027年12月31日。2023年12月31日以前的存量处理量分期据实拨付。,生态环境主管部门通过处理企业现场检查、视频监控、信息系统数据核验等方式核实规范处理量。对企业虚报处理数量、提供虚假材料骗取补贴的，追回已拨付的专项资金，并依法依规予以处罚，情节严重者吊销处理资格许可。各级财政和生态环境主管部门负责专项资金使用的监督管理和绩效评价。处理企业须建立完善的废弃电器电子产品接收、贮存、拆解、产物处置台账记录。,N/A,N/A,N/A,N/A,N/A,N/A,N/A,N/A,N/A,N/A,N/A,N/A,E38,CO2；HFCs,正向,空气污染；工业发展,废弃电器电子产品处理专项资金管理办法（财资环〔2024〕119号）；废弃电器电子产品回收处理管理条例（国务院令第551号，2019年修订）；废弃电器电子产品处理目录（2014年版）,https://www.gov.cn/zhengce/zhengceku/202410/content_6978234.htm,http://m.mof.gov.cn/zcfb/202409/t20240929_3944775.htm
CHNSUBCHSI01S000,工具,补贴,清洁取暖补贴,建筑,农村住宅；城镇住宅,北方地区冬季清洁取暖补贴,Northern winter clean heating subsidy,北方地区冬季清洁取暖规划；大气污染防治行动计划,"中央财政通过大气污染防治资金安排专项资金，支持北方地区开展冬季清洁取暖改造。补贴方式包括设备购置补贴（电热泵、燃气壁挂炉、生物质炉具、地源热泵等）和运行费用补贴（电费、燃气费补贴）。2017年启动首批试点，截至2025年已分5批覆盖88个城市。2025年财政部印发大气污染防治资金管理办法（财资环〔2025〕155号），自2026年1月1日起施行至2030年底，将农村地区运营补贴纳入因素法分配，按采暖度日数分档确定户均补贴标准，公式为：某省补贴总额=""煤改气""+""煤改电""实际建成户数×户均补贴标准，并要求向农村困难群体倾斜。2025年大气污染防治资金204亿元，2026年约243.62亿元（清洁取暖运营补贴不再单列，整合进入大气污染防治资金大盘）。政策重心从大规模新增改造转向已建成项目的长效运营保障。",减缓气候变化；空气污染；能源效率,直接,需求侧,中国,国家,N/A,01/01/2017,01/01/2017,31/12/2030,01/01/2026,"财政部印发大气污染防治资金管理办法（财资环〔2025〕155号），自2026年1月1日起施行至2030年底，替代旧版（财资环〔2022〕106号）。新办法将清洁取暖农村运营补贴由项目法改为因素法分配，按采暖度日数分档确定户均补贴标准。2026年大气污染防治资金预算约243.62亿元，清洁取暖运营补贴不再单独切块列示，整合进入整体资金大盘。同时新设""美丽蓝天建设项目""，按总投资额60%奖补（单城市6-12亿元）。",生效,财政部（主管大气污染防治资金管理和清洁取暖资金分配）；生态环境部（主管大气污染防治和清洁取暖政策统筹）；住房城乡建设部（主管城镇清洁取暖设施建设）；国家发展改革委（主管清洁取暖规划和能源政策）；国家能源局（主管清洁能源供应保障）；省级财政、生态环境、住建、发改主管部门,空间供暖系统；建筑,既有,"北方地区农村和城镇既有住宅的燃煤供暖系统。涉及""煤改气""（天然气壁挂炉替代散煤锅炉/土暖气）、""煤改电""（空气源热泵、电热膜、蓄热式电暖器替代散煤燃烧）、""煤改生""（生物质成型燃料炉具替代散煤）以及地源热泵等清洁取暖技术路线。补贴覆盖设备购置和运行费用（电费、燃气费）两部分。",各地可根据本地资源和基础设施条件选择技术路线，包括电、天然气、生物质、地热、工业余热等。技术路线选择由各试点城市在实施方案中确定。,"农村地区""煤改气""和""煤改电""实际建成运行户数。新办法按采暖度日数分档确定户均补贴标准，向农村困难群体倾斜。",个人,北方地区农村和城镇居民住户（自然人），以户为单位享受清洁取暖设备购置补贴和运营补贴。补贴向农村困难群体倾斜。不包括企业、机构和公共建筑。,购买或使用；生产、发电或转化,居民购买并安装清洁取暖设备（电热泵、燃气壁挂炉、生物质炉具等），替代原有散煤取暖方式；并持续使用清洁能源取暖。设备购置补贴在设备安装验收后发放（通常由地方财政直接拨付给设备供应商或通过电费/燃气费抵扣）；运营补贴按取暖季实际用电量或用气量结算，通常通过电网公司或燃气公司在电费/燃气费中抵扣。,N/A,元/户/取暖季,补贴标准由各试点城市根据本地资源条件、技术路线和财政能力自行确定，中央财政通过因素法分配补助资金。2026年起按采暖度日数分档确定户均补贴标准（因素法），公式为：补贴总额=煤改气+煤改电实际建成户数×户均补贴标准。各地设备购置补贴通常为设备价格的60%-80%（上限因技术路线和省份而异）；运营补贴通常为0.2-0.4元/千瓦时（电）或0.8-2.28元/立方米（气），每个取暖季每户补贴上限一般不超过2000-3000元。具体标准以各试点城市公布的实施方案为准。来源：大气污染防治资金管理办法（财资环〔2025〕155号）及2025-2026年度大气污染防治资金预算通知。,"申请人须为北方地区（京津冀及周边、汾渭平原、东北、西北等重点区域）农村或城镇居民住户。须在清洁取暖改造规划范围内的村庄或社区。安装的清洁取暖设备须符合国家和地方相关标准（如能效标准、排放标准）。""煤改电""用户须完成电网增容改造，""煤改气""用户须接通天然气管网。设备安装后须经乡镇/街道和县级主管部门验收合格。运营补贴须按取暖季实际用电/用气量核算，不得虚报冒领。",N/A,"中央财政按因素法分配补助资金至省级财政：某省补贴总额=""煤改气""+""煤改电""实际建成户数×户均补贴标准（按采暖度日数分档）。省级财政制定本省具体分配方案，将资金拨付至市县财政。各试点城市制定本地补贴标准和发放办法。运营补贴按取暖季实际用电量/用气量×单位补贴标准计算，通过电费/燃气费抵扣或银行转账方式发放。",N/A,N/A,N/A,204亿元（2025年大气污染防治资金，含清洁取暖）；约243.62亿元（2026年大气污染防治资金，清洁取暖运营补贴不再单独列示）,"运营补贴户均标准由采暖度日数分档确定（因素法），具体户均上限以财政部年度资金分配方案为准。设备购置补贴一般不超过设备价格的80%，具体上限以各试点城市实施方案为准。已享受""美丽蓝天建设项目""奖补的城市不得重复申请同项目资金。",N/A,"中央财政通过大气污染防治资金转移支付至省级财政。省级财政根据各市县实际改造户数和运行情况分配至市县财政。市县财政部门通过电费/燃气费抵扣（电网公司或燃气公司代扣代付）或银行转账方式将运营补贴发放至居民。设备购置补贴通常在设备安装验收后直接拨付至设备供应商，或以""后补""方式拨付至居民账户。补贴发放须公示，接受社会监督。",2017年至今持续支持。新大气污染防治资金管理办法（财资环〔2025〕155号）实施期限为2026年1月1日至2030年12月31日。已建成项目的运营补贴在政策有效期内持续保障。,"各级财政、生态环境、住建、审计部门按职责分工实施资金监管和绩效管理。对提供虚假信息、虚报改造户数、恶意套取补贴的，追回已拨付补贴，并依法依规追究责任。建立补助资金绩效评价机制。""煤改气""""煤改电""户数须与供电公司/燃气公司开户数据、设备采购发票和安装验收记录交叉核验。运营补贴须以实际用电/用气量为依据，电网公司/燃气公司数据须与取暖季实际运行数据匹配。各级主管部门定期开展现场抽查。",N/A,N/A,N/A,N/A,N/A,N/A,N/A,N/A,N/A,N/A,N/A,N/A,D35,CO2,正向,空气污染；能源供应安全；工业发展,大气污染防治资金管理办法（财资环〔2025〕155号）；大气污染防治法；北方地区冬季清洁取暖规划（2017-2021年）；国务院大气污染防治行动计划（国发〔2013〕37号）,http://zyhj.mof.gov.cn/zxzyzf/dqwrfzzj/202412/t20241203_3948830.htm,https://www.gov.cn/zhengce/content/2018-07/03/content_5303158.htm; http://zyhj.mof.gov.cn/zxzyzf/dqwrfzzj/
CHNSUBESPI01S000,工具,补贴,生态系统服务付费,农业、林业和其他土地利用,农业；森林；草地,退耕还林还草,Grain for Green / Sloping Land Conversion Program,N/A,对水土流失严重、沙化、盐碱化、石漠化严重以及生态地位重要、粮食产量低而不稳的耕地，有计划地停止耕种，因地制宜地造林种草，恢复植被。国家对退耕农户给予粮食、现金补助和种苗造林费补助，实行省、自治区、直辖市人民政府负责制。自1999年试点启动，覆盖25个省（区、市）和新疆生产建设兵团，涉及1.58亿农牧民、4100万农户，中央累计投入超过5700亿元。两轮共完成退耕还林还草2.13亿亩，配套荒山荒地造林和封山育林3.1亿亩。该项目使黄土高原从碳源转变为碳汇，贡献了全球绿色净增长面积的4%以上。2022年五部门通知暂缓安排新增退耕还林还草任务，工作重心转向巩固已有成果。,水土保持和生态环境改善；农民增收和农村发展,间接,环境,中国,国家,N/A,14/12/2002,20/01/2003,N/A,2022,N/A,生效,国家林业和草原局（主管全国退耕还林实施工作）；国家发展改革委；财政部；农业农村部；自然资源部；水利部；国家粮食和物资储备局；省级人民政府,农田；林地；草地,新建；既有,水土流失严重、沙化、盐碱化、石漠化严重以及生态地位重要、粮食产量低而不稳的坡耕地为符合条件的退耕还林资产；退耕后营造的生态林、经济林和草地。第二轮退耕还林严格限定在'三区三线'耕地保护红线外的25度以上坡耕地、陡坡梯田、重要水源地15-25度坡耕地、严重沙化耕地和严重污染耕地。,N/A,坡度大于25度（非西北地区）或大于15度（西北地区）的陡坡耕地；严重沙化、盐碱化、石漠化耕地；重要水源地15-25度坡耕地。,个人；企业,退耕农户（土地承包经营权人或经营权流转受让方）为主要受益主体；村集体经济组织、农民专业合作社和林业企业（承担部分造林和管护任务）。涉及约4100万农户、1.58亿农牧民。,保存、保护或储藏；生产、发电或转化,退耕农户在与村集体经济组织签订退耕还林合同后，停止在退耕坡耕地上种植农作物，按合同约定完成造林或种草，恢复林草植被。地方政府和林业部门负责检查验收、兑现补助资金、管护和林草资源管理。,100,元/亩/年,2022年五部门通知规定的延长补助标准：退耕还林现金补助延长5年，每亩共500元（每年100元/亩）；退耕还草现金补助延长3年，每亩共300元（每年100元/亩）。此前2007年国务院通知标准为：长江流域及南方地区每亩每年补助现金105元+管护费20元=125元/亩/年，黄河流域及北方地区每亩每年补助现金70元+管护费20元=90元/亩/年；补助期：还生态林8年、还经济林5年、还草2年。新一轮退耕还林还草一次性总额补助：退耕还林1200元/亩（第1年500、第3年300、第5年400），退耕还草850元/亩（第1年450、第3年400）；种苗造林费一次性50元/亩。来源：2022年五部门通知（自然资发〔2022〕191号）；2007年国务院通知（国发〔2007〕25号）。,退耕农户须与村集体经济组织或乡级人民政府签订退耕还林合同，按合同约定的面积、树种和完成期限完成造林或种草任务，并管护林草地。退耕地块须符合国家允许退耕的5种情形：25度以上坡耕地、陡坡梯田、重要水源地15-25度坡耕地、严重沙化耕地、严重污染耕地。退耕还林后应及时办理土地用途变更登记。2022年通知要求加快推进退耕地块上图入库并纳入国土空间规划'一张图'。,N/A,按年度分批次检查验收、公示并兑现补助：退耕农户造林种草经验收合格后，经公示无异议，按年度和合同约定数额发放现金补助或粮食折现补助；验收不合格的补植补造合格后再兑现。,N/A,N/A,N/A,N/A,每年每亩100元延长补助；此前补助标准按流域和生态类型分档。中央累计投入超过5700亿元（截至2022年底），2022年延长补助新增360多亿元中央财政资金。,N/A,中央财政按退耕面积和补助标准测算补助资金，分年度纳入中央财政预算，拨付至省级财政。补助资金通过县级财政部门会同林业主管部门以'一卡通'等方式直接发放到退耕农户银行账户。实行公示制。,退耕还林延长补助期5年（每年100元/亩）；退耕还草延长补助期3年（每年100元/亩）。此前补助期：还生态林8年、还经济林5年、还草2年。各省可在国家标准基础上适当提高，超出部分由地方财政承担。,县级人民政府林业主管部门会同财政等部门负责检查验收和政策兑现。补助资金实行专款专用、分账核算。骗取、截留、挪用补助资金的行为按退耕还林条例第六章法律责任条款追究。省级政府负总责并纳入林长制督导考核。,N/A,N/A,N/A,N/A,N/A,N/A,N/A,N/A,N/A,N/A,N/A,N/A,A02,CO₂,正向,空气污染；技术创新；产业发展,退耕还林条例（2002年12月14日国务院令第367号公布，根据2016年2月6日国务院关于修改部分行政法规的决定修订，现行有效）,https://www.gov.cn/gongbao/content/2016/content_5139491.htm,https://www.gov.cn/zhengce/zhengceku/2008-03/28/content_2767.htm; http://app.www.gov.cn/govdata/gov/202211/12/494165/article.html
CHNSUBESPI02S000,工具,补贴,生态系统服务付费,农业、林业和其他土地利用,林业；森林,森林生态保护修复补偿,Forest Ecological Benefit Compensation,N/A,"森林生态保护修复补偿制度原名森林生态效益补偿制度，依据《森林法》第七条建立，由中央和地方财政对划定为国家级公益林的森林的管护主体提供面积基准补偿资金，补偿因限伐禁伐丧失的发展机会，激励持续管护和提质增效，涵盖水源涵养、碳汇碳储存、生物多样性保护、土壤保持和空气净化等多种生态系统服务。2024年12月，财政部、国家林草局修订印发《林业草原生态保护恢复资金管理办法》（财资环〔2024〕159号），将森林生态效益补偿统一纳入""森林生态保护修复补偿支出""框架。",森林生态系统保护与恢复；碳固存；生物多样性保护；水源涵养,间接,环境,中国,国家,N/A,10/12/2004,20/11/2001,N/A,05/12/2024,财政部、国家林业和草原局2024年12月5日修订印发林业草原生态保护恢复资金管理办法（财资环〔2024〕159号），将森林生态效益补偿纳入林业生态保护恢复补偿支出统一管理，有效期至2027年。此前历次调整：2010年集体和个人国家级公益林补偿标准提高至10元/亩/年；2013年提高至15元/亩/年；2015-2017年国有国家级公益林补偿标准从5元/亩/年逐步提高至10元/亩/年；2019年起现行标准：国有10元/亩/年，集体和个人16元/亩/年。,生效,国家林业和草原局（主管全国公益林区划界定和管理）；财政部（主管补偿资金管理）；省级和县级林业主管部门及财政部门,森林,既有,依据国家级公益林区划界定办法（林资发〔2017〕34号）划定的国家级公益林，包括防护林和特种用途林（水源涵养林、水土保持林、防风固沙林、护岸林、自然保护区林等）。国有国家级公益林和集体/个人所有国家级公益林分别适用不同补偿标准。,N/A,按国家级公益林区划界定办法规定的生态区位和技术标准划定：包括重要江河源头、江河两岸、国家级自然保护区、重要水库周边、荒漠化和水土流失严重地区、国防边境地区等生态区位的森林、林木和林地。,个人；企业；政府,国家级公益林的管护主体（补偿对象）：国有林场和森工企业（国有国家级公益林）；集体经济组织（集体所有国家级公益林）；个体林农和林权权利人（个人所有国家级公益林）。全国涉及数百万林农和数千个国有林场。,保存、保护或储藏,对国家级公益林实施严格保护管理：一级保护公益林严禁任何生产经营活动；二级保护公益林可按规定进行抚育和更新性质的采伐，但须符合技术标准并经审批。管护主体负责日常巡护、防火、病虫害防治和禁伐禁垦监管。,10;16,元/亩/年,现行中央财政补偿标准（2019年起）：国有国家级公益林10元/亩/年（其中公共管护支出0.25元/亩）；集体和个人所有国家级公益林16元/亩/年。此前集体和个人标准为15元/亩/年（2013-2018年）、10元/亩/年（2010-2012年）、5元/亩/年（2004-2009年）。国有标准历经5元（2004）、6元（2015）、8元（2016）、10元/亩/年（2017）。各省和地方可另行配套提高标准。来源：财资环〔2024〕159号；国家林草局补偿标准复文。,按国家级公益林管理办法（林资发〔2017〕34号）实行分级管理。一级保护：不得开展任何生产经营活动。二级保护：抚育间伐须满足郁闭度≥0.8、采伐强度≤蓄积量15%、伐后郁闭度≥0.6等技术标准；更新采伐（限择伐）间隔期不少于一个龄级，25度以上坡度采伐强度≤15%。严禁将公益林改造为商品林。国家级公益林占用须实行'占补平衡'。,N/A,按年度检查验收：县级林业主管部门负责对公益林管护责任主体进行检查验收，经验收合格并经村级或林场级公示无异议后，兑现补偿资金。管护效果不达标的责令整改，验收不合格的暂停或扣减补偿资金。,N/A,N/A,N/A,约180亿元/年（2020年中央财政森林生态效益补偿补助支出；来源：国家发展改革委2022年新闻发布会披露年度安排中央财政资金超过300亿元用于森林生态效益补偿相关支出，其中包括天然林保护等合并项目）。,中央财政基准标准：国有10元/亩/年，集体和个人16元/亩/年。各省和地方财政可在此基础上另行配套，如浙江省已将综合补偿标准提高至55元/亩/年。中央财政按因素法和项目法分配资金，未设全国统一总上限。,N/A,中央财政按公益林面积和补偿标准测算补助资金，分年度纳入中央财政预算并拨付至省级财政。县级财政部门会同林业主管部门通过'一卡通'或银行转账方式直接发放至林权权利人账户。补偿对象包括国有林场、集体经济组织和个体林农。实行公示制（村/林场级公示），确保补偿对象、面积、标准、金额公开透明。,年度持续拨付，未规定终止期限。该制度自2004年正式建立以来已连续运行超过20年，为长期性制度安排。,县级林业主管部门会同财政部门负责检查验收和政策兑现。补偿资金实行专款专用、单独核算。骗取、截留、挪用补偿资金的行为按森林法及相关财政法规追责。公益林管护纳入林长制考核。国家级公益林调出或等级调整须经省级林业主管部门和财政部门审批并报国家林草局和财政部备案。,N/A,N/A,N/A,林业草原生态保护恢复资金管理办法（财资环〔2024〕159号）,https://www.gov.cn/gongbao/2024/issue_11506/202408/content_6966478.html,N/A,N/A,N/A,N/A,N/A,约117亿吨CO2（按中国森林植被碳储量约78亿吨碳×44/12折算；来源：国家林草局第九次全国森林资源清查，森林植被碳储量78.11亿吨；公益林蓄积量占全国森林蓄积量约67%）。,N/A,A02,CO₂,正向,空气污染；生物多样性保护；流域保护；土壤保持；适应气候变化,中华人民共和国森林法（2019年修订）第七条、第二十九条；林业草原生态保护恢复资金管理办法（财资环〔2024〕159号）,https://www.gov.cn/gongbao/2024/issue_11506/202408/content_6966478.html,https://www.forestry.gov.cn/main/3949/20191228/204438950228990.html; http://www.mof.gov.cn/gkml/caizhengwengao/caizhengbuwengao2007/caizhengbuwengao20075/200805/t20080519_26401.htm; https://www.forestry.gov.cn/c/www/gkgfxwj/300449.jhtml
CHNSUBESPI03S000,工具,补贴,生态系统服务付费,农业、林业和其他土地利用,草地；畜牧业,草原生态保护补助奖励,Grassland Ecological Protection Subsidy and Reward,N/A,草原生态保护补助奖励机制由国务院第128次常务会议（2010年10月12日）决定建立，自2011年起实施，对13个省（自治区）和新疆生产建设兵团、北大荒农垦集团的草原实行禁牧补助和草畜平衡奖励。该政策通过中央财政转移支付，向符合条件的牧民按草原面积发放禁牧补助和草畜平衡奖励资金，引导牧民减少草原放牧强度、实现草畜平衡，促进草原生态恢复。截至第三轮（2021-2025年），政策覆盖657个县（旗/团场），涉及约38亿亩草原（禁牧约12.1亿亩，草畜平衡约26.1亿亩），惠及1200余万户牧民。三轮累计中央财政投入超过2300亿元。第四轮（2026-2030年）已由2026年中央一号文件宣布完善实施。,草原生态保护与恢复；保障畜产品供给；促进牧民增收,间接,环境,中国,国家,N/A,12/10/2010,01/01/2011,N/A,2021,第三轮政策（2021-2025年）由财政部、农业农村部、国家林业和草原局联合印发第三轮草原生态保护补助奖励政策实施指导意见（财农〔2021〕82号）。主要变化：年度预算从约155.6亿元提高至约168亿元；引入动态调整机制（禁牧区恢复后可转为草畜平衡区）；简化为禁牧补助和草畜平衡奖励两个核心项目加绩效奖励。第四轮（2026-2030年）已由2026年中央一号文件宣布'完善第四轮草原生态保护补助奖励政策'，截至本次填报正式实施指导意见尚未公布。,生效,财政部（主管资金管理）；农业农村部（主管政策实施）；国家林业和草原局（主管草原生态监测）；省级和县级农牧、财政、林草主管部门,草地,既有,内蒙古、新疆、西藏、青海、四川、甘肃、宁夏、云南、河北、山西、辽宁、吉林、黑龙江等13个省（自治区）以及新疆生产建设兵团、北大荒农垦集团的天然草原。分为禁牧区（生态脆弱、严重退化的草原）和草畜平衡区（其他可利用草原）。,N/A,禁牧区：生态脆弱、严重退化、不宜放牧的草原，包括自然保护区、重要湿地草原和严重退化区。草畜平衡区：禁牧区以外的所有可利用天然草原。,个人,持有草原承包经营权证或签订了草原承包经营合同的牧民（牧户）。涉及约1200余万户牧民。,保存、保护或储藏,禁牧区：禁牧补助。牧民完全停止在禁牧草原上放牧，草原实行封育保护。草畜平衡区：草畜平衡奖励。牧民可在草畜平衡区放牧，但须将牲畜数量控制在核定载畜量以内，并按规定实行季节性休牧。,7.5;2.5,元/亩/年,第三轮（2021-2025年）国家标准上限：禁牧补助7.5元/亩/年；草畜平衡奖励2.5元/亩/年。此前第一轮（2011-2015年）禁牧6元/亩/年、草畜平衡1.5元/亩/年。各省实际执行标准由省级政府在国家上限内确定，区域差异较大。来源：财农〔2021〕82号。,禁牧区：牧民须签订禁牧协议，确保草原在禁牧期内不放牧。草畜平衡区：牧民须签订草畜平衡协议，按核定载畜量控制放牧规模，超出载畜量10%以上将扣减奖励资金。实行'四到省'（资金、任务、目标、责任到省），由省级政府制定实施方案并组织落实。,N/A,按年度检查验收：县级农牧和财政部门组织对牧民禁牧和草畜平衡执行情况进行检查，核实草原植被恢复和载畜量达标情况。验收合格的，通过'一卡通'发放补助奖励资金；禁牧区违规放牧累计3次取消补助资格；草畜平衡区超载>10%扣减奖励。,N/A,N/A,N/A,约168亿元/年（第三轮2021-2025年中央财政年度安排；来源：财政部）。三轮累计超过2300亿元。,国家标准上限：禁牧补助7.5元/亩/年，草畜平衡奖励2.5元/亩/年。各省可在上限内确定具体标准，个别省份如甘肃部分区域禁牧标准可达28.22元/亩/年。设户均上限（多数地区不超过8000-9000元/年/户）以防止'垒大户'。,N/A,中央财政按禁牧面积和草畜平衡面积以因素法分配资金至省级财政；省级财政细化至县级；县级农牧部门会同财政部门核定每户面积后，将补助奖励资金通过'一卡通'系统直接发放至牧民银行账户。实行村级公示制。,按轮次实施，每轮5年：第一轮2011-2015年，第二轮2016-2020年，第三轮2021-2025年，第四轮2026-2030年已宣布。每轮结束后根据评估结果调整延续。,县级农牧和财政部门负责检查验收和政策兑现。禁牧区违规放牧的，第二次违规扣减50%补助，第三次取消补助资格。草畜平衡区超载>10%的扣减奖励资金。草原管护纳入草原承包经营者责任，部分地区设立草原管护员（公益性岗位）。省级政府负总责，纳入草原生态保护考核。,N/A,N/A,N/A,N/A,N/A,N/A,N/A,N/A,N/A,N/A,N/A,N/A,A01,CO₂; CH₄; N₂O,正向,空气污染；生物多样性保护；土壤保持；流域保护；适应气候变化,中华人民共和国草原法第三十五条、第四十五条、第四十七条、第四十八条；第三轮草原生态保护补助奖励政策实施指导意见（财农〔2021〕82号）,https://www.moa.gov.cn/govpublic/CWS/201112/t20111222_2441035.htm,http://www.mof.gov.cn/gp/xxgkml/nys/201201/t20120116_2500355.htm; https://jcs.moa.gov.cn/trzgl/201603/t20160304_5040527.htm; http://www.mof.gov.cn/zhengwuxinxi/caijingshidian/zyzfmhwz/201010/t20101013_342428.htm; https://www.moa.gov.cn/govpublic/CWS/202407/t20240711_6458804.htm
CHNSUBESPI03S001,子方案,补贴,生态系统服务付费,农业、林业和其他土地利用,草地；畜牧业,草原生态保护补助奖励—禁牧补助子方案,Grassland Ecological Protection Subsidy and Reward - Grazing Ban Subsidy subscheme,草原生态保护补助奖励,禁牧补助是草原生态保护补助奖励机制的核心组成部分之一，针对生态脆弱、严重退化和不宜放牧的禁牧区草原，向持有草原承包经营权的牧民按面积发放现金补助（国家标准上限7.5元/亩/年），补偿其因完全停止放牧而损失的收入。禁牧区牧民须签订禁牧协议，确保草原在禁牧期内不放牧。覆盖约12.1亿亩禁牧草原。,草原生态保护与恢复；保障牧民收入,间接,环境,中国,国家,N/A,12/10/2010,01/01/2011,N/A,2021,第三轮政策（2021-2025年）将禁牧补助国家标准上限从6元/亩/年提高至7.5元/亩/年，并引入禁牧区动态调整机制：禁牧区草原恢复达到标准的可转为草畜平衡区。,生效,财政部；农业农村部；国家林业和草原局；省级和县级农牧、财政主管部门,草地,既有,生态脆弱、严重退化和不宜放牧的禁牧区天然草原，包括自然保护区、重要湿地草原和严重退化草原区。禁牧区与草畜平衡区互斥——同一地块不得同时既为禁牧区又为草畜平衡区。,N/A,禁牧区由各省级政府根据草原退化程度、生态功能重要性等因素在国家指导意见框架内划定。,个人,持有禁牧区草原承包经营权证的牧民（牧户）。全国涉及数百万户禁牧区牧民。,保存、保护或储藏,牧民在禁牧区完全停止放牧活动，草原实行封育保护。牧民须签订禁牧协议，承诺在禁牧期内不在禁牧草原上从事放牧活动。,7.5,元/亩/年,第三轮（2021-2025年）国家标准上限7.5元/亩/年。此前第一轮（2011-2015年）标准为6元/亩/年，第二轮（2016-2020年）部分地区已调高至7.5元/亩/年。各省在国家上限内确定具体执行标准，区域差异较大。来源：财农〔2021〕82号。,牧民须持有禁牧区草原承包经营权证，签订禁牧协议，确保禁牧草原在禁牧期内完全不放牧。实行'四到省'管理：资金、任务、目标、责任到省。,N/A,按协议面积和补贴标准计算每户应发补助金额。县级农牧部门组织检查核验禁牧执行情况，确认未发生违规放牧后通过'一卡通'发放补助。违规放牧累计2次扣减50%补助，累计3次取消补助资格。,N/A,N/A,N/A,N/A,国家标准上限7.5元/亩/年。各省可在上限内自行确定，个别区域由于生态重要性可大幅上浮。多数地区设户均上限（不超过8000-9000元/年）。,N/A,中央财政按禁牧面积分配资金→省级细化→县级核定每户禁牧面积→通过'一卡通'直接发放至牧民银行账户。村级公示。,按轮次实施，每轮5年。首轮2011-2015年，第二轮2016-2020年，第三轮2021-2025年，第四轮2026-2030年已宣布。禁牧期内补助每年发放。,县级农牧部门定期检查禁牧区放牧情况。第一次违规警告，第二次扣减50%补助，第三次取消补助资格并收回禁牧区草原承包经营权。草原管护纳入草原承包经营者责任，设立草原管护员公益性岗位。,N/A,N/A,N/A,N/A,N/A,N/A,N/A,N/A,N/A,N/A,N/A,N/A,A01,CO₂; CH₄,正向,生物多样性保护；土壤保持；流域保护；适应气候变化,草原法第三十五条、第四十七条；财农〔2021〕82号,https://www.moa.gov.cn/govpublic/CWS/201112/t20111222_2441035.htm,http://www.mof.gov.cn/gp/xxgkml/nys/201201/t20120116_2500355.htm
CHNSUBESPI03S002,子方案,补贴,生态系统服务付费,农业、林业和其他土地利用,草地；畜牧业,草原生态保护补助奖励—草畜平衡奖励子方案,Grassland Ecological Protection Subsidy and Reward - Grass-Livestock Balance Reward subscheme,草原生态保护补助奖励,草畜平衡奖励是草原生态保护补助奖励机制的另一核心组成部分，针对除禁牧区以外的所有可利用天然草原（草畜平衡区），对将牲畜数量控制在核定载畜量以内的牧民按面积发放奖励资金（国家标准上限2.5元/亩/年），激励草原的可持续利用。草畜平衡区牧民须签订草畜平衡协议，确保年度放牧规模不超过科学核定的草原载畜能力，并按规定实行季节性休牧。覆盖约26.1亿亩草畜平衡草原。,草原可持续利用；保障畜产品供给；促进牧民增收,间接,环境,中国,国家,N/A,12/10/2010,01/01/2011,N/A,2021,第三轮政策（2021-2025年）将草畜平衡奖励国家标准上限从1.5元/亩/年提高至2.5元/亩/年，并引入动态调整机制：草畜平衡区草原退化的可转为禁牧区。,生效,财政部；农业农村部；国家林业和草原局；省级和县级农牧、财政主管部门,草地,既有,禁牧区以外的所有可利用天然草原（草畜平衡区）。草畜平衡区与禁牧区互斥——同一地块不得同时既为禁牧区又为草畜平衡区。草原恢复达标后，禁牧区可动态调整为草畜平衡区。,N/A,草畜平衡区由各省级政府在禁牧区划定之外，根据可利用草原分布和承载能力确定。,个人,持有草畜平衡区草原承包经营权证的牧民（牧户）。全国涉及数百万户草畜平衡区牧民。,保存、保护或储藏；生产、发电或转化,牧民可在草畜平衡区按核定载畜量放牧，但须将牲畜数量控制在核定的合理载畜量以内，并按当地规定实行季节性休牧（一般在春季返青期休牧45天以上）。牧民须签订草畜平衡协议，承诺不超载放牧。,2.5,元/亩/年,第三轮（2021-2025年）国家标准上限2.5元/亩/年。此前第一轮（2011-2015年）标准为1.5元/亩/年，第二轮（2016-2020年）部分地区已调高至2.5元/亩/年。各省在国家上限内确定具体执行标准。来源：财农〔2021〕82号。,牧民须持有草畜平衡区草原承包经营权证，签订草畜平衡协议，确保年度放牧规模不超过经核定公布的草原载畜量。超载10%以上将扣减奖励。须按规定落实季节性休牧制度。,N/A,按协议面积和奖励标准计算每户奖励金额。县级农牧部门定期监测草畜平衡区草原植被生长和载畜量达标情况。超载≤10%的，按超载比例扣减奖励；超载>10%的，扣减或取消当年度奖励。验收合格后通过'一卡通'发放。,N/A,N/A,N/A,N/A,国家标准上限2.5元/亩/年。各省可在上限内自行确定。设户均上限（多数地区不超过8000-9000元/年）。,N/A,中央财政按草畜平衡面积分配资金→省级细化→县级核定每户草畜平衡面积→通过'一卡通'直接发放。村级公示。,按轮次实施，每轮5年。首轮2011-2015年，第二轮2016-2020年，第三轮2021-2025年，第四轮2026-2030年已宣布。草畜平衡奖励每年发放。,县级农牧部门定期监测草原载畜量和植被状况。超载>10%的扣减或取消当年度奖励资金。草原管护纳入承包经营者责任，设立草原管护员公益性岗位巡护。省级政府负总责。,N/A,N/A,N/A,N/A,N/A,N/A,N/A,N/A,N/A,N/A,N/A,N/A,A01,CO₂; CH₄,正向,生物多样性保护；土壤保持；适应气候变化；产业发展,草原法第三十五条、第四十五条；财农〔2021〕82号,https://www.moa.gov.cn/govpublic/CWS/201112/t20111222_2441035.htm,http://www.mof.gov.cn/gp/xxgkml/nys/201201/t20120116_2500355.htm
CHNSUBESPI04S000,工具,补贴,生态系统服务付费,农业、林业和其他土地利用,草地；畜牧业,退牧还草,Returning Grazing Land to Grassland,N/A,退牧还草工程是国务院2002年批准、2003年启动的重大草原生态建设工程。该工程对生态脆弱和严重退化的草原实行禁牧围栏、休牧轮牧、补播改良，并建设人工饲草地和舍饲棚圈等基础设施，引导牧民从传统自由放牧向舍饲圈养转变。工程覆盖内蒙古、新疆、青海、甘肃、四川、西藏、宁夏、云南等8省（区）和新疆生产建设兵团的215个县（旗），涉及约120万户牧民。截至2012年，累计完成围栏建设约9.1亿亩（约60.7万平方公里），补播改良约2.3亿亩。2003-2010年中央累计投入约209亿元（含建设资金和饲料粮补助）。2011年起，饲料粮补助转为草原生态保护补助奖励机制（CHNSUBESPI03S000），退牧还草工程继续承担围栏、补播、人工饲草地和棚圈建设等基础设施建设职能。,草原生态恢复；防治荒漠化；水土保持；牧民生产方式转变,间接,环境,中国,国家,N/A,16/09/2002,18/03/2003,N/A,2021,2021年国务院办公厅印发关于加强草原保护修复的若干意见（国办发〔2021〕7号），将退牧还草工程纳入草原保护修复和'山水林田湖草沙'一体化保护修复总体框架。'十四五'规划（2021-2025年）设定退化草原修复2.3亿亩目标。此前的2011年关于完善退牧还草政策的意见（发改西部〔2011〕1856号）将饲料粮补助从退牧还草中剥离并转入草原生态保护补助奖励机制。,生效,国家发展改革委（主管工程投资计划）；国家林业和草原局（主管工程实施）；财政部（主管资金管理）；农业农村部；省级和县级发改、林草、农牧主管部门,草地,既有,全国生态脆弱区和严重退化区的天然草原，主要分布在内蒙古、新疆、青海、甘肃、四川、西藏、宁夏、云南等8省（区）和新疆生产建设兵团。工程区草原须符合禁牧围栏、休牧轮牧或补播改良的条件。,N/A,按国务院关于加强草原保护与建设的若干意见（国发〔2002〕19号）和国家发改委等部门下达的年度退牧还草任务范围确定。各省在中央下达任务内自主选择具体地块。,个人；企业,退牧还草工程区的草原承包经营牧民（牧户）为主要受益和实施主体。牧区集体经济组织、牧民专业合作社和牧业企业参与饲草地建设和舍饲棚圈运营。涉及约120万户牧民。,保存、保护或储藏；生产、发电或转化,退牧还草工程包括：禁牧围栏封育（使严重退化草原完全排除放牧）；休牧轮牧围栏（季节性或轮换性放牧管理）；重度退化草原补播改良（补播草种恢复植被）；人工饲草地建设（种植优质饲草减轻天然草原放牧压力）；舍饲棚圈建设（建设标准80平方米畜棚支持舍饲圈养）。,20;160;3000,元/亩；元/亩；元/户,2011年政策（发改西部〔2011〕1856号）提高后标准：围栏建设中央投资青藏高原区20元/亩、其他地区16元/亩（中央承担80%）；退化草原补播改良20元/亩；人工饲草地建设160元/亩；舍饲棚圈建设3000元/户。此前2003年试点标准：围栏青藏高原25元/亩、其他20元/亩（中央70%），补播10元/亩，饲料粮禁牧区2.75kg或5.5kg/亩/年（2004年起折现）。2011年起饲料粮补助不再安排，改由草原补奖机制（CHNSUBESPI03S000）覆盖。,实行'五项到省'（目标、任务、资金、粮食<后为现金>、责任到省），由省级政府制定年度实施方案并组织落实。工程区牧民须签订退牧还草合同，按合同约定对禁牧围栏草原实行完全禁牧、对休牧轮牧区按规定休牧。工程建设须符合草原围栏、补播等技术标准。,N/A,按年度下达任务并检查验收：工程建设进度按年度考核；围栏、补播、棚圈等建设任务须按国家下达的年度计划完成。退牧还草任务完成情况和草畜平衡执行情况由县级林草和农牧部门组织检查验收。,N/A,N/A,N/A,N/A,围栏建设中央投资：青藏高原区20元/亩、其他地区16元/亩（中央承担80%）；补播改良20元/亩；人工饲草地160元/亩；舍饲棚圈3000元/户。自2011年起饲料粮补助已转入草原生态保护补助奖励机制（CHNSUBESPI03S000），退牧还草工程不再安排饲料粮补助。,N/A,中央财政按年度退牧还草任务下达投资计划至省级发改和财政部门。工程资金通过项目制管理，围栏、补播、饲草地和棚圈建设由县级林草部门或乡镇政府统一组织实施或由牧民自行建设经检查验收后报销。实行'先建后补'或政府采购统一施工等模式。,退牧还草工程为长期性草原生态建设项目，自2003年启动已连续实施超过20年，目前纳入'十四五'草原保护修复规划继续实施。禁牧围栏区一般实施5年以上或长期禁牧。,县级林草和农牧部门负责工程进度检查、禁牧围栏区放牧巡查和工程质量验收。违规放牧的牧民按草原法和退牧还草管理规定处罚，情节严重者可收回草原承包经营权。围栏等工程设施由受益牧民或集体经济组织负责管护，损坏的由责任主体修复。省级政府负总责。,N/A,N/A,N/A,N/A,N/A,N/A,N/A,N/A,N/A,N/A,N/A,N/A,A01,CO₂; CH₄,正向,生物多样性保护；土壤保持；流域保护；适应气候变化；技术创新,中华人民共和国草原法第三十五条、第四十六条、第四十七条、第四十八条；国务院关于加强草原保护与建设的若干意见（国发〔2002〕19号）,http://www.gov.cn/gongbao/content/2002/content_61781.htm,https://www.ndrc.gov.cn/xxgk/zcfb/tz/201109/t20110919_964818.html; http://www.gov.cn/gongbao/content/2021/content_5600082.htm; https://www.moa.gov.cn/govpublic/XMYS/201006/t20100606_1534930.htm
CHNSUBESPI05S000,工具,补贴,生态系统服务付费,农业、林业和其他土地利用,林业；森林,天然林资源保护工程,Natural Forest Protection Program,N/A,天然林资源保护工程（天保工程）是中国投资规模最大的生态保护工程之一，1998年试点、2000年正式启动，旨在全面停止天然林商业性采伐，保护和恢复天然林资源。一期（2000-2010年）覆盖长江上游、黄河上中游和东北内蒙古等重点国有林区，对天然林实施禁伐限伐，完成公益林建设1.75亿亩，分流安置富余职工67.5万人。二期（2011-2020年）将禁伐范围扩大至全国，2016年实现全面停止天然林商业性采伐，管护天然林面积19.44亿亩，累计增加森林碳汇4.16亿吨。1998-2020年累计投资超过5000亿元。2019年中共中央办公厅、国务院办公厅印发天然林保护修复制度方案，将天保工程从阶段性的'工程'提升为永久性的'制度'。2025年六部门印发天然林保护修复中长期规划（2021-2035年），将原有分项资金整合为统一的'森林保护修复补助'，目标至2035年保持天然林面积25.8亿亩。该工程使中国天然林蓄积量净增13.75亿立方米，贡献了超过我国哥本哈根承诺的13亿立方米森林蓄积增长目标。,天然林生态系统保护与恢复；防治水土流失；生物多样性保护；应对气候变化,间接,环境,中国,国家,N/A,24/10/2000,01/12/2000,N/A,23/07/2019,2019年7月23日，中共中央办公厅、国务院办公厅印发天然林保护修复制度方案（厅字〔2019〕39号），将天然林保护从阶段性的'天然林资源保护工程'提升为永久性的'天然林保护修复制度'，要求全面保护天然林、严格限制采伐、建立永久性管护制度、实行天然林保护修复责任终身追究制，并明确要求制定天然林保护条例。2025年2月，六部门（国家林草局、国家发展改革委、财政部、人社部、自然资源部、金融监管总局）联合印发天然林保护修复中长期规划（2021-2035年），将原有分散的管护、社保、政社、抚育和停伐补助等资金整合为统一的'森林保护修复补助'。,生效,国家林业和草原局（主管全国天然林保护修复工作）；国家发展改革委（主管工程投资规划）；财政部（主管资金管理）；人力资源和社会保障部（主管职工安置和社会保障）；自然资源部；金融监管总局；省级和县级林草、财政、人社部门；重点国有林区林业局,森林,既有,全国范围内的天然林资源，重点包括长江上游、黄河上中游和东北内蒙古等重点国有林区17个省（自治区、直辖市）的天然林。工程区林业用地面积12.37亿公顷，天然林面积5643万公顷（约占全国天然林面积的53%）。天然林保护与国家级公益林管理制度正在逐步并轨。,N/A,按国务院批准的长江上游、黄河上中游地区天然林资源保护工程实施方案和东北、内蒙古等重点国有林区天然林资源保护工程实施方案划定的工程区范围，以及后续扩展至全国的天然林全面禁伐范围。,个人；企业；政府,工程区国有森工企业、国有林场和林业局（天然林管护和抚育的主要实施主体）；工程区集体林权权利人和个体林农（参与管护和公益林建设）；工程区分流安置的林业职工（通过转岗管护、一次性安置、发展林下经济等方式安置）。涉及约67.5万名分流安置职工。,保存、保护或储藏；生产、发电或转化,全面停止天然林商业性采伐（2016年起全国实施）；天然林森林管护（日常巡护、防火、病虫害防治、资源监测）；公益林建设（人工造林500元/亩、封山育林100元/亩、飞播造林）；中幼龄林抚育（120元/亩）；后备资源培育；国有林区富余人员分流安置（转岗管护、一次性安置、林下经济、森林旅游等替代产业）。,500;100;120,元/亩,天保工程二期（2011-2020年）主要投资标准：人工造林500元/亩；封山育林100元/亩；中幼龄林抚育120元/亩。来源：国家发展改革委和国家林草局天保二期实施方案。2025年中长期规划将各项分项资金整合为统一的'森林保护修复补助'。,全面停止天然林商业性采伐。天然林管护实行责任区管理，管护人员按管护面积和巡护频次要求（GPS跟踪巡护）履行职责。公益林建设须符合GB/T 18337.1（造林技术规程）、GB/T 18337.3（封山育林技术规程）、LY/T 1646（森林抚育规程）等国家标准。天然林保护修复实行领导干部自然资源资产离任审计和终身责任追究制。,N/A,按年度进行天然林保护修复成效核查：天然林面积、蓄积量、森林覆盖率和天然林保护状况纳入国家-省级-县级三级年度监测。实行'国家—省级—县级'三级核查验收体系：省级自查→国家级核查→结果通报。管护效果不达标的责令整改并扣减补助资金。,N/A,N/A,N/A,约250亿元/年（天保二期2011-2020年年均中央投资244亿元；来源：国家发改委天保二期方案。1998-2020年累计中央投资超过5000亿元）。,天保二期标准：人工造林500元/亩，封山育林100元/亩，中幼龄林抚育120元/亩。管护费用按管护面积由各省在中央补助总额内自主确定。社保补助按实际参保人数和缴费基数核定。2025年中长期规划将各项分项资金整合为统一的'森林保护修复补助'，具体分项上限不再延续。,N/A,中央财政按因素法（工程区面积、天然林面积、职工人数等）和项目法分配资金至省级财政。省级财政细化至县级或直属森工企业。管护人员工资通过林业局或林场工资系统发放；分流安置职工的社会保险补助通过社保系统拨付；集体和个人林地管护补助通过'一卡通'发放。,天保工程一期10年（2000-2010年），二期10年（2011-2020年）。2019年制度方案将天然林保护从阶段性工程提升为永久性制度。2025年中长期规划覆盖2021-2035年，确立了长期稳定的中央财政投入机制。,天然林保护纳入林长制考核和领导干部自然资源资产离任审计。破坏天然林资源的行为实行终身责任追究制。骗取、截留、挪用工程资金的行为按财政违法行为处罚处分条例追究。天然林调出须经国务院林业主管部门批准。公益林建设质量不达标的，责令整改并扣减相应补助。,N/A,N/A,N/A,N/A,N/A,N/A,N/A,N/A,N/A,N/A,约1000 MtCO2/年（按天保工程天然林面积约5643万公顷、中国森林平均固碳速率约1.83 tCO2/立方米蓄积增长、二期累计增加森林碳汇4.16亿吨折算年均约4160万吨CO2。另有研究估算天保工程区2000-2020年森林蓄积净增13.75亿立方米，相应固碳约25 GtCO2（累计））。,N/A,A02,CO₂,正向,空气污染；生物多样性保护；土壤保持；流域保护；适应气候变化；就业和减贫,中华人民共和国森林法（2019年修订）第三十二条；天然林保护修复制度方案（厅字〔2019〕39号）；天然林保护修复中长期规划（2025年2月六部门印发）,https://www.gov.cn/zhengce/2019-07/23/content_5413850.htm,https://www.forestry.gov.cn/c/www/gkgfxwj/300304.jhtml; https://www.forestry.gov.cn/c/www/stgtlh/608745.jhtml; http://big5.www.gov.cn/gate/big5/www.gov.cn/govweb/gzdt/2011-05/17/content_1865437.htm
CHNTAXCITI01S000,工具,税收,企业所得税优惠,工业；建筑,工业能效；建筑能效,节能服务公司实施合同能源管理项目的所得定期减免企业所得税,CIT incentive for energy performance contracting,企业所得税优惠政策体系,符合条件的节能服务公司（ESCO）实施合同能源管理（EPC）项目，自项目取得第一笔生产经营收入所属纳税年度起，第一年至第三年免征企业所得税，第四年至第六年减半征收企业所得税（实际税率12.5%）。节能服务公司须同时满足以下条件：具有独立法人资格，注册资本不低于100万元人民币；实施节能效益分享型合同能源管理项目；节能服务公司投资比例不低于项目总投资的70%；拥有匹配的专职技术人员和合同能源管理人才；实行查账征收的居民企业；于年度终了后4个月内完成税务机关备案。政策依据为中华人民共和国企业所得税法第二十七条、企业所得税法实施条例第八十八条、财政部 国家税务总局关于促进节能服务产业发展增值税营业税和企业所得税政策问题的通知（财税〔2010〕110号）及国家税务总局 国家发展改革委关于落实节能服务企业合同能源管理项目企业所得税优惠政策有关征收管理问题的公告（国家税务总局 国家发展改革委公告2013年第77号）。,能效提升；产业发展,直接,供给侧,中国,国家,N/A,30/12/2010,01/01/2011,N/A,17/12/2013,N/A,生效,财政部（负责企业所得税优惠政策制定）；国家税务总局（负责企业所得税征收和优惠政策管理）；国家发展和改革委员会（负责节能服务产业和合同能源管理项目管理）,节能项目；用能设备,既有,节能服务公司实施的合同能源管理项目，包括余热余压利用、绿色照明、电机系统节能、能源系统优化及其他节能减排技术改造项目。项目须符合合同能源管理技术通则（GB/T 24915）技术要求。,N/A,节能服务公司投资比例不低于项目总投资的70%,企业,符合条件的节能服务公司须同时满足：具有独立法人资格；注册资本不低于100万元人民币；实行查账征收的居民企业；能够独立提供用能诊断、节能项目设计、融资、改造（施工、设备安装、调试、验收）、运行管理等专业化节能服务。用能单位不直接获得该项所得税优惠。,生产、发电或转换,节能服务公司通过与用能单位签订节能效益分享型合同，投资节能设备和技术，对用能单位现有用能设备和系统进行改造，并实施运行管理。,100; 50,%（企业所得税税率百分比）,第1-3年：企业所得税免征（100%减免）。第4-6年：企业所得税减按50%征收，即12.5%税率（50%减免，法定税率25%）。若效益分享期短于6年，则按实际分享期享受优惠。,节能服务公司须同时满足：具有独立法人资格，注册资本不低于100万元人民币；实施符合合同法和GB/T 24915的节能效益分享型合同；节能服务公司投资比例不低于项目总投资的70%；拥有符合条件的专职技术人员和合同能源管理人才；实行查账征收的居民企业；于年度终了后4个月内完成税务机关备案。,第1-3年：应纳税额 = 0（免征）。第4-6年：应纳税额 = 应纳税所得额 × 25% × 50% = 应纳税所得额 × 12.5%。优惠期自项目取得第一笔生产经营收入所属纳税年度起连续计算6年。,实际效益分享期短于6年的，按实际分享期享受优惠。优惠期内项目转让的，受让方可继续享受剩余期限的优惠。,N/A,N/A,N/A,N/A,N/A,N/A,N/A,N/A,N/A,N/A,N/A,N/A,N/A,N/A,N/A,N/A,N/A,N/A,N/A,N/A,N/A,M74,CO2,正向,产业发展；技术创新；能源供应安全,中华人民共和国企业所得税法第二十七条；中华人民共和国企业所得税法实施条例第八十八条；财政部 国家税务总局关于促进节能服务产业发展增值税营业税和企业所得税政策问题的通知（财税〔2010〕110号）；国家税务总局 国家发展改革委关于落实节能服务企业合同能源管理项目企业所得税优惠政策有关征收管理问题的公告（国家税务总局 国家发展改革委公告2013年第77号）,https://fgk.chinatax.gov.cn/zcfgk/c102416/c5203598/content.html,https://www.chinatax.gov.cn/chinatax/n810341/n810765/n812146/n812300/c1080063/content.html
CHNTAXCITI02S000,工具,税收,企业所得税优惠,工业；废弃物,污水处理；废物处理；沼气利用；碳捕集利用与封存；节能改造；海水淡化,环境保护、节能节水项目企业所得税优惠,"CIT incentive for environmental protection, energy-saving and water-saving projects",企业所得税优惠政策体系,企业从事符合条件的环境保护、节能节水项目，自项目取得第一笔生产经营收入所属纳税年度起，第一年至第三年免征企业所得税，第四年至第六年减半征收企业所得税（实际税率12.5%）。项目须列入环境保护、节能节水项目企业所得税优惠目录（2021年版）（财政部 税务总局 发展改革委 生态环境部公告2021年第36号）。2021年版目录涵盖：环境污染防治（公共污水处理、公共垃圾处理、沼气综合开发利用、大气污染防治）；节能减排技术改造（能源改造、建筑节能、碳排放减排技术包括CCUS（2021年新增）、通信基站和数据中心节能）；节水改造（海水淡化）。政策依据为中华人民共和国企业所得税法第二十七条、企业所得税法实施条例第八十八条、财政部 国家税务总局关于执行环境保护项目企业所得税优惠目录有关问题的通知（财税〔2009〕59号）、国家税务总局关于环境保护节能节水项目企业所得税优惠问题的公告（国家税务总局公告2012年第30号）及上述2021年第36号公告。,污染治理；能效提升；节水,直接,供给侧,中国,国家,N/A,16/03/2007,01/01/2008,N/A,01/01/2021,N/A,生效,财政部（负责企业所得税优惠政策制定）；国家税务总局（负责企业所得税征收和优惠政策管理）；国家发展和改革委员会（参与优惠目录制定）；生态环境部（参与环境保护项目目录制定）,污水处理设施；废物处理设施；沼气项目；碳捕集利用与封存设施；建筑节能系统；通信基站和数据中心节能系统；海水淡化设施,既有; 新建,2021年版目录涵盖：（1）环境污染防治——公共污水处理、公共垃圾处理、沼气综合开发利用、大气污染防治；（2）节能减排技术改造——能源改造、建筑节能、碳排放减排技术（包括CCUS，2021年新增）、通信和数字化节能（基站和数据中心）；（3）节水改造——海水淡化。项目须满足目录规定的技术标准。,N/A,N/A,企业,从事符合目录条件的环境保护、节能节水项目的居民企业。企业须实行查账征收，采用自行申报、留存备查方式享受优惠。,生产、发电或转换,企业投资、建设和运营符合条件的环境保护、节能节水项目（如污水处理厂、垃圾处理厂、沼气项目、CCUS项目、海水淡化厂）并取得项目运营收入。,100; 50,%（企业所得税税率百分比）,第1-3年：企业所得税免征（100%减免）。第4-6年：企业所得税减按50%征收，即12.5%税率（50%减免，法定税率25%）。优惠期自项目取得第一笔生产经营收入所属纳税年度起连续计算6年。,企业须满足：项目列入2021年版目录；项目满足目录规定的技术标准；同一项目不得同时享受其他企业所得税优惠。企业采用自行评估、申报、留存备查方式。,第1-3年：应纳税额 = 0（免征）。第4-6年：应纳税额 = 项目应纳税所得额 × 25% × 50% = 项目应纳税所得额 × 12.5%。优惠期自项目取得第一笔生产经营收入所属纳税年度起连续计算6年。,企业同时经营优惠项目和非优惠项目的，应分别核算收入与成本。优惠期内项目转让的，受让方可继续享受剩余期限的优惠。,N/A,N/A,N/A,N/A,N/A,N/A,N/A,N/A,N/A,N/A,N/A,N/A,N/A,N/A,N/A,N/A,N/A,N/A,N/A,N/A,N/A,E36; E37; E38; E39,CO2; CH4; N2O,正向,环境保护；节水；废弃物减量；技术创新,中华人民共和国企业所得税法第二十七条；中华人民共和国企业所得税法实施条例第八十八条；财政部 国家税务总局关于执行环境保护项目企业所得税优惠目录有关问题的通知（财税〔2009〕59号）；国家税务总局关于环境保护节能节水项目企业所得税优惠问题的公告（国家税务总局公告2012年第30号）；财政部 税务总局 发展改革委 生态环境部关于公布〈环境保护、节能节水项目企业所得税优惠目录（2021年版）〉的公告（财政部 税务总局 发展改革委 生态环境部公告2021年第36号）,https://www.gov.cn/zhengce/zhengceku/2021-12/29/content_5665116.htm,https://www.gov.cn/zhengce/zhengceku/2021-12/29/content_5665116.htm
CHNTAXCITI03S000,工具,税收,企业所得税优惠,工业；能源,环保设备；节能设备；节水设备,环境保护、节能节水专用设备投资额抵免企业所得税,"CIT credit for investment in special equipment for environmental protection, energy-saving and water-saving",企业所得税优惠政策体系,企业购置并实际使用环境保护专用设备企业所得税优惠目录和节能节水专用设备企业所得税优惠目录（财税〔2017〕71号）规定的专用设备，其设备投资额的10%可抵免企业当年应纳税额；当年不足抵免的，可在以后五个纳税年度内结转抵免。投资额为含增值税发票金额（扣除可抵扣进项税额）。政策依据为中华人民共和国企业所得税法第三十四条、企业所得税法实施条例第一百条、财政部 国家税务总局关于执行环境保护专用设备等企业所得税优惠目录有关问题的通知（财税〔2008〕48号）、财政部 国家税务总局 国家发展改革委关于印发节能节水和环境保护专用设备企业所得税优惠目录（2017年版）的通知（财税〔2017〕71号）及国家税务总局关于环境保护节能节水安全生产等专用设备投资抵免企业所得税有关问题的通知（国税函〔2010〕256号）。,能效提升；污染治理,直接,供给侧,中国,国家,N/A,22/08/2008,01/01/2008,N/A,01/01/2017,N/A,生效,财政部（负责企业所得税优惠政策制定）；国家税务总局（负责企业所得税征收和抵免管理）；国家发展和改革委员会（参与设备目录制定）；工业和信息化部（参与设备技术标准制定）；生态环境部（参与环保设备目录制定）,环境保护专用设备；节能节水专用设备,新建,财税〔2017〕71号附件所列目录中的环境保护专用设备（如污水处理设备、废气处理设备、固体废物处理设备）和节能节水专用设备（如高效电动机、变频调速设备、余热利用设备、海水淡化设备）。三类设备目录独立；安全生产专用设备（另见目录）不符合本项优惠条件。,N/A,N/A,企业,购置并实际使用目录所列专用设备的居民企业。包括制造业企业、公用事业企业、资源综合利用企业等。企业须在年度汇算清缴时申报抵免。设备须以自有资金或银行贷款购置，不得使用政府拨款。,所有权、使用或资本形成,企业从优惠目录中购买符合条件的环境保护、节能节水专用设备并投入实际使用。设备须由企业自身实际使用（不得出租）。5年内转让或出租的，须补缴已抵免税款。,10,%（设备投资额百分比）,专用设备投资额的10%抵免企业当年应纳税额。当年不足抵免的，可在以后五个纳税年度内结转抵免。投资额不包括设备运输、安装、调试费用和退还的增值税。,企业须同时满足：（1）购置并实际使用目录所列专用设备；（2）设备以自有资金或银行贷款购置（不得使用政府拨款）；（3）设备由企业自身实际使用；（4）对专用设备投资额进行单独核算；（5）符合国税函〔2010〕256号关于投资额计算的规定。须在年度汇算清缴时申报抵免。,可抵免额 = 专用设备投资额（扣除可抵扣进项税额）× 10%。当年实际抵免额不超过当年应纳税额，不足部分结转以后五个纳税年度。,企业自设备投入使用之月起5年内转让或出租设备的，须补缴已抵免税款。补缴额 = 实际已抵免额 ×（1 - 自投入使用之月起已过月数 / 60）。,N/A,N/A,N/A,N/A,N/A,N/A,N/A,N/A,N/A,N/A,N/A,N/A,N/A,N/A,N/A,N/A,N/A,N/A,N/A,N/A,N/A,C28; D35,CO2; CH4; N2O,正向,环境保护；节水；产业发展；技术创新,中华人民共和国企业所得税法第三十四条；中华人民共和国企业所得税法实施条例第一百条；财政部 国家税务总局关于执行环境保护专用设备等企业所得税优惠目录有关问题的通知（财税〔2008〕48号）；财政部 国家税务总局 国家发展改革委关于印发节能节水和环境保护专用设备企业所得税优惠目录（2017年版）的通知（财税〔2017〕71号）；国家税务总局关于环境保护节能节水安全生产等专用设备投资抵免企业所得税有关问题的通知（国税函〔2010〕256号）,https://fgk.chinatax.gov.cn/zcfgk/c102416/c5202514/content.html,https://fgk.chinatax.gov.cn/zcfgk/c102416/c5202514/content.html
CHNTAXCITI04S000,工具,税收,企业所得税优惠,工业；能源,环保设备；节能节水设备；数字化转型,环境保护、节能节水专用设备数字化智能化改造投资抵免企业所得税,"CIT credit for digital and intelligent transformation of special equipment for environmental protection, energy-saving and water-saving",企业所得税优惠政策体系,企业在2024年1月1日至2027年12月31日期间，对财税〔2017〕71号目录所列环境保护、节能节水专用设备进行数字化、智能化改造，其改造投入（不超过该设备购置时原计税基础50%的部分）的10%可抵免企业当年应纳税额；当年不足抵免的，可结转以后年度（最长五年）。政策依据为中华人民共和国企业所得税法第三十四条、企业所得税法实施条例第一百条、财政部 税务总局关于节能节水、环境保护、安全生产专用设备数字化智能化改造企业所得税政策的公告（财政部 税务总局公告2024年第9号）及国务院关于印发〈推动大规模设备更新和消费品以旧换新行动方案〉的通知（国发〔2024〕7号）。,能效提升；数字经济发展；设备更新,直接,供给侧,中国,国家,N/A,12/07/2024,01/01/2024,31/12/2027,N/A,N/A,生效,财政部（负责企业所得税优惠政策制定）；国家税务总局（负责企业所得税征收和抵免管理）；工业和信息化部（参与数字化智能化改造技术评估）；科学技术部（参与数字化智能化改造技术评估）,环境保护专用设备；节能节水专用设备；数字化智能化改造,既有,改造对象须为财税〔2017〕71号目录所列设备，改造前后均须符合目录条件。数字化智能化改造涵盖六类：（1）数据采集；（2）数据传输与存储；（3）数据分析；（4）智能控制；（5）安全与防护；（6）系统集成与互联互通。,N/A,抵免基数不超过设备原计税基础的50%；改造投入须形成该专用设备的固定资产价值,企业,对目录所列设备进行数字化智能化改造的居民企业。改造资金不得来源于政府拨款。改造完成后5年内转让或出租改造后设备的，须停止享受优惠并补缴已抵免税款。,所有权、使用或资本形成,企业对现有环境保护、节能节水专用设备进行数字化智能化改造。须事先制定改造方案或取得登记的技术开发或技术服务合同。改造投入须单独核算。,10,%（改造投入百分比）,符合条件的改造投入（不超过设备原计税基础50%的部分）的10%抵免当年应纳税额。当年不足抵免的，可在以后五个纳税年度内结转抵免。,企业须同时满足：（1）改造对象为目录所列设备，改造前后均符合目录条件；（2）改造发生在2024年1月1日至2027年12月31日期间；（3）改造投入不超过设备原计税基础的50%；（4）改造资金来源于自有资金或银行贷款；（5）须事先制定改造方案或登记技术合同；（6）自行评估、申报、留存备查。,可抵免额 = 符合条件的改造投入（不超过设备原计税基础 × 50%）× 10%。当年实际抵免额不超过当年应纳税额，不足部分结转以后五个纳税年度。,改造完成后5年内转让或出租改造后设备的，须停止享受优惠并补缴已抵免税款。补缴额 = 实际已抵免额 ×（1 - 自投入使用之月起已过月数 / 60）。,N/A,N/A,N/A,N/A,N/A,N/A,N/A,N/A,N/A,N/A,N/A,N/A,N/A,N/A,N/A,N/A,N/A,N/A,N/A,N/A,N/A,C28; D35,CO2,正向,产业发展；技术创新；设备更新,中华人民共和国企业所得税法第三十四条；中华人民共和国企业所得税法实施条例第一百条；财政部 税务总局关于节能节水、环境保护、安全生产专用设备数字化智能化改造企业所得税政策的公告（财政部 税务总局公告2024年第9号）；国务院关于印发〈推动大规模设备更新和消费品以旧换新行动方案〉的通知（国发〔2024〕7号）,https://fgk.chinatax.gov.cn/zcfgk/c102416/c5232952/content.html,https://www.gov.cn/zhengce/content/202403/content_6938990.htm
CHNTAXCITI05S000,工具,税收,企业所得税优惠,工业；废弃物,废物回收与再利用；再生资源加工,资源综合利用企业所得税优惠,CIT incentive for comprehensive resource utilization,企业所得税优惠政策体系,企业以资源综合利用企业所得税优惠目录（2021年版）所列资源为主要原料，生产国家非限制和禁止并符合国家和行业相关标准的产品，其产品收入减按90%计入收入总额（即产品收入的10%不计入应纳税所得额）。2021年版目录（财政部 税务总局 发展改革委 生态环境部公告2021年第36号）涵盖：共伴生矿产资源（稀土、钨、钼等）；工业废渣（粉煤灰、煤矸石、冶炼渣等）；废水（液）；废气（包括CO2等碳源气体，2021年新增）；再生资源（废塑料、废金属、废纸、废玻璃、废轮胎、废弃电器电子产品等）；农林剩余物（秸秆、甘蔗渣、林业加工剩余物等）。政策依据为中华人民共和国企业所得税法第三十三条、企业所得税法实施条例第九十九条、财政部 国家税务总局关于执行资源综合利用企业所得税优惠目录有关问题的通知（财税〔2008〕47号）及上述2021年第36号公告。,循环经济；污染治理；资源节约,间接,供给侧,中国,国家,N/A,16/03/2007,01/01/2008,N/A,01/01/2021,N/A,生效,财政部（负责企业所得税优惠政策制定）；国家税务总局（负责企业所得税征收和优惠政策管理）；国家发展和改革委员会（参与优惠目录制定）；生态环境部（参与资源利用目录制定和废物管理）,共伴生矿产资源；工业废渣和废水（液）；废气；废塑料；废金属；废纸；废玻璃；废轮胎；废弃电器电子产品；农林剩余物；CO2等碳源气体,既有,2021年版目录涵盖的资源类别：共伴生矿产资源（稀土、钨、钼等）；工业废渣（粉煤灰、煤矸石、冶炼渣等）；废水（液）；废气（包括CO2等碳源气体，2021年新增）；再生资源（废塑料、废金属、废纸、废玻璃、废轮胎、废弃电器电子产品等）；农林剩余物（秸秆、甘蔗渣、林业加工剩余物等）。每种资源均规定产品原料比例技术标准。,N/A,N/A,企业,以2021年版目录所列资源为主要原料生产产品的居民企业。企业须对资源综合利用收入和非资源综合利用收入进行分别核算。企业因违反环境保护法律受到行政处罚的，自处罚决定下达之次月起停止享受优惠。,回收、再利用或其他消费后处理,企业以废旧物资和再生资源为原料进行加工生产，产出符合国家和行业标准的产品。包括以废塑料生产再生塑料颗粒、以废金属生产再生金属锭、以粉煤灰生产建材产品、以秸秆生产有机肥或生物质燃料、以CO2等碳源气体生产化工产品（2021年新增）等。,10,%（应纳税所得额减免百分比）,资源综合利用产品收入减按90%计入收入总额，即产品收入的10%不计入应纳税所得额。该比例统一适用于目录中所有资源类别，不区分资源或产品类型。,企业须同时满足：（1）以2021年版目录所列资源为主要原料；（2）产品生产所用原料中资源占比符合技术标准；（3）生产国家非限制和禁止并符合国家和行业标准的产品；（4）资源利用收入和其他收入须分别核算；（5）因违反环保法律受到行政处罚的，自处罚之次月起停止优惠。,应纳税所得额 =（资源综合利用产品收入 × 90%）- 相应成本费用 - 其他扣除项。实质为资源综合利用产品收入的10%免于计入应纳税所得额。,企业同时经营优惠项目和非优惠项目的，收入和成本须分别核算。产品须符合国家和行业标准。企业须留存采购凭证、生产记录和产品质量检验报告备查。,N/A,N/A,N/A,N/A,N/A,N/A,N/A,N/A,N/A,N/A,N/A,N/A,N/A,N/A,N/A,N/A,N/A,N/A,N/A,N/A,N/A,E38; C20; A02,CO2; CH4,正向,废弃物减量；资源节约；循环经济；技术创新,中华人民共和国企业所得税法第三十三条；中华人民共和国企业所得税法实施条例第九十九条；财政部 国家税务总局关于执行资源综合利用企业所得税优惠目录有关问题的通知（财税〔2008〕47号）；财政部 税务总局 发展改革委 生态环境部关于公布〈环境保护、节能节水项目企业所得税优惠目录（2021年版）〉及〈资源综合利用企业所得税优惠目录（2021年版）〉的公告（财政部 税务总局 发展改革委 生态环境部公告2021年第36号）,https://www.chinatax.gov.cn/chinatax/c102166/c5178971/content.html,https://shenzhen.chinatax.gov.cn/sztax/zdgkml/gkmlzcjd/tpjd/202405/611dfb0c35fb4b3c9a78a10521854b06.shtml
CHNTAXULTI01S000,工具,税收,城镇土地使用税优惠,能源,水电,水电站部分用地免征城镇土地使用税,Urban land use tax exemption for hydropower station land,N/A,对水电站大坝、水库、厂房等用地免征城镇土地使用税。根据中华人民共和国城镇土地使用税暂行条例第六条规定，对水电站等能源设施用地免缴城镇土地使用税，通过降低零碳电力设施的用地成本支持清洁能源发展。,能源安全；气候变化减缓,直接,供给侧,中国,国家,N/A,01/11/1988,01/11/1988,N/A,17/03/2019,根据2019年3月17日国务院关于修改部分行政法规的决定（国务院令第709号）第四次修订,生效,国家税务总局,水能,新；现有,水电站大坝、水库、厂房等用地，包括拦河坝、溢洪道、引水隧洞、调压井、压力管道、水电站厂房、变电站等水工建筑物和发电设施占用的土地,N/A,N/A,企业,水力发电企业,生产、发电或转换,水力发电企业利用水电站大坝、水库、厂房等用地进行水力发电活动，依法免缴相应城镇土地使用税,100,%（应纳税额减免比例）,对符合条件的水电站用地全额免征城镇土地使用税，免征比例为应纳税额的100%。城镇土地使用税年税额标准因城市等级而异：大城市1.5元至30元/平方米，中等城市1.2元至24元/平方米，小城市0.9元至18元/平方米，县城、建制镇、工矿区0.6元至12元/平方米。免征后实际税负为零。,水电站用地须为实际用于水力发电的大坝、水库、厂房等直接生产性用地，不包括办公、生活区等非生产性附属用地。免征依据中华人民共和国城镇土地使用税暂行条例第六条，由纳税人自行申报享受，相关证明材料留存备查。,应纳城镇土地使用税 = 应税土地面积 × 适用税额标准。免税后应纳税额 = 0。适用税额标准由省、自治区、直辖市人民政府在规定幅度内确定。,N/A,N/A,N/A,N/A,N/A,N/A,N/A,N/A,N/A,N/A,N/A,N/A,N/A,N/A,N/A,N/A,N/A,N/A,N/A,N/A,N/A,N/A,D35,CO2,正向,空气污染;能源供应安全,中华人民共和国城镇土地使用税暂行条例,https://www.gov.cn/zhengce/content/2008-03/28/content_2526.htm,https://www.gov.cn/gongbao/content/2019/content_5377104.htm
CHNTAXULTI02S000,工具,税收,城镇土地使用税优惠,能源,核电,核电站部分用地免征城镇土地使用税,Urban land use tax exemption for nuclear power station land,N/A,对核电站部分用地免征城镇土地使用税。根据中华人民共和国城镇土地使用税暂行条例第六条规定，对核电站等能源设施用地免缴城镇土地使用税，通过降低零碳电力设施的用地成本支持清洁能源发展。,能源安全；气候变化减缓,直接,供给侧,中国,国家,N/A,01/11/1988,01/11/1988,N/A,17/03/2019,根据2019年3月17日国务院关于修改部分行政法规的决定（国务院令第709号）第四次修订,生效,国家税务总局,核能,新；现有,核电站用地，包括核岛（反应堆厂房）、常规岛（汽轮发电机厂房）、核燃料储存设施、放射性废物处理设施等生产性用地,N/A,N/A,企业,核电企业,生产、发电或转换,核电企业利用核电站用地进行核能发电活动，依法免缴相应城镇土地使用税,100,%（应纳税额减免比例）,对符合条件的核电站用地全额免征城镇土地使用税，免征比例为应纳税额的100%。城镇土地使用税年税额标准因城市等级而异。免征后实际税负为零。,核电站用地须为实际用于核能发电的生产性用地，不包括办公、生活区等非生产性附属用地。免征依据中华人民共和国城镇土地使用税暂行条例第六条，由纳税人自行申报享受，相关证明材料留存备查。,应纳城镇土地使用税 = 应税土地面积 × 适用税额标准。免税后应纳税额 = 0。适用税额标准由省、自治区、直辖市人民政府在规定幅度内确定。,N/A,N/A,N/A,N/A,N/A,N/A,N/A,N/A,N/A,N/A,N/A,N/A,N/A,N/A,N/A,N/A,N/A,N/A,N/A,N/A,N/A,N/A,D35,CO2,正向,空气污染;能源供应安全,中华人民共和国城镇土地使用税暂行条例,https://www.gov.cn/zhengce/content/2008-03/28/content_2526.htm,https://www.gov.cn/gongbao/content/2019/content_5377104.htm
CHNTAXVATI02S000,工具,税收,增值税优惠,工业；废弃物,废弃物回收与再生利用；建筑建材,资源综合利用产品及劳务增值税即征即退,VAT immediate refund for resource comprehensive utilisation products and services,循环经济促进政策,依据财政部 税务总局公告2021年第40号（2022年3月1日起施行，取代原财税〔2015〕78号），对纳税人销售自产的资源综合利用产品和提供资源综合利用劳务，实行增值税即征即退政策。退税比例根据产品类别分为30%、50%、70%、100%四档。退税目录涵盖五大类：共伴生矿产资源（稀土、钨、钼等）、废渣和废水（液）、废气（建筑砂石骨料、废玻璃、废旧轮胎等再生资源）、农林剩余物及其他、资源综合利用劳务（污水处理、垃圾处理、污泥处理等）。其中废塑料、废金属、废纸、废橡胶等类别涉及减排潜力较大的再生资源回收利用领域，回收废塑料、钢铁废料可减少90%以上原生材料碳排放。本政策为机制型分类，涵盖所有产品类别和劳务类型。,循环经济；废弃物减量；减缓气候变化,间接,供给侧,中国,国家,N/A,31/12/2021,01/03/2022,N/A,01/03/2022,2021年12月31日，财政部、税务总局发布公告2021年第40号，自2022年3月1日起施行，废止并取代原财税〔2015〕78号。新公告统一规范了增值税一般纳税人和小规模纳税人的适用规定，扩大了部分退税产品范围，明确了退税条件和监管要求，并依法调整了部分产品退税比例。,生效,财政部（主管增值税即征即退政策制定）；国家税务总局（主管增值税征收和退税管理）；省级财政和税务部门（负责退税审批和资金拨付）,工业废弃物；城市废弃物；其他机械和设备,N/A,资源综合利用产品包括利用废渣、废水（液）、废气、废旧轮胎、废塑料、废纸、废玻璃、废金属、废旧电器电子产品、废旧汽车、农林废弃物等生产的再生资源产品（如再生骨料、再生塑料颗粒、再生纸浆、再生金属锭、生物柴油、沼气、有机肥等）。劳务类包括污水处理、垃圾处理、污泥处理、工业废气处理等。,N/A,产品须符合目录规定的技术标准和产品质量要求。退税比例按目录规定分为四档：100%（如利用废塑料、废旧轮胎生产的特定产品）、70%（如利用废渣生产的水泥、混凝土）、50%（如废玻璃、废纸再加工产品）、30%（如特定共伴生矿产资源产品）。,企业,增值税一般纳税人和小规模纳税人中销售自产资源综合利用产品和提供资源综合利用劳务的企业。包括废弃物回收处理企业、再生资源加工企业、污水处理厂、垃圾处理厂等。不包括单纯从事废弃物收集转运（不加工）的企业。,回收、再利用或其他消费后处理,企业利用废弃物（废渣、废水、废气、废塑料、废金属等）作为原料，经过加工处理生产再生资源产品并销售，或提供资源综合利用劳务（污水处理、垃圾处理、污泥处理等）。即征即退机制：企业先按规定税率缴纳增值税，税务机关审核后即时退还相应比例的已缴税款。,30%; 50%; 70%; 100%,% of VAT paid refunded,退税比例四档：100%（如利用废塑料、废旧轮胎、废矿物油生产的产品；垃圾处理、污泥处理劳务）、70%（如利用废渣生产的水泥、混凝土、道路井盖、特定再生建材产品；污水处理劳务）、50%（如利用废玻璃、废纸、废金属生产的特定产品；工业废气处理劳务）、30%（如共伴生稀土、钨、钼等矿产资源综合利用产品）。具体目录和退税比例详见财政部 税务总局公告2021年第40号附件。,纳税人须同时满足：（1）在中国境内销售自产的资源综合利用产品或提供资源综合利用劳务；（2）产品符合目录规定的原料来源、技术标准和产品质量要求；（3）依法取得相关环保资质和排污许可；（4）不得存在环保、税务等严重违法失信记录；（5）即征即退须按规定申报，不得与其他增值税优惠重复享受。,应退税额 = 当期实际缴纳的增值税额 × 适用退税比例（30%/50%/70%/100%）,N/A,N/A,N/A,百亿元级（估计）,N/A,N/A,N/A,N/A,N/A,N/A,N/A,N/A,N/A,N/A,N/A,N/A,N/A,N/A,N/A,N/A,N/A,N/A,E38,CO2; CH4,正向,工业发展；技术创新；废弃物减量,财政部 税务总局公告2021年第40号关于完善资源综合利用增值税政策的公告,http://szs.mof.gov.cn/zhengcefabu/202112/t20211231_3780338.htm,https://12366.chinatax.gov.cn/zqdetail/getcontentPage?lmbm=1b2f350af217414e88fad088c1ae1af5&contentId=4c2044701c2446ba9c780b132a86dd94
CHNTAXVATI03S000,工具,税收,增值税优惠,农业、林业和其他土地利用,农用肥料；种植业,有机肥产品免征增值税,VAT exemption for organic fertiliser products,农业绿色发展政策,依据财税〔2008〕56号，自2008年6月1日起，纳税人生产销售和批发、零售有机肥产品免征增值税（原适用税率9%）。适用产品包括：有机肥料（NY/T 525-2021）、有机-无机复混肥料（GB/T 18877-2020）、生物有机肥（NY 884-2012）。该政策通过降低有机肥产品终端价格，激励农业生产者使用有机肥替代合成氮肥（合成氮肥生产为高能耗Haber-Bosch过程，使用过程排放N2O），从而间接但实质性地产生温室气体减排效益。2026年1月增值税法施行后，财政部 税务总局公告2026年第10号将免税期限明确为2026年1月1日至2027年12月31日（此前为无固定期限免税）。,减缓气候变化；环境质量,间接,供给侧,中国,国家,N/A,10/06/2008,01/06/2008,31/12/2027,01/01/2026,财政部 税务总局公告2026年第10号（2026年增值税法施行配套衔接公告）第二条明确：自2026年1月1日至2027年12月31日，有机肥产品生产销售和批发、零售继续免征增值税。原财税〔2008〕56号无固定期限免税变为有期限免税。到期后是否继续延长需关注后续政策。,生效,财政部（主管增值税免税政策制定）；国家税务总局（主管增值税征收管理和免税备案）；农业农村部（主管有机肥产品登记管理和有机肥推广）,生物质,N/A,有机肥产品包括：有机肥料（NY/T 525-2021标准）、有机-无机复混肥料（GB/T 18877-2020标准）、生物有机肥（NY 884-2012标准）。不符合上述国家标准或行业标准的肥料产品不得享受免税优惠。,N/A,产品须符合NY/T 525-2021（有机肥料）、GB/T 18877-2020（有机-无机复混肥料）、NY 884-2012（生物有机肥）国家标准/行业标准。纳税人须取得农业农村部门颁发的肥料登记证。,企业,有机肥产品的生产企业、批发企业和零售企业。包括有机肥生产制造商、农资经销商和农资零售商。不包括化肥销售企业（化肥适用正常增值税税率9%）。,进口、销售或购买,有机肥产品的生产、批发和零售环节免征增值税。纳税人销售免税有机肥产品只能开具增值税普通发票，不得开具增值税专用发票（如开具专用发票则视同放弃免税优惠，须按规定缴纳增值税）。申报享受免税，相关证明材料（肥料登记证等）留存备查。,100,% VAT exempted,免征增值税（100%减免），原适用税率为9%。2008年6月1日至2025年12月31日为无固定期限免税。2026年1月1日至2027年12月31日为延续有期限免税（依据财政部 税务总局公告2026年第10号）。,纳税人须：取得农业农村部门颁发的肥料登记证；产品符合对应国家标准/行业标准；只能开具增值税普通发票（不得开具增值税专用发票）；申报享受免税，相关证明材料留存备查。开具增值税专用发票的，不得享受免税（视同放弃）。,N/A,N/A,N/A,N/A,N/A,N/A,N/A,N/A,N/A,N/A,N/A,N/A,N/A,N/A,N/A,N/A,N/A,N/A,N/A,N/A,N/A,N/A,N/A,C20,N2O; CO2,正向,技术创新；土壤健康；水质保护,财税〔2008〕56号关于有机肥产品免征增值税的通知；财政部 税务总局公告2026年第10号关于增值税法施行后增值税优惠政策衔接事项的公告,https://tianjin.chinatax.gov.cn/11200000000/0300/030003/20240515092009434.shtml,https://www.gov.cn/zhengce/zhengceku/2008-06/10/content_1157.htm
CHNTAXVATI04S000,工具,税收,增值税优惠,能源,海上风电；可再生电力,海上风力发电增值税即征即退50%,50% VAT immediate refund for offshore wind power,可再生能源发展政策,依据财政部 海关总署 税务总局公告2025年第10号，自2025年11月1日起至2027年12月31日，对纳税人销售自产的利用海上风力生产的电力产品，实行增值税即征即退50%的政策。该政策将海上风电的实际增值税负担从13%降至6.5%，显著改善海上风电项目的经济性。海上风电是中国碳中战略的核心技术路线之一（单位发电量的碳排放仅为燃煤发电的~1/40），但投资成本高昂，增值税退税为项目提供重要的现金流支持。新政策自2025年11月1日起替代原财税〔2015〕74号（对所有风力发电实行即征即退50%，含陆上风电），原政策同日废止。,减缓气候变化；能源安全；绿色经济,直接,供给侧,中国,国家,N/A,17/10/2025,01/11/2025,31/12/2027,01/11/2025,2025年10月17日，财政部、海关总署、税务总局联合发布公告2025年第10号，自2025年11月1日起施行。新公告将风电增值税即征即退50%政策从所有风力发电（财税〔2015〕74号）收紧为仅海上风力发电享受，陆上风电不再享受该优惠。同日财税〔2015〕74号废止。,生效,财政部（主管增值税即征即退政策制定）；国家税务总局（主管增值税征收和退税管理）；海关总署（参与联合发文）；国家能源局（主管海上风电产业政策）,风能,新建,海上风力发电机组（海上风电场）。海上风电指在潮间带、近海和深海区域建设的风力发电设施。须为纳税人自产的利用海上风力生产的电力产品。不包括陆上风电项目（2025年11月1日起不再享受即征即退50%）。,N/A,N/A,企业,在中国境内开发、建设和运营海上风电场的风力发电企业，包括国有能源集团（如国家能源集团、华能、大唐、华电、国电投、中广核、三峡等）和民营风电开发企业。须为增值税一般纳税人，销售自产的利用海上风力生产的电力产品。,生产、发电或转化,海上风电企业将利用海上风力生产的电力销售给电网公司或电力用户，按13%税率缴纳增值税后，税务机关即征即退已缴税款的50%。即退税额 = 当期实际缴纳的增值税额 × 50%。即征即退机制改善了海上风电项目的现金流和投资回报率。,50,% of VAT paid refunded,增值税即征即退50%，实际有效增值税率降至6.5%（原税率13%）。退税机制为即征即退（先缴后退），不改变名义税率。政策有效期为2025年11月1日至2027年12月31日。,纳税人须为增值税一般纳税人，销售自产的利用海上风力生产的电力产品。海上风电场须依法取得海域使用权、电力业务许可证等相关审批手续。即征即退须按规定进行纳税申报和退税申请。,即退税额 = 当期实际缴纳的增值税额 × 50%。当期实际缴纳增值税额 = 当期销项税额（电力销售收入×13%）- 当期进项税额。,N/A,N/A,N/A,N/A,N/A,N/A,N/A,N/A,N/A,N/A,N/A,N/A,N/A,N/A,N/A,N/A,N/A,N/A,N/A,N/A,N/A,N/A,D35,CO2,正向,能源供应安全；工业发展；技术创新,财政部 海关总署 税务总局公告2025年第10号关于调整风力发电等增值税政策的公告,https://shanghai.chinatax.gov.cn/zcfw/zcfgk/zzs/202510/t478010.html,https://shandong.chinatax.gov.cn/art/2025/10/17/art_1053_24771.html; https://12366.chinatax.gov.cn/fwtz/print?bh=0000000002025102000003
CHNTAXDVTI01S000,工具,税收,差别化车辆税,交通,道路交通；乘用车,汽车消费税,Automobile consumption tax,消费税制度,中国对汽车在生产、委托加工和进口环节征收的消费税，按发动机排量实行差别化税率。2008年财税〔2008〕105号调整税率结构，降低小排量汽车税率（≤1.0L从3%降至1%），大幅提高大排量汽车税率（3.0-4.0L从15%升至25%，>4.0L从20%升至40%），体现限大扬小的节能减排导向。纯电动汽车不属于消费税征税范围，不征消费税。该税种按车辆排放相关属性（发动机排量）结构性设置差别税率，不同于车辆购置税优惠仅对低碳车辆提供优惠待遇，也不同于feebate机制不包含高排放车辆收入资助低排放车辆的返还机制。,减缓气候变化；能源效率；绿色经济,直接,供给侧,中国,国家,N/A,01/08/2008,01/09/2008,N/A,01/09/2008,2008年8月1日，财政部、国家税务总局发布财税〔2008〕105号关于调整乘用车消费税政策的通知，自2008年9月1日起执行。主要调整：气缸容量≤1.0L的乘用车税率由3%下调至1%；3.0-4.0L的乘用车税率由15%上调至25%；>4.0L的乘用车税率由20%上调至40%。此为2006年4月调整后的第二次重大调整，形成目前仍在沿用的7档税率框架。,生效,财政部（主管消费税政策制定和税率调整）；国家税务总局（主管汽车消费税征收管理）；海关总署（主管进口汽车消费税征收）,汽车,N/A,小汽车税目下的乘用车（包括轿车、越野车、多用途乘用车等，不包括商用客车和货车）。纯电动汽车、燃料电池汽车等新能源汽车不属于消费税征税范围（不征消费税）。中轻型商用客车按5%统一税率征收，不按排量差别化。,N/A,排量≤1.0L：1%；1.0-1.5L：3%；1.5-2.0L：5%；2.0-2.5L：9%；2.5-3.0L：12%；3.0-4.0L：25%；>4.0L：40%。中轻型商用客车：5%。超豪华小汽车（零售价格≥90万元，即原130万元标准下调后）另在零售环节加征10%消费税（2016年起引入）。,企业,汽车消费税的法定纳税人为在中国境内生产、委托加工和进口应税汽车的单位。实际税负通过价格传导机制由汽车购买者承担，但价格信号通过制造商/进口商的定价决策响应。,生产、发电或转化；进口、销售或购买,汽车消费税在生产环节（汽车制造厂出厂时）、委托加工环节和进口环节（报关进口时）缴纳。税收通过提高大排量汽车出厂价格，影响消费者购车选择，引导消费结构向小排量、低排放汽车转型。,1%-40%,% of taxable price,按排量差别化：≤1.0L 1%; 1.0-1.5L 3%; 1.5-2.0L 5%; 2.0-2.5L 9%; 2.5-3.0L 12%; 3.0-4.0L 25%; >4.0L 40%。中轻型商用客车统一5%。超豪华小汽车（零售价≥90万元）另在零售环节加征10%。,汽车消费税在生产、委托加工和进口环节按从价定率方式征收。应纳税额=应税汽车销售额（不含增值税）×适用税率。纳税人须按规定进行消费税纳税申报。进口汽车由海关代征消费税。新能源汽车（纯电动、燃料电池等）不属于消费税征税范围，不征消费税。,应纳税额 = 应税汽车不含增值税销售额 × 适用差别化税率（按排量确定）。税率按气缸容量（排量）分为7档：1%-40%。,N/A,约1000亿元（2024年估计）,汽车消费税收入纳入一般公共预算管理，未明确指定专项资金。,N/A,N/A,N/A,N/A,N/A,N/A,N/A,N/A,N/A,N/A,N/A,N/A,N/A,N/A,N/A,N/A,N/A,N/A,N/A,C29,CO2,正向,空气污染；工业发展,中华人民共和国消费税暂行条例（国务院令第539号，2008年修订）；财税〔2008〕105号关于调整乘用车消费税政策的通知,https://fgk.chinatax.gov.cn/zcfgk/c102416/c5203314/content.html,https://www.gov.cn/gongbao/content/2009/content_1221339.htm
CHNTAXPLEI01S000,工具,税收,政府性基金减免,能源,分布式光伏发电,分布式光伏发电自发自用电量免征政府性基金,Parafiscal levy exemption for distributed photovoltaic self-consumed electricity,N/A,对分布式光伏发电自发自用电量免征政府性基金。根据国务院关于促进光伏产业健康发展的若干意见（国发〔2013〕24号）规定，对分布式光伏发电自发自用电量免收可再生能源发展基金、国家重大水利工程建设基金、大中型水库移民后期扶持基金、农网还贷资金等政府性基金。该政策通过降低分布式光伏发电的运营成本，直接支持零碳电力的分布式部署和自发自用，促进可再生能源对化石能源的替代。,气候变化减缓；能源安全,直接,供给侧,中国,国家,N/A,04/07/2013,15/07/2013,N/A,N/A,N/A,生效,财政部;国家发展改革委,太阳能,新,分布式光伏发电系统自发自用电量，免征可再生能源发展基金、国家重大水利工程建设基金、大中型水库移民后期扶持基金、农网还贷资金等政府性基金,N/A,N/A,企业;家庭,分布式光伏发电用户,生产、发电或转换,分布式光伏发电用户利用光伏发电系统发电并自发自用，对自发自用电量免缴各项政府性基金附加。全额上网的分布式光伏发电项目不享受该免征政策。,100,%（政府性基金减免比例）,对分布式光伏发电自发自用电量全额免征各项政府性基金，减免比例为100%。免征的政府性基金包括：可再生能源发展基金（可再生能源电价附加1.9分/千瓦时）、国家重大水利工程建设基金（约0.3-0.7分/千瓦时因省份而异）、大中型水库移民后期扶持基金（0.62分/千瓦时）、农网还贷资金（约2分/千瓦时）。免征后自发自用电量不缴纳任何政府性基金附加。,分布式光伏发电项目须符合分布式光伏发电项目管理暂行办法有关要求，在项目所在地能源主管部门备案。自发自用电量须与上网电量分开计量，仅自发自用电量享受政府性基金免征。全额上网的分布式光伏发电项目不享受该免征政策。,应缴政府性基金 = 自发自用电量 × 各项基金征收标准之和。免征后应缴金额 = 0。各项基金征收标准由国务院价格主管部门和财政部门规定。,N/A,N/A,N/A,N/A,N/A,N/A,N/A,N/A,N/A,N/A,N/A,N/A,N/A,N/A,N/A,N/A,N/A,N/A,N/A,N/A,N/A,N/A,D35,CO2,正向,能源供应安全;空气污染,国务院关于促进光伏产业健康发展的若干意见,https://www.gov.cn/zwgk/2013-07/15/content_2447814.htm,N/A
CHNTAXCTII01S000,工具,税收,消费税优惠,工业,电池制造,节能环保电池免征消费税,Consumption tax exemption for energy-efficient and environmentally-friendly batteries,N/A,对无汞原电池、金属氢化物镍蓄电池、锂原电池、锂离子蓄电池等节能环保电池免征消费税。根据财政部 国家税务总局关于对电池、涂料征收消费税的通知（财税〔2015〕16号）规定，对无汞原电池、金属氢化物镍蓄电池（又称氢镍蓄电池）、锂原电池、锂离子蓄电池、太阳能电池、燃料电池和全钒液流电池免征消费税。该政策通过降低节能环保电池的消费税负担，促进电池储能和电气化发展，间接支持气候变化减缓。,绿色经济；气候变化减缓,间接,供给侧,中国,国家,N/A,26/01/2015,01/02/2015,N/A,N/A,N/A,生效,财政部;国家税务总局,蓄电池、原电池和原电池组及其零件,新；现有,无汞原电池、金属氢化物镍蓄电池（氢镍蓄电池）、锂原电池、锂离子蓄电池、太阳能电池、燃料电池和全钒液流电池,N/A,N/A,企业,电池生产企业,生产、发电或转换,电池生产企业生产、销售上述节能环保电池，依法免缴消费税。不含铅蓄电池（自2016年1月1日起按4%税率征收消费税）,100,%（消费税额减免比例）,对符合条件的节能环保电池全额免征消费税，免征比例为应纳税额的100%。其他应税电池（铅蓄电池）适用税率为4%。免征后实际消费税负为零。,免征消费税的电池须为财政部 国家税务总局关于对电池、涂料征收消费税的通知（财税〔2015〕16号）第二条所列类型。纳税人在申报消费税时自行填报免税销售额，相关证明材料留存备查。含汞电池、铅蓄电池等应税电池不得享受免税待遇。,应纳消费税 = 电池销售额 × 适用税率。免税电池适用税率为0%（免征）。应税电池（铅蓄电池）适用税率4%。,N/A,N/A,N/A,N/A,N/A,N/A,N/A,N/A,N/A,N/A,N/A,N/A,N/A,N/A,N/A,N/A,N/A,N/A,N/A,N/A,N/A,N/A,C27,CO2,正向,技术创新;空气污染,财政部 国家税务总局关于对电池、涂料征收消费税的通知,https://www.gov.cn/zhengce/zhengceku/2015-01/28/content_9419.htm,N/A
CHNTAXCTII02S000,工具,税收,消费税优惠,交通,生物柴油,利用废弃动植物油生产纯生物柴油免征消费税,Consumption tax exemption for pure biodiesel produced from waste animal and vegetable oils,N/A,对利用废弃动植物油生产的纯生物柴油免征消费税。根据关于对利用废弃的动植物油生产纯生物柴油免征消费税的通知（财税〔2010〕118号）规定，对利用废弃的动物油和植物油为原料生产的纯生物柴油免征消费税。该政策通过降低废弃油脂基生物柴油的生产成本，促进低碳替代燃料的发展，直接减少交通领域化石燃料相关温室气体排放。,循环经济；气候变化减缓,直接,供给侧,中国,国家,N/A,01/12/2010,01/01/2011,N/A,N/A,N/A,生效,财政部;国家税务总局,生物燃料,新；现有,利用废弃的动物油和植物油为原料生产的纯生物柴油（BD100）,N/A,N/A,企业,生物柴油生产企业,生产、发电或转换,企业收集废弃动物油和植物油（包括餐饮废油、地沟油等），通过酯交换等工艺生产符合国家标准的纯生物柴油（BD100），依法免缴消费税,100,%（消费税额减免比例）,对利用废弃动植物油生产的纯生物柴油全额免征消费税，免征比例为应纳税额的100%。该政策仅适用于BD100纯生物柴油，以生物柴油与其他燃油混合的产品不享受该免税待遇。,纯生物柴油须以废弃的动物油和植物油为原料（不可使用virgin植物油），生产工艺须符合生物柴油国家标准（GB/T 20828）。纳税人须建立废弃油脂收购台账，记录原料来源、数量和供应商信息，相关凭证留存备查。,应纳消费税 = 生物柴油销售额 × 适用税率。利用废弃动植物油生产的纯生物柴油适用税率为0%（免征）。其他来源生物柴油按适用税率征税。,N/A,N/A,N/A,N/A,N/A,N/A,N/A,N/A,N/A,N/A,N/A,N/A,N/A,N/A,N/A,N/A,N/A,N/A,N/A,N/A,N/A,N/A,C20,CO2,正向,空气污染;能源供应安全,关于对利用废弃的动植物油生产纯生物柴油免征消费税的通知,https://www.gov.cn/zwgk/2011-01/06/content_1778611.htm,N/A
CHNTAXCTII03S000,工具,税收,消费税优惠,工业,废矿物油回收,利用废矿物油生产的工业油料免征消费税,Consumption tax exemption for industrial oils produced from waste mineral oils,N/A,对利用废矿物油生产的工业油料免征消费税。根据关于对废矿物油再生油品免征消费税的通知（财税〔2013〕105号）规定，对利用废矿物油为原料生产的润滑油基础油、汽油、柴油等工业油料免征消费税。该政策通过降低废矿物油再生油品的消费税负担，促进废弃物资源化利用和循环经济，减少原生化石燃料开采和加工相关的温室气体排放。,循环经济；废物减量；气候变化减缓,直接,供给侧,中国,国家,N/A,01/10/2013,01/11/2013,N/A,N/A,N/A,生效,财政部;国家税务总局,工业废弃物,新；现有,利用废矿物油为原料生产的润滑油基础油、汽油、柴油等工业油料,N/A,N/A,企业,废矿物油再生企业,回收、再加工或其他使用后处理,企业收集废矿物油（包括废机油、废液压油、废变压器油等），通过再生工艺生产润滑油基础油、汽油、柴油等工业油料，依法免缴消费税,100,%（消费税额减免比例）,对利用废矿物油生产的工业油料全额免征消费税，免征比例为应纳税额的100%。汽油消费税定额税率1.52元/升，柴油消费税定额税率1.20元/升，润滑油消费税定额税率1.52元/升。免征后实际消费税负为零。,须以废矿物油为原料，再生工艺须符合相关行业技术规范。纳税人须建立废矿物油收购台账，记录废油来源、数量和供应商信息，相关凭证留存备查。产品须符合对应油品的国家标准。,应纳消费税 = 油品销售数量 × 适用定额税率。利用废矿物油生产的工业油料适用税率为0（免征）。其他来源油品按适用定额税率征收。,N/A,N/A,N/A,N/A,N/A,N/A,N/A,N/A,N/A,N/A,N/A,N/A,N/A,N/A,N/A,N/A,N/A,N/A,N/A,N/A,N/A,N/A,C19,CO2,正向,空气污染;工业发展,关于对废矿物油再生油品免征消费税的通知,https://www.gov.cn/zwgk/2013-11/06/content_2521646.htm,https://www.chinatax.gov.cn/chinatax/c102166/c5178973/content.html; https://www.gov.cn/zhengce/zhengceku/202309/content_6907133.htm
CHNTAXFETI01S000,工具,税收,燃料消费税,能源,道路交通；航空；水运；工业,成品油消费税,Fuel excise tax,消费税制度,中国对成品油（汽油、柴油、石脑油、溶剂油、润滑油、航空煤油、燃料油）在生产、委托加工和进口环节征收的从量定额消费税。现行税率自2015年1月13日起执行：汽油、石脑油、溶剂油、润滑油1.52元/升；柴油、航空煤油、燃料油1.20元/升（航空煤油暂缓征收）。该税种按其性质实质上以化石燃料消费量为基准确计算，而非按照含碳量，因此归类为燃料消费税而非温室气体税。2024年成品油消费税收入约为1.6万亿元，汽油的有效碳价约为89元/tCO2，柴油约为48元/tCO2。,减缓气候变化；能源效率；经济增长,直接,需求侧,中国,国家,N/A,10/11/2008,01/01/2009,N/A,13/01/2015,2015年1月13日，财政部、国家税务总局发布财税〔2015〕11号，将汽油、石脑油、溶剂油、润滑油单位税额提高至1.52元/升，柴油、航空煤油、燃料油单位税额提高至1.20元/升。此前经2009年起征（1.0/0.8元/升）、2014年11月提高（1.12/0.94元/升）、2014年12月再提高（1.4/1.1元/升）三次调整。航空煤油继续暂缓征收。含铅汽油自2014年12月1日起取消单独税目，统一按无铅汽油税率执行。,生效,财政部（主管消费税政策制定和税率调整）；国家税务总局（主管成品油消费税征收管理）；海关总署（主管进口环节成品油消费税征收）,车用汽油；柴油；煤油型喷气燃料；燃料油；石脑油,N/A,成品油包括汽油（含无铅汽油和甲醇汽油、乙醇汽油）、柴油、石脑油（含化工轻油）、溶剂油、润滑油、航空煤油、燃料油7个子目。汽油、石脑油、溶剂油、润滑油适用1.52元/升税率；柴油、航空煤油、燃料油适用1.20元/升税率。航空煤油暂缓征收。烷基化油（异辛烷）自2023年起按汽油征收消费税（财政部 税务总局公告2023年第11号）。,N/A,N/A,个人；企业,成品油消费税的法定纳税人为在中国境内生产、委托加工和进口成品油的单位和个人。实际税负通过价格传导机制由成品油最终消费者（个人和各类企业）承担。航空煤油暂缓征收，航空运输企业实际不承担航空煤油消费税。,生产、发电或转化；进口、销售或购买,成品油在生产环节（炼油厂出厂时）、委托加工环节（委托方收回时）和进口环节（报关进口时）缴纳消费税。税收通过提高成品油终端零售价格影响消费行为，降低化石燃料消费需求。,1.52; 1.20,元/升,汽油、石脑油、溶剂油、润滑油：1.52元/升。柴油、航空煤油（暂缓征收）、燃料油：1.20元/升。吨升换算标准：汽油1吨=1388升，柴油1吨=1176升，航空煤油1吨=1246升，石脑油1吨=1385升，燃料油1吨=1015升。现行税率依据财税〔2015〕11号，自2015年1月13日起执行。,成品油消费税在生产、委托加工和进口环节从量定额征收。纳税人需按照规定进行成品油消费税纳税申报，使用增值税发票管理新系统开具成品油发票（增值税专用发票或普通发票），并在发票备注栏注明成品油种类。成品油生产企业须取得相关生产许可资质。航空煤油继续暂缓征收消费税，但需按规定进行免税申报。,应纳税额 = 应税成品油数量（升）× 适用单位税额（元/升）。生产环节按实际产量计算，进口环节按海关核定的数量计算。,吨升换算标准依据消费税暂行条例实施细则第十条：汽油1吨=1388升，柴油1吨=1176升，航空煤油1吨=1246升，石脑油1吨=1385升，燃料油1吨=1015升，润滑油1吨=1126升。,约1.6万亿元（2024年）,成品油消费税收入纳入一般公共预算管理，未明确指定专项资金。部分收入通过转移支付方式用于公路养护、交通运输基础设施建设和农村公路建设。,N/A,N/A,N/A,N/A,N/A,N/A,N/A,N/A,N/A,N/A,N/A,N/A,N/A,N/A,N/A,N/A,N/A,N/A,N/A,C19,CO2,正向,空气污染；能源供应安全,中华人民共和国消费税暂行条例（国务院令第539号，2008年修订）；中华人民共和国消费税暂行条例实施细则（财政部令第51号）；财税〔2015〕11号（现行税率依据）；财税〔2008〕167号（成品油消费税征收范围注释）；财政部 税务总局公告2023年第11号（烷基化油按汽油征收）,https://szs.mof.gov.cn/zhengcefabu/201501/t20150112_1178908.htm,https://www.gov.cn/gongbao/content/2009/content_1221339.htm; https://fgk.chinatax.gov.cn/zcfgk/c102416/c5203422/content.html
CHNTAXEPTI01S000,工具,税收,环境污染税,跨部门,电力生产; 工业制造; 供热; 废弃物处理,环境保护税,Environmental protection tax,环境保护税法体系,中国环境保护税依据中华人民共和国环境保护税法（2016年12月25日第十二届全国人民代表大会常务委员会第二十五次会议通过，主席令第六十一号，2018年1月1日起施行）设立，对直接向环境排放应税污染物的企业事业单位和其他生产经营者征收。应税污染物分为四类：大气污染物（每污染当量1.2元至12元，省级人民政府可在此幅度内确定具体适用税额）、水污染物（每污染当量1.4元至14元）、固体废物（按种类每吨5元至1000元不等，包括煤矸石、尾矿、危险废物、冶炼渣、粉煤灰、炉渣等）和工业噪声（按超标分贝数每月350元至11200元）。农业生产（不包括规模化养殖）和机动车、船舶等流动污染源排放应税污染物的，暂予免征。该税取代了自2003年起实施的排污费制度，遵循「税负平移」原则，实现排污费制度向环境保护税制度的平稳转换。年收入约200亿元（2023年）。,保护和改善环境; 减少污染物排放; 推进生态文明建设,间接,需求侧,中国,国家,N/A,25/12/2016,01/01/2018,N/A,30/12/2017,2017年12月30日国务院发布中华人民共和国环境保护税法实施条例（国务院令第693号），自2018年1月1日起与环境保护税法同步施行,生效,国家税务总局; 生态环境部,N/A,N/A,N/A,N/A,N/A,直接向环境排放应税污染物的企业事业单位和其他生产经营者,根据环境保护税法第二条，在中华人民共和国领域和中华人民共和国管辖的其他海域，直接向环境排放应税污染物的企业事业单位和其他生产经营者为环境保护税的纳税人。不包括向依法设立的污水集中处理场所、生活垃圾集中处理场所排放应税污染物的情形，以及符合国家和地方环境保护标准的贮存或处置固体废物的情形,排放大气污染物; 排放水污染物; 排放固体废物; 排放工业噪声,大气污染物包括二氧化硫、氮氧化物、颗粒物等共44项，按污染当量数计征；水污染物包括化学需氧量、氨氮等共61项，按污染当量数计征；固体废物包括煤矸石、尾矿、危险废物、冶炼渣、粉煤灰、炉渣及其他固体废物，按排放量计征；工业噪声按超标分贝数计征,大气污染物1.2-12元/污染当量; 水污染物1.4-14元/污染当量; 固体废物5-1000元/吨; 工业噪声350-11200元/月,元/污染当量; 元/吨; 元/月,来源：中华人民共和国环境保护税法附表一应税污染物和当量值表及附表二应税污染物和当量值表（2018年1月1日起施行）。大气污染物和水污染物的具体适用税额由省级人民政府在法定幅度内确定并报全国人大常委会和国务院备案,N/A,大气污染物应纳税额 = 污染当量数 × 具体适用税额；污染当量数 = 排放量（千克）÷ 污染当量值（千克）。水污染物应纳税额 = 污染当量数 × 具体适用税额（其中第一类水污染物按前五项计征，其他类水污染物按前三项计征）。固体废物应纳税额 = 固体废物排放量（吨）× 具体适用税额,工业噪声应纳税额 = 超过国家规定标准的分贝数对应的具体适用税额（超标1-3分贝每月350元，超标4-6分贝每月700元，超标7-9分贝每月1400元，超标10-12分贝每月2800元，超标13-15分贝每月5600元，超标16分贝以上每月11200元）。一个单位边界上有多处噪声超标的，按最高一处超标声级计算；沿边界长度超过100米的，按两处噪声超标计算,约200亿元（2023年）,全部作为地方收入，纳入一般公共预算管理,N/A,N/A,N/A,N/A,N/A,N/A,N/A,N/A,N/A,N/A,N/A,N/A,N/A,N/A,N/A,N/A,N/A,N/A,N/A,D35; C24; C23; C20; E38,CO2,N/A,大气污染物减排；水污染物减排；固体废物规范处置；能源结构优化,中华人民共和国环境保护税法（2016年12月25日，主席令第六十一号）；中华人民共和国环境保护税法实施条例（国务院令第693号，2017年12月30日）,https://www.gov.cn/zhengce/2016-12/25/content_5152763.htm,https://www.gov.cn/zhengce/content/2017-12/30/content_5251703.htm
CHNTAXVOTI01S000,工具,税收,车船税优惠,交通,道路交通；乘用车；商用车,节能与新能源车船税优惠,Energy-saving and new energy vehicle and vessel tax incentives,车船税制度,中国依据中华人民共和国车船税法对节约能源和使用新能源的车船给予车船税减免优惠。该政策包含两个组成部分：（1）新能源汽车免征车船税——对纯电动商用车、插电式混合动力汽车（含增程式）、燃料电池商用车免征车船税（纯电动乘用车和燃料电池乘用车不属于车船税征税范围，不征车船税）；（2）节能汽车减半征收车船税——对排量1.6升以下且综合工况燃料消耗量符合国家标准的节能乘用车，以及符合标准的节能商用车减半征收车船税。优惠车型由工业和信息化部、税务总局联合发布享受车船税减免优惠的节约能源 使用新能源汽车车型目录管理。2024年7月更新技术标准（工信部 财政部 税务总局公告2024年第10号）。,减缓气候变化；能源效率；绿色经济,直接,需求侧,中国,国家,N/A,25/02/2011,01/01/2012,N/A,01/07/2024,2024年5月，工业和信息化部、财政部、税务总局联合发布公告（2024年第10号），自2024年7月1日起调整享受车船税优惠的节能、新能源汽车产品技术要求。更新了节能乘用车和商用车的综合工况燃料消耗量标准，以及新能源汽车的技术标准。,生效,财政部（主管车船税政策制定）；国家税务总局（主管车船税征收管理）；工业和信息化部（主管节能与新能源汽车车型目录管理和技术标准）；交通运输部（参与车船税优惠政策制定）,道路运输车辆；汽车；公交车；轻型卡车；重型卡车,既有,新能源汽车：纯电动商用车、插电式（含增程式）混合动力汽车、燃料电池商用车。纯电动乘用车和燃料电池乘用车不属于车船税征税范围（不征）。节能汽车：排量1.6升以下且综合工况燃料消耗量符合国家标准的乘用车（含非插电式混合动力、双燃料和两用燃料乘用车）；符合GB20997标准的轻型商用车和重型商用车（含非插电式混合动力、双燃料和两用燃料商用车）。,N/A,节能乘用车须同时满足：排量≤1.6升，综合工况燃料消耗量符合GB27999标准。节能商用车须符合GB30510标准。具体车型须列入工信部、税务总局联合发布的享受车船税减免优惠的节约能源 使用新能源汽车车型目录。,个人；企业,车船税优惠的受益主体为符合条件的节能与新能源汽车的车船所有人或管理人（自然人和各类企业、机构）。优惠通过减征或免征年度车船税降低车辆持有成本，激励消费者和企业选择低碳车型。,拥有、使用或资本形成,符合条件的车辆所有人在每年缴纳车船税时，凭车型列入享受车船税减免优惠的节约能源 使用新能源汽车车型目录的证明，由税务机关按规定免征或减半征收。优惠在车辆持有期间每年持续适用。,100; 50,% of annual vehicle and vessel tax,新能源汽车（纯电动商用车、插电式混合动力汽车、燃料电池商用车）：免征车船税（100%减免）。节能汽车（符合条件的≤1.6L乘用车及符合标准的商用车）：减半征收车船税（50%减免）。纯电动乘用车和燃料电池乘用车属于不征车船税范围（非免征）。,享受车船税优惠的节能与新能源汽车须同时满足：（1）在中国境内合法销售和使用；（2）列入工信部、税务总局联合发布的享受车船税减免优惠的节约能源 使用新能源汽车车型目录；（3）符合相应的技术标准（乘用车符合GB27999、商用车符合GB30510）；（4）新能源汽车须通过专项检测，生产企业须在质量保证、售后服务、安全监测、动力电池回收利用等方面达标。,免征：车船税应纳税额×0%（符合条件的纯电动商用车、插电式混合动力汽车、燃料电池商用车）。减半：车船税应纳税额×50%（符合条件的节能乘用车和节能商用车）。,N/A,N/A,N/A,N/A,N/A,N/A,N/A,N/A,N/A,N/A,N/A,N/A,N/A,N/A,N/A,N/A,N/A,N/A,N/A,N/A,N/A,N/A,H49,CO2,正向,空气污染；能源供应安全；工业发展,中华人民共和国车船税法（2011年2月25日第十一届全国人大常委会第十九次会议通过，2012年1月1日起施行）；中华人民共和国车船税法实施条例；财税〔2018〕74号；工信部 财政部 税务总局公告2024年第10号,https://guangdong.chinatax.gov.cn/gdsw/zjfg/2025-10/11/content_a027bb417fc0413aa2dbf4222e5e6f4b.shtml,https://fgk.chinatax.gov.cn/zcfgk/c102416/c5203774/content.html; https://www.gov.cn/gongbao/content/2011/content_1907087.htm
CHNTAXVOTI01S001,子方案,税收,车船税优惠,交通,商用车,新能源汽车免征车船税,New energy vehicle and vessel tax exemption,节能与新能源车船税优惠,对符合条件的新能源汽车免征车船税。免征范围包括纯电动商用车、插电式混合动力汽车（含增程式）和燃料电池商用车。纯电动乘用车和燃料电池乘用车不属于车船税征税范围（不征车船税，区别于免征）。符合条件的车辆须列入工业和信息化部、税务总局联合发布的享受车船税减免优惠的节约能源 使用新能源汽车车型目录。依据财税〔2018〕74号及工信部 财政部 税务总局公告2024年第10号更新技术标准。,减缓气候变化；能源效率,直接,需求侧,中国,国家,N/A,25/02/2011,01/01/2012,N/A,01/07/2024,2024年5月公告（2024年第10号）自2024年7月1日起更新新能源汽车技术标准。,生效,工业和信息化部（车型目录管理）；国家税务总局（车船税征收管理）；财政部（政策制定）,公交车；轻型卡车；重型卡车,既有,纯电动商用车（包括纯电动客车、纯电动货车等）、插电式混合动力汽车（含增程式）、燃料电池商用车。须通过新能源汽车专项检测，生产企业须在质量保证、售后服务、安全监测、动力电池回收利用等方面达标。,N/A,N/A,个人；企业,符合条件的新能源商用车的所有人或管理人（包括物流企业、公交公司、出租汽车公司、各类机构和个人消费者）。纯电动乘用车和燃料电池乘用车的所有人不属于征税范围，无需缴纳车船税。,拥有、使用或资本形成,新能源商用车所有人在每年缴纳车船税时，凭车型列入优惠目录的证明，由税务机关免征车船税。优惠在车辆持有期间每年持续适用。,100,% of annual vehicle and vessel tax exempted,免征车船税（100%减免）。纯电动乘用车和燃料电池乘用车属于不征车船税范围（非免征优惠）。,新能源汽车须同时满足：在中国境内合法销售；符合新能源汽车产品技术标准（GB/T 18386等）；通过新能源汽车专项检测，列入优惠车型目录。生产企业须在质量保证、售后服务、安全监测、动力电池回收利用等方面达标。,应纳税额=0（免征）,N/A,N/A,N/A,N/A,N/A,N/A,N/A,N/A,N/A,N/A,N/A,N/A,N/A,N/A,N/A,N/A,N/A,N/A,N/A,N/A,N/A,N/A,H49,CO2,正向,空气污染；能源供应安全；工业发展,中华人民共和国车船税法第四条；财税〔2018〕74号；工信部 财政部 税务总局公告2024年第10号,https://guangdong.chinatax.gov.cn/gdsw/zjfg/2025-10/11/content_a027bb417fc0413aa2dbf4222e5e6f4b.shtml,https://fgk.chinatax.gov.cn/zcfgk/c102416/c5203774/content.html
CHNTAXVOTI01S002,子方案,税收,车船税优惠,交通,道路交通；乘用车；商用车,节能汽车减半征收车船税,Energy-saving vehicle 50% vehicle and vessel tax reduction,节能与新能源车船税优惠,对符合条件的节能汽车减半征收车船税。节能乘用车须满足排量1.6升以下（含1.6升）且综合工况燃料消耗量符合国家标准的条件（含非插电式混合动力、双燃料和两用燃料乘用车）。节能商用车须符合GB30510标准的综合工况燃料消耗量要求（含非插电式混合动力、双燃料和两用燃料商用车）。符合条件的车型须列入工业和信息化部、税务总局联合发布的享受车船税减免优惠的节约能源 使用新能源汽车车型目录。依据财税〔2018〕74号及工信部 财政部 税务总局公告2024年第10号更新技术标准。,减缓气候变化；能源效率,直接,需求侧,中国,国家,N/A,25/02/2011,01/01/2012,N/A,01/07/2024,2024年5月公告（2024年第10号）自2024年7月1日起更新节能汽车综合工况燃料消耗量技术标准。,生效,工业和信息化部（车型目录管理和技术标准）；国家税务总局（车船税征收管理）；财政部（政策制定）,汽车；轻型卡车；重型卡车,既有,节能乘用车：排量≤1.6升，综合工况燃料消耗量符合GB27999标准；包括非插电式混合动力、双燃料和两用燃料乘用车。节能商用车：符合GB30510标准的轻型商用车和重型商用车；包括非插电式混合动力、双燃料和两用燃料商用车。具体车型须列入优惠目录。,N/A,乘用车排量不超过1.6升（≤1.6L）。轻型商用车最大设计总质量不超过3500kg。重型商用车最大设计总质量超过3500kg。,个人；企业,符合条件的节能汽车的所有人或管理人（包括个人消费者、各类企业和机构）。优惠通过减半征收年度车船税降低车辆持有成本。,拥有、使用或资本形成,节能汽车所有人在每年缴纳车船税时，凭车型列入优惠目录的证明，由税务机关按50%税率征收车船税。优惠在车辆持有期间每年持续适用。,50,% of annual vehicle and vessel tax reduced,减半征收车船税（50%减免），即实际缴纳车船税应纳税额的50%。,节能汽车须同时满足：在中国境内合法销售；综合工况燃料消耗量符合国家相关标准（GB27999乘用车，GB30510商用车）；列入工信部、税务总局联合发布的优惠车型目录。车企通过节能与新能源汽车财税优惠目录申报管理系统自愿申报。,实际应纳车船税 = 车船税应纳税额 × 50%,N/A,N/A,N/A,N/A,N/A,N/A,N/A,N/A,N/A,N/A,N/A,N/A,N/A,N/A,N/A,N/A,N/A,N/A,N/A,N/A,N/A,N/A,H49,CO2,正向,空气污染；能源供应安全,中华人民共和国车船税法第五条；财税〔2018〕74号；工信部 财政部 税务总局公告2024年第10号,https://guangdong.chinatax.gov.cn/gdsw/zjfg/2025-10/11/content_a027bb417fc0413aa2dbf4222e5e6f4b.shtml,https://fgk.chinatax.gov.cn/zcfgk/c102416/c5203774/content.html
CHNTAXVPTI01S000,工具,税收,车辆购置税优惠,交通,道路交通；乘用车；新能源汽车,新能源汽车车辆购置税减免政策,New energy vehicle purchase tax exemption and reduction policy,新能源汽车推广政策,中国对符合条件的新能源汽车免征或减半征收车辆购置税。2014年原始政策规定，自2014年9月1日至2017年12月31日，对购置的新能源汽车免征车辆购置税。2023年延续和优化政策将支持延长至2027年底：2024年1月1日至2025年12月31日期间购置的新能源汽车免征车辆购置税，每辆新能源乘用车免税额不超过3万元；2026年1月1日至2027年12月31日期间购置的新能源汽车减半征收车辆购置税，每辆新能源乘用车减税额不超过1.5万元。,工业发展；低碳出行；绿色经济,直接,需求侧,中国,国家,N/A,01/08/2014,01/09/2014,31/12/2027,19/06/2023,2023年公告将政策延续并优化至31/12/2027：2024-2025年购置的符合条件新能源汽车免征车辆购置税，新能源乘用车每辆免税额不超过3万元；2026-2027年购置的符合条件新能源汽车减半征收车辆购置税，新能源乘用车每辆减税额不超过1.5万元。,生效,财政部；税务总局；工业和信息化部,道路运输车辆；汽车,新建,符合条件的新能源汽车，包括列入免征或减免车辆购置税新能源汽车车型目录的纯电动汽车、插电式混合动力汽车（含增程式）和燃料电池汽车。,N/A,2024-2025年购置的符合条件新能源汽车免征车辆购置税，新能源乘用车每辆免税额不超过3万元；2026-2027年购置的符合条件新能源汽车减半征收车辆购置税，新能源乘用车每辆减税额不超过1.5万元。,个人；企业,符合条件新能源汽车的购买者；车辆销售方和生产企业配合车型目录和税务资料管理。,购置、租赁或改装,购买符合条件的新能源汽车，并申报车辆购置税免征或减半征收。,100；50,%车辆购置税免征/减征,2024-2025年购置的符合条件新能源汽车免征车辆购置税，新能源乘用车每辆免税额不超过3万元；2026-2027年购置的符合条件新能源汽车减半征收车辆购置税，新能源乘用车每辆减税额不超过1.5万元。来源：2023年财政部、税务总局、工业和信息化部公告。,车辆须属于列入免征或减免车辆购置税车型目录的新能源汽车；购置日期按机动车销售统一发票或海关关税专用缴款书等有效凭证的开具日期确定。,减免税额 = 应纳车辆购置税额 × 适用减免比例，并受新能源乘用车单车上限约束。,2024-2025年新能源乘用车单车免税额上限为3万元；2026-2027年新能源乘用车单车减税额上限为1.5万元。,N/A,N/A,N/A,N/A,N/A,N/A,N/A,N/A,N/A,N/A,N/A,N/A,N/A,N/A,N/A,N/A,N/A,N/A,N/A,N/A,N/A,C29; G45,CO2,正向,空气污染；能源供应安全；工业发展,财政部 税务总局 工业和信息化部关于延续和优化新能源汽车车辆购置税减免政策的公告,https://szs.mof.gov.cn/zhengcefabu/202306/t20230620_3891500.htm,https://policy.mofcom.gov.cn/claw/clawContent.shtml?id=48973
CHNADPCPMI01S000,工具,行政定价,容量电价机制,能源,电力,发电侧容量电价机制,Generation-side capacity pricing mechanism,N/A,中国发电侧容量电价改革将现有单一制上网电价（仅体现电量价值）改为两部制电价（电量电价+容量电价），对不同技术类型的发电机组和储能设施分别建立容量补偿机制。容量电价按技术类型差异化制定，容量电费通过系统运行费从全体工商业用户回收。涵盖煤电、天然气发电、新型储能和抽水蓄能四类。,保障电力系统容量充裕度；促进能源结构调整,间接,供给侧,中国,国家,N/A,08/11/2023,01/01/2024,N/A,27/01/2026,国家发展改革委、国家能源局发布关于完善发电侧容量电价机制的通知（发改价格〔2026〕114号），将天然气发电、新型储能、抽水蓄能纳入容量电价机制，调整煤电容量电价固定成本回收比例，建立统一监管框架。,生效,国家发展和改革委员会；国家能源局,发电机组；储能设施,新建；既有,煤电：合规、并网、在运的公用煤电机组。不含自备电厂、未并网或已关停机组的煤电机组。天然气发电：合规、并网、在运的公用天然气发电机组。新型储能：合规的独立储能电站。抽水蓄能：合规的在运抽水蓄能电站。,N/A,N/A,企业,拥有合规、并网、在运发电机组或储能设施的发电企业或储能运营商。,生产、发电或转化；购买或使用,发电机组提供可用容量；储能设施基于可用容量和放电时长提供容量支撑。,见各子方案,见各子方案,容量电价或补偿标准因技术类型而异，详见各子方案。容量电费通过系统运行费从全体工商业用户按用电量均摊回收。,发电企业和储能运营商须按调度指令提供可用容量；各技术类型的容量电价标准和考核结算规则详见各子方案。容量电费通过系统运行费从全体工商业用户按用电量回收。,电网企业根据机组申报最大出力及实际调度考核结果按月计算容量电费。,月度容量电费=容量电价×机组申报最大出力÷12，按月考核调整和结算。,N/A,N/A,N/A,N/A,N/A,N/A,N/A,N/A,N/A,N/A,N/A,N/A,N/A,N/A,N/A,N/A,N/A,N/A,N/A,N/A,N/A,D35,CO2,正向,空气污染,关于建立煤电容量电价机制的通知（发改价格〔2023〕1501号）；关于完善发电侧容量电价机制的通知（发改价格〔2026〕114号）,https://www.gov.cn/zhengce/zhengceku/202311/content_6914744.htm,https://www.ndrc.gov.cn/xxgk/zcfb/tz/202311/t20231110_1361897.html; https://www.gov.cn/zhengce/zhengceku/202601/content_7056676.htm
CHNADPCPMI01S001,子方案,行政定价,容量电价机制,能源,煤电,煤电容量电价,Coal-fired capacity pricing,N/A,将现有煤电单一制上网电价（仅体现电量价值）改为两部制电价（电量电价+容量电价），对合规在运的公用煤电机组按固定成本标准和回收比例确定容量电价。固定成本标准为全国统一的330元/千瓦/年，2024-2025年多数省份回收比例为30%（即100元/千瓦/年），部分省份按50%执行。2026年起通过发改价格〔2026〕114号文将多数省份回收比例提高至不低于50%，云南等部分省份按不低于70%执行。容量电费纳入系统运行费，由工商业用户按用电量分摊。,保障煤电容量充裕度；促进煤电机组向调节型和平衡型电源转型,间接,供给侧,中国,国家,N/A,08/11/2023,01/01/2024,N/A,27/01/2026,发改价格〔2026〕114号将煤电容量电价固定成本回收比例从多数省份30%提高至不低于50%，云南等部分省份不低于70%。,生效,国家发展和改革委员会；国家能源局,煤电机组,新建；既有,合规、并网、在运的公用煤电机组。不含自备电厂、未并网或已关停机组的煤电机组，不包括不符合能耗、环保、灵活调节要求的煤电机组。,N/A,N/A,企业,拥有合规、并网、在运公用煤电机组的发电企业。,生产、发电或转化,煤电机组申报最大出力并按调度指令提供可用容量。,330; 100; 165,元/千瓦/年,全国统一固定成本标准：330元/千瓦/年。2024-2025年回收比例：多数省份30%（即100元/千瓦/年），部分省份50%（即165元/千瓦/年）。2026年起：多数省份不低于50%，云南等部分省份不低于70%（来源：发改价格〔2023〕1501号；发改价格〔2026〕114号）。,煤电机组按月申报最大出力，容量电费按月结算。容量电费纳入系统运行费，由工商业用户按用电量分摊。机组需通过调度考核方可全额获得容量电费。,电网企业根据机组申报最大出力及实际调度考核结果按月计算容量电费。,容量电价=固定成本标准（330元/千瓦/年）×回收比例（30%至不低于50%）。月度容量电费=容量电价×机组申报最大出力÷12，按月考核调整和结算。,N/A,N/A,N/A,N/A,N/A,N/A,N/A,N/A,N/A,N/A,N/A,N/A,N/A,N/A,N/A,N/A,N/A,N/A,N/A,N/A,N/A,D35,CO2,未知,N/A,关于建立煤电容量电价机制的通知（发改价格〔2023〕1501号）,https://www.gov.cn/zhengce/zhengceku/202311/content_6914744.htm,https://www.ndrc.gov.cn/xxgk/zcfb/tz/202311/t20231110_1361897.html
CHNADPCPMI01S002,子方案,行政定价,容量电价机制,能源,天然气发电,天然气发电容量电价,Natural gas-fired capacity pricing,N/A,将天然气发电机组纳入发电侧容量电价机制，容量电费标准由省级价格主管部门会同能源主管部门自主确定，无全国统一标准。天然气发电机组须按调度指令提供调峰和调节服务，容量电费通过系统运行费从工商业用户回收。,保障天然气发电容量充裕度；激励天然气发电提供调峰和调节服务,间接,供给侧,中国,国家,N/A,27/01/2026,27/01/2026,N/A,N/A,N/A,生效,国家发展和改革委员会；国家能源局,天然气发电机组,新建；既有,合规、并网、在运的公用天然气发电机组。,N/A,N/A,企业,拥有合规、并网天然气发电机组的发电企业。,生产、发电或转化,天然气发电机组申报可用容量并按调度指令提供调峰和调节服务。,N/A,N/A,由省级价格主管部门会同能源主管部门自主确定，无全国统一标准（来源：发改价格〔2026〕114号）。,天然气发电机组须按调度指令提供可用容量；具体考核和结算规则由省级层面确定。,N/A,N/A,N/A,N/A,N/A,N/A,N/A,N/A,N/A,N/A,N/A,N/A,N/A,N/A,N/A,N/A,N/A,N/A,N/A,N/A,N/A,N/A,N/A,D35,CO2,未知,N/A,关于完善发电侧容量电价机制的通知（发改价格〔2026〕114号）,https://www.gov.cn/zhengce/zhengceku/202601/content_7056676.htm,https://zfxxgk.ndrc.gov.cn/wap/iteminfo.jsp?id=20602
CHNADPCPMI01S003,子方案,行政定价,容量电价机制,能源,新型储能,新型储能容量补偿,New-type energy storage capacity compensation,N/A,将独立储能电站纳入发电侧容量电价机制，按容量补偿方式给予支持。容量补偿标准锚定当地煤电容量电价，按储能放电时长折算。独立储能电站须具备独立计量和调度能力，按调度指令提供容量支撑。,激励新型储能投资建设；提升电力系统灵活调节能力,间接,供给侧,中国,国家,N/A,27/01/2026,27/01/2026,N/A,N/A,N/A,生效,国家发展和改革委员会；国家能源局,新型储能,新建；既有,合规的独立储能电站。,N/A,N/A,企业,独立储能电站运营商。,生产、发电或转化,独立储能电站基于可用容量和放电时长提供容量支撑。,N/A,N/A,容量补偿标准锚定当地煤电容量电价，按储能放电时长折算（来源：发改价格〔2026〕114号）。,独立储能电站须具备独立计量和调度能力，按调度指令提供容量支撑；具体考核和结算规则由省级层面确定。,N/A,N/A,N/A,N/A,N/A,N/A,N/A,N/A,N/A,N/A,N/A,N/A,N/A,N/A,N/A,N/A,N/A,N/A,N/A,N/A,N/A,N/A,N/A,D35,CO2,正向,空气污染,关于完善发电侧容量电价机制的通知（发改价格〔2026〕114号）,https://www.gov.cn/zhengce/zhengceku/202601/content_7056676.htm,https://zfxxgk.ndrc.gov.cn/wap/iteminfo.jsp?id=20602
CHNADPCPMI01S004,子方案,行政定价,容量电价机制,能源,抽水蓄能,抽水蓄能容量电价,Pumped hydro storage capacity pricing,N/A,将抽水蓄能电站纳入发电侧容量电价机制，实行容量电价制度。采用经营期定价法，按项目投产时间差异化定价。新建项目投产即按经营期定价法核定容量电价；已运行一定年限的项目按实际运维成本定价。各省具体标准由省级价格主管部门确定（发改价格〔2026〕114号）。,保障抽水蓄能容量充裕度；激励抽水蓄能投资建设,间接,供给侧,中国,国家,N/A,27/01/2026,27/01/2026,N/A,N/A,N/A,生效,国家发展和改革委员会；国家能源局,抽水蓄能,新建；既有,合规的在运抽水蓄能电站。,N/A,N/A,企业,抽水蓄能电站运营商（主要为电网企业和发电企业）。,生产、发电或转化,抽水蓄能电站提供可用容量和削峰填谷服务。,N/A,N/A,采用经营期定价法，按项目投产时间差异化定价。新建项目投产即核定容量电价；已运行一定年限项目按实际运维成本定价（来源：发改价格〔2026〕114号）。,抽水蓄能电站须按调度指令提供抽水和发电服务；具体考核和结算规则由省级层面确定。,N/A,N/A,N/A,N/A,N/A,N/A,N/A,N/A,N/A,N/A,N/A,N/A,N/A,N/A,N/A,N/A,N/A,N/A,N/A,N/A,N/A,N/A,N/A,D35,CO2,正向,空气污染,关于完善发电侧容量电价机制的通知（发改价格〔2026〕114号）,https://www.gov.cn/zhengce/zhengceku/202601/content_7056676.htm,https://zfxxgk.ndrc.gov.cn/wap/iteminfo.jsp?id=20602
CHNADPRITI01S000,工具,行政定价,居民阶梯电价,建筑,居民用电,居民生活用电阶梯电价,Residential increasing-block tariff,N/A,对实行一户一表的城乡居民用户，居民用电实行三档阶梯电价：第一档电量覆盖80%左右居民家庭的月均用电量，电价保持基本稳定；第二档电量覆盖80%-95%居民家庭的月均用电量，电价在第一档基础上每千瓦时加价不低于0.05元；第三档为超出第二档的高档用电，电价在第一档基础上每千瓦时加价约0.30元。各省（自治区、直辖市）根据本地实际确定各档电量和具体价格。,促进居民节约用电和环境保护；兼顾居民用电公平与可负担性,间接,需求侧,中国,国家,N/A,29/11/2011,01/07/2012,N/A,N/A,2013年12月，国家发展改革委发布关于完善居民阶梯电价制度的通知，进一步完善居民阶梯电价制度实施要求和执行细则。,生效,国家发展和改革委员会；省级价格主管部门,居民用电,既有,城乡居民一户一表用户的生活用电。出租房屋用户和居住证地址与实际用电地址不符的用户，由各省根据实际情况确定是否执行阶梯电价及具体执行方式。,N/A,各档电量分档标准：第一档覆盖约80%居民家庭月均用电量；第二档覆盖约80%-95%居民家庭月均用电量；第三档为超出第二档部分。具体分档电量由各省根据本地居民用电实际确定。,家庭,城乡居民一户一表用户。原则上以住宅为单位，一个房产证明对应一户；未实行一户一表的合表用户，由各省根据实际情况确定计价方式。,购买或使用,居民日常生活用电，包括但不限于照明、制冷、供暖、炊事、家电等。,0.05; 0.30,元/千瓦时,第二档加价标准：不低于0.05元/千瓦时。第三档加价标准：约0.30元/千瓦时。第一档电价保持基本稳定。各省（自治区、直辖市）可结合实际适当调整具体加价标准（来源：2011年国家发展改革委居民阶梯电价指导意见）。,各省（自治区、直辖市）价格主管部门根据本地居民用电实际，制定阶梯电价分档电量和价格方案，报省级人民政府批准后实施。电网企业按月抄表并按累计用电量分档计价。,电网企业按每户每月累计用电量对应各档电价分别计算电费：第一档电量×第一档电价+第二档电量×第二档电价+第三档电量×第三档电价。,各省价格主管部门根据本地居民用电量和用电结构，合理确定各档电量和电价标准。电网企业按月累计用电量自动分档计价并出具电费账单。,N/A,N/A,N/A,N/A,N/A,N/A,N/A,N/A,N/A,N/A,N/A,N/A,N/A,N/A,N/A,N/A,N/A,N/A,N/A,N/A,N/A,D35,CO2,正向,空气污染,关于居民生活用电试行阶梯电价的指导意见（发改价格〔2011〕2617号）；关于完善居民阶梯电价制度的通知（发改价格〔2013〕2523号）,https://zfxxgk.ndrc.gov.cn/web/iteminfo.jsp?id=19692,https://www.gov.cn/gzdt/2011-12/01/content_2007657.htm
CHNADPIDPI01S000,工具,行政定价,工业差别电价,工业,电解铝；铁合金；电石；烧碱；水泥；钢铁；铜；锌冶炼,高耗能行业差别电价制度,Industrial differentiated electricity pricing,N/A,对电解铝、铁合金、电石、烧碱、水泥、钢铁、铜、锌冶炼八个高耗能行业实行差别电价政策。根据国家产业政策，将行业内企业分为鼓励类、限制类和淘汰类，对限制类和淘汰类企业用电在正常电价基础上分别加收0.10元/千瓦时和0.30元/千瓦时的差别电价。差别电价收入纳入省级财政，专项用于节能改造和产业升级。,抑制高耗能行业盲目扩张；促进产业结构调整和技术升级；推动节能减排,直接,供给侧,中国,国家,N/A,01/06/2004,01/06/2004,N/A,29/05/2024,2024—2025年节能降碳行动方案（国发〔2024〕12号）要求完善高耗能行业差别电价政策。2010年国家发展改革委等部门联合发布关于清理对高耗能企业优惠电价等问题的通知，进一步扩大差别电价实施范围并提高加价标准。,生效,国家发展和改革委员会；省级价格主管部门,工业用电,新建；既有,电解铝、铁合金、电石、烧碱、水泥、钢铁、铜、锌冶炼八个高耗能行业企业的生产用电。,N/A,按国家产业政策将企业分为鼓励类、限制类和淘汰类，不同类别适用不同加价标准。,企业,属于上述八个高耗能行业的工业企业。,购买或使用,高耗能工业企业的生产经营用电。,0.10; 0.30,元/千瓦时,限制类企业加价标准：0.10元/千瓦时；淘汰类企业加价标准：0.30元/千瓦时（来源：2004年国家发展改革委差别电价政策通知；2010年进一步扩大差别电价实施范围的通知）。,省级价格主管部门根据国家产业政策，定期公布本行政区域内高耗能行业企业的产业政策分类及相应差别电价标准，电网企业按分类执行差别电价。,省级行业主管部门依据国家产业政策对高耗能企业进行产业政策分类认定；省级价格主管部门按分类核定差别电价标准。,电网企业在电费结算时，按企业所属产业政策分类对限制类和淘汰类企业用电量分别加收相应标准的差别电价。差别电价收入单独核算，上缴省级财政。,N/A,N/A,N/A,N/A,N/A,N/A,N/A,N/A,N/A,N/A,N/A,N/A,N/A,N/A,N/A,N/A,N/A,N/A,N/A,N/A,N/A,D35,CO2,正向,空气污染；能源安全,关于对电解铝等高耗能行业实行差别电价政策的通知（发改价格〔2004〕703号）；关于清理对高耗能企业优惠电价等问题的通知（发改价格〔2010〕782号）,https://zfxxgk.ndrc.gov.cn/web/iteminfo.jsp?id=19692,https://www.gov.cn/zhengce/zhengceku/202405/content_6951522.htm
