政策工具ID,工具/子方案,组别,路径,排放部门,子行业,本国工具名称,英文工具名称,政策包,描述,目标,减缓相关性,作用渠道,国家,管辖层级,管辖地名称,通过日期,生效日期,终止日期,最近修订,最近修订（详情）,状态,管理机构,受规制资产,受规制资产（状态）,受规制资产（详情）,受规制资产（其他）,受规制资产（阈值范围）,受规制主体,受规制主体（详情）,受规制活动,受规制活动（详情）,强度（数值）,强度（单位）,强度（详情）,要求说明,合规计算方法I,合规计算方法II,合规监测,合规监测详情,合规执行,合规执行详情,合规促进,合规促进详情,温室气体排放覆盖（绝对量）,温室气体排放覆盖（占国内排放百分比）,经济行业,受影响的温室气体,减缓效果,减缓协同效益,法律文件名称,法律文件链接,其他网页链接
CHNTECBFHI01S000,工具,技术标准,化石燃料供暖系统禁止和淘汰,工业；建筑,工业供热；建筑供暖；集中供热,禁止新建和逐步淘汰燃煤锅炉,Ban on New Coal-Fired Boilers and Phase-Out of Existing Units,N/A,"中国通过《大气污染防治法》（2015年修订，2016年1月1日施行）和《空气质量持续改善行动计划》（国发〔2023〕24号）等建立了对燃煤锅炉""禁止新建、加速淘汰、清洁替代""的管控体系。法律禁止在集中供热管网覆盖地区新建、扩建分散燃煤供热锅炉；县级及以上城市建成区原则上不再新建35蒸吨/小时及以下燃煤锅炉；重点区域原则上不再新建除集中供暖外的燃煤锅炉。PM2.5未达标城市到2025年基本淘汰10蒸吨/小时及以下燃煤锅炉，重点区域基本淘汰35蒸吨/小时及以下燃煤锅炉。",减缓气候变化,直接,供给侧,中国,国家,N/A,29/08/2015,01/01/2016,N/A,29/11/2023,2023年11月29日，国家发展改革委、市场监管总局、工业和信息化部、生态环境部、国家能源局联合印发《锅炉绿色低碳高质量发展行动方案》（发改环资〔2023〕1638号），明确将燃煤锅炉淘汰作为支撑碳达峰碳中和目标的绿色低碳发展措施，部署了到2025年和2030年的阶段性目标，涵盖锅炉生产制造、建设运行、回收利用全链条。,生效,生态环境部；国家发展和改革委员会；国家市场监督管理总局；国家能源局,燃煤锅炉,新建；既有,以煤炭为燃料的蒸汽锅炉和热水锅炉。管控范围以蒸吨/小时为分类标准：10蒸吨/小时及以下小型燃煤锅炉（淘汰重点）；35蒸吨/小时及以下燃煤锅炉（重点区域淘汰对象）；集中供热管网覆盖地区的分散燃煤供热锅炉（禁止新建）；重点区域除集中供暖外的燃煤锅炉（原则上不新建）。,N/A,10蒸吨/小时及以下；35蒸吨/小时及以下,企业；政府,燃煤锅炉的使用企业（工业企业和供热企业）、新建燃煤锅炉的投资建设单位，以及地方政府（负责落实淘汰计划）。,生产；使用,燃煤锅炉的运行使用和新建投资活动。包括禁止新建受限类型的燃煤锅炉，要求已建成的须在规定期限内改用清洁能源或拆除。,N/A,N/A,N/A,1) 集中供热管网覆盖地区，禁止新建、扩建分散燃煤供热锅炉；2) 县级及以上城市建成区原则上不再新建35蒸吨/小时及以下燃煤锅炉；3) 重点区域（京津冀及周边、长三角、汾渭平原等）原则上不再新建除集中供暖外的燃煤锅炉；4) PM2.5未达标城市到2025年基本淘汰10蒸吨/小时及以下燃煤锅炉；5) 重点区域到2025年基本淘汰35蒸吨/小时及以下燃煤锅炉；6) 已建成的不能达标排放的燃煤锅炉应当在规定期限内拆除或改用清洁能源。,N/A,N/A,政府机构开展的监督检查,生态环境主管部门会同市场监管、发展改革等部门对燃煤锅炉禁令执行情况进行监督检查，包括新建锅炉使用登记审查、在用锅炉淘汰进度核查、清洁能源替代落实情况检查等。,合规命令；罚款,在禁燃区内新建、扩建燃用高污染燃料设施的，或未在规定期限内改用清洁能源的，由生态环境主管部门没收燃用高污染燃料的设施，组织拆除燃煤供热锅炉，并处罚款。,其他激励或支持,国家通过中央预算内投资、大气污染防治专项资金等对燃煤锅炉淘汰和清洁能源替代给予资金支持；鼓励采用电锅炉、天然气锅炉、生物质锅炉及工业余热等清洁供暖供汽方式。,N/A,N/A,C25; D35; E36; E37; E38; E39,CO2,正向,空气污染物减排；能源消耗减少；清洁能源发展,中华人民共和国大气污染防治法；锅炉绿色低碳高质量发展行动方案（发改环资〔2023〕1638号）,https://www.mee.gov.cn/ywgz/fgbz/fl/201811/t20181113_673567.shtml,https://zfxxgk.ndrc.gov.cn/web/iteminfo.jsp?id=20297
CHNTECBPPI01S000,工具,技术标准,塑料制品禁止和淘汰,工业,塑料制品制造；零售；餐饮；住宿；快递,塑料制品禁限制,Ban and Restrictions on Plastic Products,N/A,中国塑料制品禁限制由《关于进一步加强塑料污染治理的意见》（发改环资〔2020〕80号，2020年1月16日）建立，按照“禁限一批、替代循环一批、规范一批”的思路，分2020年、2022年、2025年三个时间段，有序禁止、限制部分塑料制品的生产、销售和使用。禁限品类包括：到2020年底，全国范围禁止生产和销售厚度小于0.025毫米的超薄塑料购物袋、厚度小于0.01毫米的聚乙烯农用地膜，禁止以医疗废物为原料制造塑料制品，禁止废塑料进口；到2020年底，全国范围餐饮行业禁止使用不可降解一次性塑料吸管，地级以上城市建成区餐饮堂食服务禁止使用不可降解一次性塑料餐具；到2020年底，禁止生产和销售一次性发泡塑料餐具、一次性塑料棉签；到2022年底，禁止销售含塑料微珠的日化产品；到2025年底，全国范围邮政快递网点禁止使用不可降解的塑料包装袋、塑料胶带、一次性塑料编织袋。2021年9月8日，国家发展改革委、生态环境部印发《十四五塑料污染治理行动方案》（发改环资〔2021〕1298号），进一步强化了塑料污染全链条治理要求。2020年4月29日修订的《固体废物污染环境防治法》（2020年9月1日实施）首次将塑料制品禁限纳入法律，为禁限制制度提供了法律基础。该制度的减缓相关性为间接：通过减少石油基塑料的生产和消费，避免了上游化石原料开采和加工过程中的温室气体排放。,污染防治；资源节约；循环经济,间接,供给侧,中国,国家,N/A,16/01/2020,16/01/2020,N/A,08/09/2021,首次制定于2020年1月16日（发改环资〔2020〕80号）。2020年4月29日，《固体废物污染环境防治法》修订通过（2020年9月1日实施），将塑料制品禁限纳入法律。2021年9月8日，国家发展改革委、生态环境部联合印发《十四五塑料污染治理行动方案》（发改环资〔2021〕1298号），在2020年版基础上进一步强化塑料生产和使用源头减量、替代产品推广、塑料废弃物回收处置和重点区域塑料垃圾清理整治等全链条治理要求。,生效,国家发展和改革委员会；生态环境部；商务部；国家市场监督管理总局；国家邮政局；农业农村部,受禁限塑料制品,既有,涵盖多类受禁限塑料制品：（1）超薄塑料购物袋（厚度<0.025mm）—2020年底全国禁止生产和销售；（2）聚乙烯农用地膜（厚度<0.01mm）—2020年底全国禁止生产和销售；（3）一次性塑料吸管—2020年底全国餐饮行业禁止使用；（4）一次性发泡塑料餐具—2020年底全国禁止生产和销售；（5）一次性塑料棉签—2020年底全国禁止生产；（6）含塑料微珠的日化产品—2022年底全国禁止销售；（7）不可降解一次性塑料餐具—2020年底地级以上城市建成区餐饮堂食禁止使用，2025年县城建成区餐饮堂食禁止使用；（8）不可降解塑料包装袋、塑料胶带、一次性塑料编织袋—2025年底全国邮政快递网点禁止使用；（9）一次性塑料用品（宾馆酒店）—2025年全国星级宾馆酒店不再主动提供。,N/A,N/A,企业,塑料制品生产企业；零售企业；餐饮企业；酒店；快递企业；电商平台。,生产；销售；使用,各类受禁限塑料制品的生产、销售和使用活动。包括：塑料购物袋的生产和零售环节销售使用；一次性塑料吸管和餐具的餐饮行业使用；一次性塑料用品的宾馆酒店提供使用；不可降解塑料包装的快递行业使用；含塑料微珠日化产品的生产销售。,N/A,N/A,N/A,1）到2020年底，全国范围禁止生产和销售厚度小于0.025mm的超薄塑料购物袋、厚度小于0.01mm的聚乙烯农用地膜、一次性发泡塑料餐具、一次性塑料棉签；2）到2020年底，全国范围餐饮行业禁止使用不可降解一次性塑料吸管，地级以上城市建成区餐饮堂食禁止使用不可降解一次性塑料餐具；3）到2020年底，禁止以医疗废物为原料制造塑料制品，禁止废塑料进口；4）到2022年底，禁止销售含塑料微珠的日化产品；5）到2025年底，全国范围邮政快递网点禁止使用不可降解的塑料包装袋、塑料胶带、一次性塑料编织袋；6）到2025年底，地级以上城市餐饮外卖领域不可降解一次性塑料餐具消耗强度下降30%；7）到2025年，全国所有宾馆、酒店、民宿不再主动提供一次性塑料用品。,N/A,N/A,政府机构开展的监督检查,政府机构开展的监督检查；企业报告。县级以上地方人民政府商务、邮政管理等部门按职责对零售场所、餐饮企业、快递企业等进行监督检查。零售场所、电商平台、快递企业和外卖平台须向商务、邮政等部门报告一次性塑料制品的使用和回收情况。,行政处罚；罚款；没收违法所得,行政处罚（1万至10万元）；没收违法所得；责令整改；信用惩戒。违反禁限制规定的，由县级以上地方人民政府市场监督管理等有关部门依法查处。未遵守国家有关禁止、限制使用不可降解塑料袋等一次性塑料制品规定的，依照《固体废物污染环境防治法》第一百零六条处一万元以上十万元以下的罚款。2025年《生态环境法典》二审稿引入生产和销售环节的处罚（货值金额1-3倍罚款+没收+吊销许可）。,税收优惠；财政补贴,替代产品推广；可降解塑料研发支持；回收体系建设。鼓励使用纸袋、布袋、竹木制品、可降解塑料等替代产品；支持可降解塑料、再生塑料等绿色包装材料研发和产业化；推进快递包装回收利用和塑料废弃物回收体系建设。,N/A,N/A,C20; C22; G47; I55; I56; H53,CO2,正向,污染防治；资源节约；循环经济,关于进一步加强塑料污染治理的意见（发改环资〔2020〕80号）,https://www.ndrc.gov.cn/xxgk/zcfb/tz/202001/t20200119_1219275_ext.html,十四五塑料污染治理行动方案（发改环资〔2021〕1298号，2021年9月8日）：https://www.ndrc.gov.cn/xxgk/zcfb/tz/202109/t20210915_1296557_ext.html；固体废物污染环境防治法（2020年修订，主席令第43号）：https://www.gov.cn/xinwen/2020-04/30/content_5507561.htm
CHNTECFGAI01S000,工具,技术标准,含氟温室气体禁止和淘汰,工业,制冷设备制造,禁止生产以HFCs为制冷剂的电冰箱和冰柜,Ban on Production of Household Refrigerators and Freezers Using HFCs as Refrigerants,N/A,《关于禁止生产以氢氟碳化物（HFCs）为制冷剂的家用电冰箱和冰柜产品的公告》（生态环境部2025年第27号公告，2025年11月15日发布）规定自2026年1月1日起，全面禁止生产以氢氟碳化物（HFCs）为制冷剂的家用电冰箱和冰柜产品（包括出口产品，不含车载冰箱）。该公告是为落实《中国履行〈关于消耗臭氧层物质的蒙特利尔议定书〉国家方案（2025—2030年）》关于家电行业自2026年起禁止生产以HFCs为制冷剂的电冰箱和冰柜的要求，推动HFCs削减和替代。目前中国冰箱冰柜行业超过90%已使用环保工质异丁烷（R600a）作为制冷剂。,减缓气候变化,直接,供给侧,中国,国家,N/A,15/11/2025,01/01/2026,N/A,N/A,N/A,生效,生态环境部；国家发展和改革委员会；工业和信息化部；商务部；海关总署,以HFCs为制冷剂的家用电冰箱和冰柜,新建,以氢氟碳化物（HFCs）为制冷剂的家用电冰箱和冰柜产品。产品范围根据GB/T 8059—2016《家用和类似用途制冷器具》定义，包括出口产品，不含车载冰箱。目前中国冰箱冰柜行业超过90%已使用环保工质异丁烷（R600a）作为制冷剂，仅少量出口产品仍使用HFCs制冷剂。,N/A,N/A,企业,在中国境内生产以HFCs为制冷剂的家用电冰箱和冰柜产品的生产企业。,生产,自2026年1月1日起，禁止生产以氢氟碳化物（HFCs）为制冷剂的家用电冰箱和冰柜产品。涉及产品生产的所有环节，包括组装和充注制冷剂。已取得CCC认证以HFCs为制冷剂的产品证书须在2025年12月31日前完成变更或注销。,N/A,N/A,N/A,1) 自2026年1月1日起，全面禁止生产以HFCs为制冷剂的家用电冰箱和冰柜产品；2) 产品范围依据GB/T 8059—2016《家用和类似用途制冷器具》确定，包含出口产品，不含车载冰箱；3) 已取得CCC认证以HFCs为制冷剂的产品证书须在2025年12月31日前完成变更或注销。,N/A,N/A,政府机构开展的监督检查,生态环境主管部门会同有关部门对HFCs制冷剂冰箱冰柜产品生产禁令的执行情况进行监督检查，包括对生产企业的现场检查、对产品制冷剂类型的抽样检测、对CCC认证证书变更情况的核查等。,合规命令；罚款,对违反规定继续生产以HFCs为制冷剂的家用电冰箱和冰柜产品的企业，由生态环境主管部门会同有关部门依法予以处罚，包括责令停产、没收违法所得、罚款等。,其他激励或支持,鼓励企业加大环保制冷剂（如R600a、R290等）技术研发和推广力度；引导出口企业对接国际市场HFC管控要求，推动产品升级换代。,N/A,N/A,C27,HFCs,正向,绿色产业发展,关于禁止生产以氢氟碳化物（HFCs）为制冷剂的家用电冰箱和冰柜产品的公告（生态环境部2025年第27号公告）,https://www.mee.gov.cn/xxgk2018/xxgk/xxgk01/202511/t20251124_1134724.html,https://www.mee.gov.cn/ywdt/zbft/202511/t20251120_1134527.shtml
CHNTECODSI01S000,工具,技术标准,消耗臭氧层物质禁止和淘汰,工业,化工制造；制冷空调；泡沫塑料制造；消防；溶剂使用,消耗臭氧层物质管理条例,Regulation on the Administration of Ozone-Depleting Substances,N/A,《消耗臭氧层物质管理条例》（国务院令第573号，2010年公布；2018年第一次修订；2023年第二次修订，国务院令第770号）建立了对消耗臭氧层物质（ODS）和氢氟碳化物（HFCs）生产、销售、使用和进出口的系统性管控框架。条例对ODS和HFCs实行总量控制和配额许可管理，禁止新建、扩建生产和使用ODS的建设项目，禁止将已淘汰ODS用于制冷剂、发泡剂、灭火剂等用途，要求从事ODS回收、再生利用、销毁的单位进行无害化处置，且不得直接排放。2023年修订将管控范围扩展至HFCs，落实《基加利修正案》履约要求。该条例是中国履行《蒙特利尔议定书》及其修正案的核心法规。,保护臭氧层,间接,供给侧,中国,国家,N/A,08/04/2010,01/06/2010,N/A,29/12/2023,2023年12月29日根据《国务院关于修改〈消耗臭氧层物质管理条例〉的决定》（国务院令第770号）第二次修订，自2024年3月1日起施行。本次修订将管控范围扩展至氢氟碳化物（HFCs），落实《基加利修正案》履约要求。,生效,生态环境部；国家发展和改革委员会；工业和信息化部；商务部；海关总署,消耗臭氧层物质（ODS）和氢氟碳化物（HFCs）,新建；既有,列入《中国受控消耗臭氧层物质清单》的化学品，包括氯氟碳化物（CFCs）、哈龙、四氯化碳、甲基氯仿、氢氯氟碳化物（HCFCs）、氢溴氟碳化物（HBFCs）、溴氯甲烷、氢氟碳化物（HFCs）等。2023年修订后，HFCs被纳入管控范围。,N/A,N/A,企业,从事消耗臭氧层物质（含HFCs）生产、销售、使用、进出口等经营活动的单位，以及生产过程中附带产生消耗臭氧层物质的单位。,生产；销售；进出口；使用,消耗臭氧层物质的生产、销售、使用和进出口活动。对ODS实行总量控制和配额管理；对HFCs实行配额许可管理。禁止将已淘汰的ODS用于制冷剂、发泡剂、灭火剂等用途。从事ODS回收、再生利用、销毁等经营活动的单位实行备案管理，须进行无害化处置，不得直接排放。,N/A,N/A,N/A,1) 国家对ODS和HFCs的生产、使用和进出口实行总量控制和配额许可制度；2) 生产、使用ODS的单位须取得生产、使用配额许可证；3) 进出口ODS和HFCs须取得进出口许可证；4) 禁止新建、扩建生产和使用ODS的建设项目（特定必要用途除外）；5) 禁止将已淘汰的ODS用于制冷剂、发泡剂、灭火剂、溶剂、清洗剂等用途；6) 从事ODS回收、再生利用、销毁的单位须进行无害化处置，不得直接排放；7) 生产、销售、使用ODS和HFCs的相关企业须建立管理台账。,N/A,N/A,政府机构开展的监督检查,生态环境主管部门会同有关部门对消耗臭氧层物质的生产、销售、使用和进出口活动进行监督检查。检查内容包括配额许可证持有和使用情况、生产和使用数据报告、进出口审批和实际进出口量核验、无害化处置措施执行情况等。被检查单位应当如实反映情况，提供必要资料。,合规命令；罚款,对未经许可生产、使用ODS和HFCs的，由生态环境主管部门责令停产停用，没收违法所得，并处罚款；情节严重的，报经有批准权的人民政府批准，责令关闭。对未按规定进行无害化处置或直接排放的，责令改正并处罚款。对未取得进出口许可证擅自进出口的，由海关依法处罚。,其他激励或支持,国家鼓励和支持消耗臭氧层物质替代品和替代技术的研发、推广和应用；对在消耗臭氧层物质淘汰工作中做出显著成绩的单位和个人，按照国家有关规定给予表彰和奖励。,N/A,N/A,C20; C26; C29,HFCs,正向,有害气体减排；绿色产业发展,消耗臭氧层物质管理条例,https://www.gov.cn/zhengce/content/202401/content_6924477.htm,N/A
CHNTECMEMI01S000,工具,技术标准,电动机最低能源绩效标准（MEPS）,工业,电动机制造；通用设备制造,电动机能效限定值及能效等级,Minimum Allowable Values of Energy Efficiency and Energy Efficiency Grades for Electric Motors,N/A,GB 18613-2020《电动机能效限定值及能效等级》规定了三相异步电动机、单相异步电动机、空调器风扇用电动机的能效等级、能效限定值和试验方法。该标准替代了GB 18613-2012和GB 25958-2010，于2020年5月29日发布，2021年6月1日实施。新标准实施后，中国电动机最低能效执行标准对应IE3等级（2020版三级）。,提高能效；减少能耗,直接,供给侧,中国,国家,N/A,10/01/2002,01/08/2002,N/A,29/05/2020,2020年5月29日发布GB 18613-2020《电动机能效限定值及能效等级》，2021年6月1日实施，替代GB 18613-2012和GB 25958-2010。新标准将最低能效要求提升至IE3等级，功率范围扩展至375kW，并整合了单相异步电动机和空调器风扇用电动机的能效要求。,生效,国家市场监督管理总局；国家标准化管理委员会,电动机,新建,三相异步电动机（0.75kW~375kW，2/4/6极）、单相异步电动机（0.12kW~3.7kW，2/4极）、空调器风扇用电动机（输出功率0.03kW~3.7kW，含冷凝器和蒸发器风扇电动机）。覆盖了大部分通用工业驱动电机。,N/A,N/A,企业,在中国境内生产、进口或销售电动机的生产企业和进口商。,生产；销售；进口,电动机的生产、进口和销售活动。产品须达到标准规定的能效限定值方可进入市场。,3级,能效等级,电动机最低能效须达到3级（对应IE3）能效限定值方可进入市场；1级和2级为自愿性更高能效等级,1) 电动机须达到不低于3级能效（IE3）的能效限定值要求方可生产、进口或销售；2) 产品须标注能效等级标识；3) 能效等级分为1级（最高）、2级、3级，3级为市场准入最低要求（对应IE3）。,N/A,N/A,政府机构开展的监督检查,市场监督管理部门对电动机产品进行能效标识监督检查和产品质量监督抽查。检查内容包括能效等级标注的准确性、产品实际能效是否符合标称等级、是否符合强制性能效限定值要求等。,合规命令；罚款,对生产、进口、销售不符合强制性能效标准的电动机产品的，由市场监督管理部门责令停止生产、进口、销售，没收违法所得，并处罚款；情节严重的，吊销营业执照。,其他激励或支持,国家鼓励生产和使用1级、2级高效电动机；通过节能产品认证、政府绿色采购等措施引导高效电机市场推广；工业和信息化部发布《电机能效提升计划》推动高效电机替代。,>20亿吨CO₂（来源：国家发展改革委2024年专家解读；中国电机系统年碳排放总量，约占工业碳排放35%。中国电动机最低能效标准由GB 18613、GB 30253、GB 30254三项强制性国家标准共同构成，合计覆盖全部主要工业电动机类型，此数据为三项标准合计覆盖量）,约占工业碳排放35%（来源：同上；电机系统碳排放占工业碳排放比例；三项电动机MEPS标准合计值）,C27; C28,CO2,正向,能效提升；工业能源消耗减少；绿色产业发展,GB 18613-2020电动机能效限定值及能效等级,https://openstd.samr.gov.cn/bzgk/std/newGbInfo?hcno=42E6A7FD8C7E4BD896221D92ABA1709B,https://openstd.samr.gov.cn/bzgk/std/newGbInfo?hcno=787D750F63BE1E92FB45A618082D1326
CHNTECMEMI02S000,工具,技术标准,电动机最低能源绩效标准（MEPS）,工业,电动机制造；通用设备制造,永磁同步电动机能效限定值及能效等级,Minimum Allowable Values of Energy Efficiency and Energy Efficiency Grades for Permanent Magnet Synchronous Motors,N/A,GB 30253-2024《永磁同步电动机能效限定值及能效等级》规定了永磁同步电动机的能效等级、能效限定值和试验方法，替代GB 30253-2013。与原标准相比，功率范围扩展至0.55kW~1000kW（1140V及以下），新增高压机型能效要求。该标准为强制性国家标准，于2025年10月1日实施。,提高能效；减少能耗,直接,供给侧,中国,国家,N/A,18/12/2013,01/09/2014,N/A,29/09/2024,2024年9月29日发布GB 30253-2024《永磁同步电动机能效限定值及能效等级》，2025年10月1日实施，替代GB 30253-2013。新标准将功率范围扩展至0.55kW~1000kW（1140V及以下），新增高压机型（3/6/10kV）能效要求，增加防爆型电动机覆盖。,生效,国家市场监督管理总局；国家标准化管理委员会,永磁同步电动机,新建,异步起动三相永磁同步电动机（0.55kW~1000kW，1140V及以下），含电梯用和变频驱动的永磁同步电动机。2024版扩展了功率范围和高压机型覆盖。,N/A,N/A,企业,在中国境内生产、进口或销售永磁同步电动机的生产企业和进口商。,生产；销售；进口,永磁同步电动机的生产、进口和销售活动。产品须达到标准规定的能效限定值方可进入市场。,3级,能效等级,永磁同步电动机最低能效须达到3级能效限定值方可进入市场；1级和2级为自愿性更高能效等级,1) 永磁同步电动机须达到标准规定的能效限定值方可生产、进口或销售；2) 产品须标注能效等级标识；3) 能效等级分为1级（最高）、2级、3级，3级为市场准入最低要求。,N/A,N/A,政府机构开展的监督检查,市场监督管理部门对永磁同步电动机产品进行能效标识监督检查和产品质量监督抽查。检查内容包括能效等级标注的准确性、产品实际能效是否符合标称等级等。,合规命令；罚款,对生产、进口、销售不符合强制性能效标准的永磁同步电动机产品的，由市场监督管理部门责令停止生产、进口、销售，没收违法所得，并处罚款。,其他激励或支持,国家鼓励生产和使用1级、2级高效永磁同步电动机；通过节能产品认证、政府绿色采购等措施引导高效电机市场推广。,>20亿吨CO₂（来源：国家发展改革委2024年专家解读；中国电机系统年碳排放总量，约占工业碳排放35%。中国电动机最低能效标准由GB 18613、GB 30253、GB 30254三项强制性国家标准共同构成，合计覆盖全部主要工业电动机类型，此数据为三项标准合计覆盖量）,约占工业碳排放35%（来源：同上；电机系统碳排放占工业碳排放比例；三项电动机MEPS标准合计值）,C27; C28,CO2,正向,能效提升；工业能源消耗减少；绿色产业发展,GB 30253-2024永磁同步电动机能效限定值及能效等级,https://openstd.samr.gov.cn/bzgk/std/newGbInfo?hcno=F87545B23AF9D0EE22F9CDA964203177,https://openstd.samr.gov.cn/bzgk/std/newGbInfo?hcno=09DFEC51BC2235CAC5AD05B4B2B321F2
CHNTECMEMI03S000,工具,技术标准,电动机最低能源绩效标准（MEPS）,工业,电动机制造；通用设备制造,高压三相笼型异步电动机能效限定值及能效等级,Minimum Allowable Values of Energy Efficiency and Energy Efficiency Grades for High-Voltage Three-Phase Cage Asynchronous Motors,N/A,GB 30254-2024《高压三相笼型异步电动机能效限定值及能效等级》规定了高压三相笼型异步电动机的能效等级、能效限定值和试验方法，替代GB 30254-2013。与原标准相比，适用范围扩展至含防爆型电机，能效准入门槛提高。该标准为强制性国家标准，于2025年9月1日实施。,提高能效；减少能耗,直接,供给侧,中国,国家,N/A,18/12/2013,01/09/2014,N/A,23/08/2024,2024年8月23日发布GB 30254-2024《高压三相笼型异步电动机能效限定值及能效等级》，2025年9月1日实施，替代GB 30254-2013。新标准将适用范围扩展至含防爆型电机，并提高了能效准入门槛。,生效,国家市场监督管理总局；国家标准化管理委员会,高压三相笼型异步电动机,新建,50Hz三相交流电源供电，6kV/10kV电压等级，额定功率160kW~25000kW，2~12极，连续工作制（S1）的立式、卧式电动机和隔爆型电动机。2024版扩展覆盖防爆型电机。,N/A,N/A,企业,在中国境内生产、进口或销售高压三相笼型异步电动机的生产企业和进口商。,生产；销售；进口,高压三相笼型异步电动机的生产、进口和销售活动。产品须达到标准规定的能效限定值方可进入市场。,3级,能效等级,高压三相笼型异步电动机最低能效须达到3级能效限定值方可进入市场；1级和2级为自愿性更高能效等级,1) 高压三相笼型异步电动机须达到标准规定的能效限定值方可生产、进口或销售；2) 产品须标注能效等级标识；3) 能效等级分为1级（最高）、2级、3级，3级为市场准入最低要求。,N/A,N/A,政府机构开展的监督检查,市场监督管理部门对高压电机产品进行能效标识监督检查和产品质量监督抽查。检查内容包括能效等级标注的准确性、产品实际能效是否符合标称等级等。,合规命令；罚款,对生产、进口、销售不符合强制性能效标准的高压电机产品的，由市场监督管理部门责令停止生产、进口、销售，没收违法所得，并处罚款。,其他激励或支持,国家鼓励生产和使用1级、2级高效高压电机；通过节能产品认证、政府绿色采购等措施引导高效电机市场推广。,>20亿吨CO₂（来源：国家发展改革委2024年专家解读；中国电机系统年碳排放总量，约占工业碳排放35%。中国电动机最低能效标准由GB 18613、GB 30253、GB 30254三项强制性国家标准共同构成，合计覆盖全部主要工业电动机类型，此数据为三项标准合计覆盖量）,约占工业碳排放35%（来源：同上；电机系统碳排放占工业碳排放比例；三项电动机MEPS标准合计值）,C27; C28,CO2,正向,能效提升；工业能源消耗减少；绿色产业发展,GB 30254-2024高压三相笼型异步电动机能效限定值及能效等级,https://openstd.samr.gov.cn/bzgk/std/newGbInfo?hcno=12889A1BC521618359ED88153B76EEA7,https://openstd.samr.gov.cn/bzgk/std/newGbInfo?hcno=79725E39A25E09B11C6736FC579D982F
CHNTECBQLI01S000,工具,技术标准,陆路交通燃料生物燃料配额,交通,道路运输,推广使用车用乙醇汽油,Promotion of Ethanol Gasoline for Motor Vehicles,N/A,中国自2000年代初期开始推广车用乙醇汽油（E10，含10%燃料乙醇的混合汽油）。2002年启动试点，2004年扩大至六省一市（黑龙江、吉林、辽宁、河南、安徽、湖北和河北部分地区）。2017年9月13日，国家发展改革委、国家能源局等十五部门联合印发《关于扩大生物燃料乙醇生产和推广使用车用乙醇汽油的实施方案》（发改能源[2017]1508号），要求到2020年在全国范围内推广使用车用乙醇汽油，基本实现全覆盖。以玉米等陈化粮为主要原料生产燃料乙醇，同时发展纤维素燃料乙醇等非粮生物燃料。标准方面，GB 18351-2017《车用乙醇汽油（E10）》于2017年9月7日发布，2018年6月1日实施；GB 18351-2025于2025年6月30日发布，2026年7月1日实施。覆盖率最高时约15个省份推广，全国乙醇汽油掺混率约2.1%，高峰期覆盖约五分之一全国汽油消费量。该制度通过强制掺混生物燃料乙醇替代化石汽油，直接减少汽油全生命周期温室气体排放。,能源安全；生态环境保护；空气污染防治；农业农村发展,间接,供给侧,中国,国家,N/A,13/09/2017,13/09/2017,N/A,30/06/2025,首次制定于2017年9月13日（发改能源[2017]1508号）。2025年6月30日，GB 18351-2025《车用乙醇汽油（E10）》发布，自2026年7月1日起替代GB 18351-2017，更新了乙醇汽油的技术要求和试验方法标准。,生效,国家能源局；国家发展和改革委员会；国家市场监督管理总局；工业和信息化部；财政部,车用乙醇汽油（E10）,既有,车用乙醇汽油（E10）是由不添加含氧化合物的车用乙醇汽油调合组分油加入10%（±2%）体积分数的变性燃料乙醇调合而成的混合汽油。标准涵盖GB 18351-2017（已替代）和GB 18351-2025（2026年7月1日实施），涵盖89号、92号、95号和98号四个辛烷值等级，规定了辛烷值、蒸气压、水分含量、乙醇含量等技术要求。,N/A,N/A,企业,汽油生产企业（中国石化、中国石油、中国海油等）；成品油销售企业。,生产；销售,生物燃料乙醇生产、汽油调配和车用乙醇汽油销售。车辆所有者被动使用所供应油品。,10%,%（体积分数）,车用乙醇汽油（E10）要求乙醇体积掺混比例为10%（±2%），即变性燃料乙醇占成品汽油体积的10%。该比例为GB 18351-2017和GB 18351-2025标准的强制性技术要求。来源：GB 18351-2017《车用乙醇汽油（E10）》；GB 18351-2025,1）在黑龙江、吉林、辽宁、河南、安徽、湖北、河北等粮食主产区及周边省份，推广使用车用乙醇汽油（E10）；2）成品油销售企业须在指定区域内全面供应车用乙醇汽油，不得销售普通汽油；3）燃料乙醇生产企业须以陈化粮为主，积极发展非粮生物燃料乙醇（纤维素乙醇等）；4）车用乙醇汽油须符合GB 18351标准的品质要求；5）到2020年基本实现全国覆盖（除西藏、青海、新疆等不具备条件的地区外）。,N/A,N/A,政府机构开展的监督检查,产品质量监督抽查；市场检查。各级市场监管部门组织车用乙醇汽油产品质量监督抽查，对不符合GB 18351标准的产品依法处理。,行政处罚,行政处罚；责令整改。销售不符合GB 18351标准的车用乙醇汽油，由市场监管部门依据《产品质量法》相关规定予以处罚。,税收优惠；财政补贴,税收优惠；财政补贴（对生物燃料乙醇生产企业）。国家对燃料乙醇生产企业给予增值税先征后退、原料补贴等政策支持。,N/A,N/A,C19; C20; G47,CO2,正向,能源安全；空气污染物减排；生态保护,关于扩大生物燃料乙醇生产和推广使用车用乙醇汽油的实施方案（发改能源[2017]1508号）,https://www.nea.gov.cn/2017-09/13/c_136606035.htm,GB 18351-2017《车用乙醇汽油（E10）》（旧版标准）：https://openstd.samr.gov.cn/bzgk/std/newGbInfo?hcno=9F9E8E6A5E5A1D7B8C2F3A4D5E6F7A8B；GB 18351-2025《车用乙醇汽油（E10）》（新版标准，2026年7月1日实施）：https://openstd.samr.gov.cn/bzgk/std/newGbInfo?hcno=
CHNFRMITGI01S000,工具,框架性规制,产业转型治理,跨部门,N/A,产业结构调整指导目录,Industrial Structure Adjustment Guidance Catalogue,N/A,产业结构调整指导目录是将全部行业分类为鼓励类、限制类和淘汰类三大类别的综合性产业治理制度。目录是引导社会投资方向、政府管理投资项目以及制定实施财税、信贷、土地、进出口等政策的重要依据。凡中国境内各类企业新建、改建、扩建项目均须符合目录规定的行业准入条件。限制类项目禁止新建，现有生产能力允许在一定期限内改造升级；淘汰类项目禁止投资并按规定期限淘汰，逾期未淘汰者责令停产或关闭。目录由国家发展改革委会同国务院有关部门制定，经国务院批准后公布。现行2024年本共1005条（鼓励类352条、限制类231条、淘汰类422条），覆盖50余个行业大类。该制度依据《国务院关于发布实施〈促进产业结构调整暂行规定〉的决定》（国发〔2005〕40号）建立。,引导产业投资方向；淘汰落后产能；促进产业结构优化升级；推动绿色低碳转型,直接,供给侧,中国,国家,N/A,02/12/2005,02/12/2005,N/A,27/12/2023,2023年12月27日，国家发展改革委发布《产业结构调整指导目录（2024年本）》（国家发展改革委令第7号），自2024年2月1日起施行，同步废止2019年本。2024年本共有条目1005条，其中鼓励类352条、限制类231条、淘汰类422条。与2019年本相比，鼓励类新增智能制造、数控机床、网络安全等条目，淘汰类新增高耗能落后机电设备和落后钢厂等条目。既往版本包括：2005年本（国发〔2005〕40号，首次发布）、2011年本、2013年本（修正）、2019年本（2021年修改）。,生效,国家发展改革委；国务院有关部门；省级人民政府,全部行业生产设施,既有,适用于全部行业的固定资产投资活动，覆盖农林牧渔、采矿业、制造业、电力热力燃气及水生产和供应业等所有行业大类的生产设施新建、改建、扩建项目。鼓励类、限制类和淘汰类以外的为允许类，不列入目录但须符合法律法规和政策规定。,N/A,N/A,企业,中国境内各类所有制企业，涉及新建、改建、扩建工业项目的投资主体。外商投资企业须同时符合《鼓励外商投资产业目录》的规定。目录分类适用于所有行业的企业投资项目，任何企业的新建、改建、扩建项目均须对照目录确定其所属类别，并据此取得相应的项目审批、核准或备案资格。,生产,涵盖农林牧渔、煤炭、电力、新能源、核能、钢铁、有色金属、石化化工、建材、医药、机械、汽车、航空航天、轻工、纺织、建筑、交通运输、信息产业、金融、现代物流、科技服务、人工智能、智能制造等50余个行业大类的固定资产投资活动（新建、改建、扩建项目）。鼓励类项目按有关规定审批、核准或备案；限制类项目禁止新建，现有产能限期改造升级；淘汰类项目禁止投资并按规定期限淘汰。,鼓励类352条；限制类231条；淘汰类422条,行业分类条目数,2024年本共1005条：鼓励类352条，包括对经济社会发展有重要促进作用的技术、装备及产品，金融机构按市场化原则提供信贷支持；限制类231条，包括工艺技术落后、不符合行业准入条件、不利于安全生产和碳达峰碳中和的工艺技术及产品，禁止新建，现有产能允许在一定期限内改造升级；淘汰类422条，包括不符合法律法规、严重浪费资源、污染环境、安全生产隐患严重的技术装备及产品，禁止投资并按规定期限淘汰，逾期未淘汰者责令停产或关闭。,1）全部新建、改建、扩建项目须对照目录确定类别并据此取得项目审批、核准或备案资格；2）鼓励类项目按有关规定审批、核准或备案，金融机构按市场化原则提供信贷支持；3）限制类项目禁止新建，现有生产能力允许在一定期限内改造升级；4）淘汰类项目禁止投资，须按规定期限淘汰，逾期未淘汰者地方政府依法责令停产或关闭；5）违反目录规定的项目，投资管理部门不予审批、核准或备案，金融机构不得发放贷款，土地、环保、质检、消防、海关、工商等部门不得办理有关手续；6）目录由国家发展改革委会同国务院有关部门制定，经国务院批准后公布。,N/A,N/A,项目审批合规审查；定期修订目录；现场核查,国家发展改革委牵头负责目录的实施监督，会同国务院有关部门根据经济社会发展需要定期修订目录。各行业主管部门依据目录对本行业项目实施分类管理。地方政府负责本行政区域内目录的落实，确保淘汰类产能按期退出。投资主管部门在项目审批、核准或备案时须依据目录进行合规审查。,不予审批备案；不予贷款；责令停产关闭；吊销许可证,对限制类项目新建的，投资主管部门不得办理审批、核准或备案手续，金融机构不得发放贷款，土地、环保等部门不得办理有关手续。对不按期淘汰落后产能的淘汰类项目，地方政府依法责令停产或关闭，并吊销相关许可证。对违规审批或提供信贷支持的部门和机构，依法追究责任。,信贷支持；税收优惠；土地政策优惠,鼓励类项目享受信贷、税收、土地等政策优惠。鼓励企业通过技术改造将限制类产能升级为鼓励类。金融机构对鼓励类项目按市场化原则优先提供信贷支持。鼓励企业淘汰落后产能并依法依规取得淘汰补偿或产能指标交易收益。,N/A,N/A,A01; A02; A03; B05; B06; B07; B08; B09; C10; C11; C12; C13; C14; C15; C16; C17; C18; C19; C20; C21; C22; C23; C24; C25; C26; C27; C28; C29; C30; C31; C32; C33; D35; E36; E37; E38; E39; F41; F42; F43; H49; H50; H51; H52; H53,CO2,正向,能效提升；能源消耗减少；空气污染物减排；技术创新；绿色产业发展,《产业结构调整指导目录（2024年本）》（国家发展改革委令第7号）,https://www.ndrc.gov.cn/xxgk/zcfb/fzggwl/202312/t20231229_1362999_ext.html,《国务院关于发布实施〈促进产业结构调整暂行规定〉的决定》（国发〔2005〕40号）：https://www.gov.cn/gongbao/content/2005/content_130166.htm
CHNFRMCAPI01S000,工具,框架性规制,产能置换,工业,钢铁,钢铁行业产能置换制度,Steel Industry Capacity Replacement System,N/A,钢铁行业产能置换制度是对钢铁冶炼项目实施“先退后建”的强制性监管制度。凡中国境内各类所有制钢铁企业新建、改建、扩建炼铁、炼钢冶炼设备项目，均须制定产能置换方案，按不低于规定比例淘汰退出既有产能，方案经省级工业和信息化主管部门公示和公告后方可办理备案、环评等后续手续，建设项目投产前退出设备必须拆除到位。该制度最初由工信部产业〔2015〕127号文建立，经历2017年、2021年修订，现行2026年版将全国置换比例统一提高至1.5:1，禁止单纯买卖产能指标，并对氢冶金、电炉短流程等绿色项目给予等量置换优惠。,控制产能总量；化解过剩产能；推动绿色转型；促进兼并重组,间接,供给侧,中国,国家,N/A,20/04/2015,20/04/2015,N/A,29/04/2026,2026年4月29日，工业和信息化部印发新修订的《钢铁行业产能置换实施办法》（工信部原〔2026〕97号），自印发之日起施行，同步废止2021年版（工信部原〔2021〕46号）。本次修订为2024年8月全面暂停产能置换后历时一年零九个月的重新启动，核心变化包括：全国置换比例统一不低于1.5:1（打破此前区域差异化标准）；设2年过渡期（至2028年5月18日），过渡期后禁止单纯买卖产能指标，仅能通过实质性兼并重组转移产能；对氢冶金、电炉短流程、特钢电炉等绿色项目实行1:1等量置换；严禁僵尸产能、无效产能、闲置产能参与置换。既往版本：工信部产业〔2015〕127号（已废止）、工信部原〔2017〕337号（已废止）、工信部原〔2021〕46号（已废止）。,生效,工业和信息化部；省级工业和信息化主管部门,炼铁炼钢冶炼设备,既有,适用范围包括炼铁设备（高炉及其他非高炉炼铁工艺）和炼钢设备（转炉、电炉及其他炼钢工艺）。不得用于置换的产能包括：去产能任务产能、享受过奖补资金的退出产能、“地条钢”产能、落后产能、僵尸企业产能以及铸造和铁合金等非钢铁行业冶炼设备产能。同一冶炼设备产能原则上不得拆分出让，最多不超过2家受让企业。,N/A,N/A,企业,中国境内各类所有制钢铁企业。涉及炼铁、炼钢冶炼设备的新建、改建、扩建项目（包括“异地大修”），只要冶炼设备地点、型号、规模等任一要素发生变化，均须实施产能置换。退出产能须为符合国家产业政策的合规项目产能，去产能任务产能、享受过奖补资金的退出产能、“地条钢”产能、落后产能、僵尸企业产能以及铸造和铁合金等非钢铁行业冶炼设备产能不得用于置换。同一冶炼设备产能原则上不得拆分出让，最多不超过2家受让企业。,生产,钢铁冶炼生产活动，涵盖炼铁（高炉及其他非高炉炼铁工艺）和炼钢（转炉、电炉及其他炼钢工艺）冶炼设备的新建、改建、扩建项目。产能置换方案须经省级工业和信息化主管部门在其门户网站上公示不少于20个工作日，公示无异议后予以公告。建设项目投产前，对应退出的冶炼设备须拆除到位。方案自公告之日起24个月内须完成备案和环评手续并开工建设，逾期自动失效。,1.5:1（一般项目）；1.25:1（兼并重组）；1:1（绿色项目）,产能置换比例（淘汰产能:新建产能）,一般项目：全国统一产能置换比例不低于1.5:1，即新建1吨产能须淘汰不低于1.5吨既有合规产能。实质性兼并重组项目（须满足控股权变更、法人变更等条件）：置换比例不低于1.25:1。绿色低碳项目（氢冶金、电炉短流程、特钢电炉等）可实行1:1等量置换。产能指标交易设2年过渡期（至2028年5月18日），过渡期后仅能通过实质性兼并重组转移产能，禁止单纯买卖产能指标。,1）所有涉及炼铁、炼钢冶炼设备的新建、改建、扩建项目均须制定产能置换方案，“动设备、须置换”；2）产能置换方案须在省级工业和信息化主管部门门户网站公示不少于20个工作日，公示无异议后予以公告；3）退出产能须为合规项目产能，严禁僵尸产能、无效产能、闲置产能、落后产能参与置换；4）同一冶炼设备产能原则上不得拆分出让，最多不超过2家受让企业；5）建设项目投产前，对应退出的冶炼设备须拆除到位；6）方案自公告之日起24个月内须完成备案和环评手续并开工建设，逾期自动失效；7）过渡期后禁止单纯买卖产能指标，仅能通过实质性兼并重组转移产能。,N/A,N/A,产能置换方案公示；抽查核查,省级工业和信息化主管部门负责产能置换方案的受理、核实、公示和公告，公示期不少于20个工作日。工业和信息化部组织对各地公告的产能置换方案进行抽查，并对产能置换项目执行情况进行监督。退出产能的设备拆除情况须接受现场核查确认。企业须按规定报送产能置换项目进展，接受社会监督。,不予备案；责令整改,未完成产能置换方案公告的新建项目不得办理备案、环评、能评、安评等后续手续，在建项目不得复建。产能置换方案弄虚作假的，撤销方案公告，项目予以停建或停产，并视情节轻重由相关部门依法依规予以处罚。不按期拆除退出设备的，责令限期拆除；逾期不拆除的，由地方人民政府依法强制拆除并处罚。,其他激励或支持,对实质性兼并重组项目给予置换比例优惠（不低于1.25:1）。对采用氢冶金、电炉短流程、特钢电炉等绿色低碳工艺的项目实行1:1等量置换。鼓励优势企业通过兼并重组整合压缩过剩产能，推动行业集中度提升至CR10达60%以上。,~18亿吨CO₂（来源：中国冶金报社，2024年钢铁行业碳排放量约18亿吨；产能置换办法覆盖中国境内全部所有制企业的炼铁、炼钢冶炼设备新建、改建、扩建项目）,约15%（来源：中国冶金报社，2024年；钢铁行业碳排放占全国碳排放比例）,C24,CO2,正向,能效提升；能源消耗减少；空气污染物减排；技术创新；绿色产业发展,《钢铁行业产能置换实施办法》（工信部原〔2026〕97号）,https://www.miit.gov.cn/jgsj/ycls/gzdt/art/2026/art_848a5055921e42da8d120f3eb97b7faf.html,《钢铁行业产能置换实施办法》（工信部原〔2021〕46号，已废止）：https://www.miit.gov.cn/jgsj/ycls/wjfb/art/2021/art_fe504e6758a247c89e0f4b72b2fe9d09.html | 《部分产能严重过剩行业产能置换实施办法》（工信部产业〔2015〕127号，已废止）：https://www.ehs.cn/law/102295.html
CHNFRMCAPI02S000,工具,框架性规制,产能置换,工业,水泥；平板玻璃,水泥玻璃行业产能置换制度,Cement and Glass Industry Capacity Replacement System,N/A,水泥玻璃行业产能置换制度是对水泥熟料和平板玻璃新建、改建项目实行“先退后建”的强制性监管制度。凡中国境内各类所有制企业新建或改建水泥熟料、平板玻璃项目，均须制定产能置换方案，按不低于规定比例淘汰退出既有产能，推动备案产能与实际产能统一，并将能效水平纳入产能置换资格条件。该制度最初由工信部产业〔2015〕127号文建立，经历2021年修订，现行2024年版进一步加严水泥置换要求、实施地区差异管理并加强与能效环保政策的协同。,控制产能总量；化解过剩产能；推动行业结构调整；提高能效水平,间接,供给侧,中国,国家,N/A,20/04/2015,20/04/2015,N/A,17/10/2024,2024年10月17日，工业和信息化部印发《水泥玻璃行业产能置换实施办法（2024年本）》（工信部原〔2024〕206号），自2024年11月1日起施行，同步废止2021年版（工信部原〔2021〕80号）。主要修订包括：加严水泥置换要求，低效运行产能不能用于置换、用于新建项目置换的水泥熟料产能不能拆分转让；取消以回转窑窑径和日熔化量为依据核定产能的做法，推动备案产能与实际产能统一；大气污染防治重点区域及产能利用率低于50%的省份原则上不得从省外置换产能；简化跨省转出程序；能效达不到基准水平要求的产能不得用于置换。既往版本：工信部产业〔2015〕127号（已废止）、工信部原〔2021〕80号（已废止）。,生效,工业和信息化部；省级工业和信息化主管部门,水泥熟料生产线；平板玻璃生产线,既有,适用范围包括水泥熟料生产线和平板玻璃（含光伏压延玻璃）生产线。不得用于置换的产能包括：低效运行产能、能效达不到基准水平要求的产能。2024年本取消以回转窑窑径和日熔化量为依据核定产能的做法，推动备案产能与实际产能统一。,N/A,N/A,企业,中国境内各类所有制企业，涉及新建、改建水泥熟料生产线和平板玻璃生产线的建设项目。严禁备案新增产能，确有必要新建、改建的须制定产能置换方案。低效运行产能不能用于置换。用于置换的产能须为合规有效的备案产能，能效达不到基准水平要求的产能不得用于置换。,生产,水泥熟料和平板玻璃生产活动。水泥熟料产能置换涉及新建、改建水泥熟料生产线项目；平板玻璃产能置换涉及新建、改建平板玻璃（含光伏压延玻璃）生产线项目。产能置换方案须在省级工业和信息化主管部门门户网站公示。方案公告后两年内须完成备案和环评等手续，三年内完成项目建设并点火投产，逾期方案失效。已公告但在2024年本实施前未开工的项目，须于2026年12月底前完成点火投产，未完成的2027年1月1日后方案失效。,水泥：2:1（重点区域）/ 1.5:1（非重点区域）；平板玻璃：1.25:1（重点区域）/ 1:1（非重点区域）,产能置换比例（淘汰产能:新建产能）,水泥熟料：大气污染防治重点区域置换比例不低于2:1，非重点区域不低于1.5:1；使用限制类产能或跨省置换的不低于2:1；同一法人同厂区内及西藏自治区内可实行1:1等量置换。平板玻璃：大气污染防治重点区域置换比例不低于1.25:1，非重点区域不低于1:1。大气污染防治重点区域包括京津冀、长三角、珠三角、汾渭平原及“2+26”城市等。产能利用率低于50%的省份原则上不得从省外置换产能。,1）严禁备案新增产能，新建、改建水泥熟料和平板玻璃项目均须制定产能置换方案；2）水泥熟料产能置换比例：重点区域不低于2:1，非重点区域不低于1.5:1，使用限制类产能或跨省置换的不低于2:1；3）平板玻璃产能置换比例：重点区域不低于1.25:1，非重点区域不低于1:1；4）低效运行产能不能用于置换，能效达不到基准水平要求的产能不得用于置换；5）产能置换方案须公示并在公告后两年内完成备案和环评，三年内完成项目建设并点火投产；6）大气污染防治重点区域及产能利用率低于50%的省份原则上不得从省外置换产能。,N/A,N/A,产能置换方案公示；抽查核查,省级工业和信息化主管部门负责产能置换方案的受理、核实、公示和公告。工业和信息化部对各地公告的产能置换方案进行监督。退出产能的设备拆除情况须接受现场核查确认。企业须按规定报送项目进展情况。已公告项目须按期推进，逾期方案自动失效。,不予备案；责令整改,未完成产能置换方案公告的新建、改建项目不得办理备案、环评等后续手续。产能置换方案弄虚作假的，撤销方案公告，项目予以停建或停产。不按期拆除退出设备的，责令限期拆除并处罚。能效不达标产能参与置换的，撤销置换方案。,其他激励或支持,同一法人同厂区内产能置换可实行1:1等量置换。西藏自治区内水泥熟料项目可实行1:1等量置换。鼓励优势企业通过兼并重组优化产能布局。将能效水平纳入产能置换资格条件，引导行业绿色低碳转型。,~13.5亿吨CO₂（来源：中国水泥协会；水泥行业年碳排放约13.5亿吨，其中熟料环节占约95%；产能置换办法覆盖全部水泥熟料和平板玻璃生产线新建、改建项目）,约13%（来源：中国水泥协会；水泥行业占全国碳排放约13%）,C23,CO2,正向,能效提升；能源消耗减少；空气污染物减排；技术创新；绿色产业发展,《水泥玻璃行业产能置换实施办法（2024年本）》（工信部原〔2024〕206号）,https://www.miit.gov.cn/zwgk/zcwj/wjfb/tz/art/2024/art_e93e2f13bdae44b2b97d0fc4abb6f841.html,《水泥玻璃行业产能置换实施办法》（工信部原〔2021〕80号，已废止）：https://www.miit.gov.cn/jgsj/ycls/jzcl/art/2021/art_4f2e8b1c5a6d4e7f8a9b0c1d2e3f4a5b.html | 《部分产能严重过剩行业产能置换实施办法》（工信部产业〔2015〕127号，已废止）：https://www.ehs.cn/law/102295.html
CHNFRMCAPI03S000,工具,框架性规制,产能置换,工业,电解铝,电解铝行业产能置换制度,Electrolytic Aluminium Industry Capacity Replacement System,N/A,电解铝行业产能置换制度是对电解铝建设项目实行等量或减量置换的强制性监管制度。凡中国境内包含电解工序生产铝液、铝锭等的建设项目，均须通过兼并重组、同一实际控制人企业集团内部产能转移或产能指标交易等方式实施产能等量或减量置换。该制度最初由工信部产业〔2015〕127号文建立，现行版本为工信部原〔2018〕12号，明确产能指标须来源于2017年10月底前国务院国资委和各省级人民政府上报国务院的合规项目清单，2011—2017年关停的产能指标须在2018年底前完成置换。,控制产能总量；化解过剩产能；优化产能布局,间接,供给侧,中国,国家,N/A,20/04/2015,20/04/2015,N/A,01/01/2018,2018年1月1日，工业和信息化部印发《关于电解铝企业通过兼并重组等方式实施产能置换有关事项的通知》（工信部原〔2018〕12号），取代了此前工信部产业〔2015〕127号文和工信厅原〔2017〕101号文中关于电解铝产能置换的规定。该通知明确了三种置换方式，要求产能指标须来源于2017年10月底前经国务院确认的合规项目清单，并规定2011年至2017年关停并列入淘汰公告的电解铝产能指标须在2018年12月31日前完成产能置换。2017年国家确立了电解铝产能天花板（约4500万吨），此后行业产能总量不再增加，新建项目须通过置换获得合规产能指标。,生效,工业和信息化部；省级工业和信息化主管部门,电解铝电解槽,既有,适用范围包括包含电解工序生产铝液、铝锭等的电解铝电解槽。可用于置换的产能指标须来源于2017年10月底前国务院国资委和各省级人民政府上报国务院的合规项目清单，产能数量以备案或核准文件上的设计产能值为准。不得用于置换的产能包括：铝自焙电解槽、100KA以下预焙槽等落后产能。2011年至2017年关停并列入淘汰公告的电解铝产能指标须在2018年12月31日前完成产能置换，逾期不得用于置换。,N/A,N/A,企业,包含电解工序生产铝液、铝锭等的电解铝企业。产能置换可通过三种方式实施：（1）企业间兼并重组；（2）同一实际控制人企业集团内部产能转移；（3）产能指标交易。可用于置换的产能指标须同时满足：符合国家产业政策的合规项目产能，须在2017年10月底前国务院国资委和各省级人民政府上报国务院的项目清单内，产能数量以备案或核准文件上的设计产能值为准。已超过国家明令淘汰期限的落后产能（铝自焙电解槽、100KA以下预焙槽等）不得用于置换。,生产,电解铝生产活动，包括新建、改建包含电解工序生产铝液、铝锭等的建设项目。退出产能和新建项目的产能置换方案均须在省级工业和信息化主管部门门户网站上公示不少于10个工作日，公示无异议后予以公告。产能置换方案公告前，新建项目不得备案，在建项目不得复建。2011年至2017年关停并列入淘汰公告的电解铝产能指标，须在2018年12月31日前完成产能置换，逾期不得用于置换。,等量或减量置换,产能置换类型（等量/减量）,电解铝产能置换实行等量或减量置换原则。产能指标数量以备案或核准文件上的设计产能值为准。2017年确立的电解铝全国产能天花板约为4500万吨，新建项目须通过产能置换获得指标，行业总产能不再净增加。大气污染防治重点区域（京津冀及周边、长三角、珠三角、汾渭平原）不再新增电解铝产能。,1）凡包含电解工序的建设项目均须实施产能等量或减量置换；2）产能置换可通过兼并重组、同一集团内部转移或产能指标交易三种方式实施；3）用于置换的产能指标须在2017年10月底前国务院国资委和各省级人民政府上报国务院的项目清单内，以备案或核准文件上的设计产能值为准；4）落后产能（铝自焙电解槽、100KA以下预焙槽等）不得用于置换；5）产能置换方案须在省级工信主管部门网站公示不少于10个工作日；6）方案公告前新建项目不得备案、在建项目不得复建。,N/A,N/A,产能置换方案公示；抽查核查,省级工业和信息化主管部门负责产能置换方案的受理、核实、公示（不少于10个工作日）和公告。工业和信息化部对各地公告的产能置换方案进行监督和抽查。退出产能的设备拆除情况须接受现场核查。企业须确保置换产能的真实性和合规性。,不予备案；责令整改,产能置换方案未完成公告的，新建项目不得备案、在建项目不得复建。产能置换方案弄虚作假的，撤销方案公告，项目予以停建或停产。将明令淘汰的落后产能用于置换的，撤销置换方案并依法追究责任。不按期拆除退出设备的，责令限期拆除并处罚。,其他激励或支持,鼓励电解铝企业通过实质性兼并重组实施产能置换，推动产能向清洁能源富集地区转移。新建置换电解铝项目须满足铝液交流电耗不高于13000千瓦时/吨、环保绩效A级水平，鼓励采用500kA及以上电解槽。产能指标交易所得可用于职工安置和企业转型。,~4.3亿吨CO₂（来源：中国有色金属工业协会，2025年7月；2024年电解铝行业直接加间接碳排放总量；产能置换办法覆盖全部包含电解工序的建设项目。其中直接排放（阳极消耗+PFC）约0.68亿吨CO₂当量）,约5%（来源：中国有色金属工业协会，2025年7月；电解铝行业碳排放约占全国碳排放总量的5%）,C24,CO2,正向,能效提升；能源消耗减少；空气污染物减排；绿色产业发展,《关于电解铝企业通过兼并重组等方式实施产能置换有关事项的通知》（工信部原〔2018〕12号）,https://www.miit.gov.cn/jgsj/ycls/gzdt/art/2020/art_1b8d65c150a04513a2aedc3b5d8a8488.html,《关于电解铝企业通过兼并重组等方式实施产能置换有关事项的通知》解读：https://www.miit.gov.cn/jgsj/ycls/ghzc/art/2020/art_1363e8a8db57471580ffa6ce0aad4214.html | 《部分产能严重过剩行业产能置换实施办法》（工信部产业〔2015〕127号，已废止）：https://www.ehs.cn/law/102295.html | 《铝产业高质量发展实施方案（2025—2027年）》（十部门）：https://www.gov.cn/zhengce/202503/content_7016214.htm
CHNFRMEEMI01S000,工具,框架性规制,企业能源管理义务,跨部门,N/A,重点用能单位节能管理制度,Key Energy-Consuming Unit Energy Conservation Management System,N/A,重点用能单位节能管理制度是要求年综合能源消费量达到限定标准的用能单位建立内部节能管理基础设施并履行持续合规义务的监管制度。该制度要求重点用能单位设立能源管理岗位、建立能源管理体系、配备能源计量器具、开展能源审计、报送能源利用状况报告和建设能耗在线监测系统，并对违规行为设定行政处罚。,提高能效；控制能源消费总量；优化能源结构,直接,需求侧,中国,国家,N/A,10/03/1999,10/03/1999,N/A,22/02/2018,2018年2月22日，国家发展改革委、科技部、人民银行、国务院国资委、国家质检总局、国家统计局、证监会联合发布新的《重点用能单位节能管理办法》（令第15号），自2018年5月1日起施行，废止1999年原国家经贸委令第7号。新办法增加了能耗总量控制、能源管理体系认证、能耗在线监测系统建设等要求，并补充和细化了法律责任条款。,生效,国家发展和改革委员会；省级人民政府,N/A,N/A,N/A,N/A,N/A,企业,年综合能源消费量一万吨标准煤及以上的用能单位，以及国务院有关部门或省级人民政府指定的年综合能源消费量五千吨及以上不满一万吨标准煤的用能单位。重点用能单位须成立节能工作领导小组，聘任能源管理负责人（中级以上技术职称），设立能源管理岗位，并报管理节能工作的部门备案。,消费（使用）,化石能源和非化石能源的消费活动。重点用能单位须将能源消费总量和强度控制在核定的目标范围内，建立节能目标责任制并将目标分解至相应层级或岗位，定期组织内部考核。重点用能单位须建立能源管理体系，按年度报送能源利用状况报告，实施能源审计，建设能耗在线监测系统，并接受节能监察。,年综合能源消费量一万吨标准煤（一般门槛）；五千吨标准煤（特殊指定）,吨标准煤/年,年综合能源消费量一万吨标准煤及以上的用能单位自动纳入管理。国务院有关部门或省级人民政府可指定年综合能源消费量五千吨及以上不满一万吨标准煤的用能单位参照执行。地市级以上管理节能工作的部门将能耗总量控制和节能目标分解至重点用能单位，逐级开展节能目标责任评价考核并公布结果。,1）重点用能单位须建立节能目标责任制，将能耗总量控制和节能目标分解至相应层级或岗位，定期组织内部考核并建立节能奖惩制度；2）重点用能单位须按照GB/T 23331《能源管理体系 要求》建立能源管理体系并有效运行，成立节能工作领导小组，聘任能源管理负责人并设立能源管理岗位；3）重点用能单位须配备能源计量器具，按年度报送能源利用状况报告，实施能源审计，并建设能耗在线监测系统；4）重点用能单位须遵守单位产品能耗限额标准，淘汰落后生产工艺、用能设备和产品，新建、改建和扩建固定资产投资项目须通过节能审查。,N/A,N/A,能源审计；能源利用状况报告；节能监察,地市级以上人民政府管理节能工作的部门对重点用能单位分级开展节能目标责任评价考核，主要考核能耗总量控制和节能目标完成情况、能源利用效率及节能措施落实情况，逐级报送考核结果并向社会公布。管理节能工作的部门对能源利用状况报告进行审查，对节能管理制度不健全、节能措施不落实、能源利用效率低的单位开展现场调查，组织实施用能设备能源效率检测，责令实施能源审计。,行政处罚；责令整改；罚款,节能管理制度不健全、拒不落实整改要求或整改未达标的，处10万元以上30万元以下罚款。未设立能源管理岗位、未聘任能源管理负责人或未备案的，处1万元以上3万元以下罚款。未按规定报送能源利用状况报告或报告内容不实的，处1万元以上5万元以下罚款。不按要求建设能耗在线监测系统的，处1万元以上3万元以下罚款。超过单位产品能耗限额标准用能的，提请执行惩罚性电价。不按期淘汰落后生产工艺、用能设备和产品的，责令停用、没收设备并处罚款，情节严重的停业整顿或关闭。,其他激励或支持,国家鼓励重点用能单位开展能源管理体系认证，积极开展能效对标活动，争当能效“领跑者”。对节能考核结果优秀的重点用能单位，在节能技术改造资金、节能产品推广、绿色金融等方面给予优先支持。对超额完成节能目标的单位，在能源消费总量指标分配中给予适当倾斜。,N/A,N/A,B05; B06; B07; B08; B09; C10; C11; C12; C13; C14; C15; C16; C17; C18; C19; C20; C21; C22; C23; C24; C25; C26; C27; C28; C29; C30; C31; C32; C33; D35; F41; F42; F43; H49,CO2,正向,能效提升；能源消耗减少；空气污染物减排；技术创新,《重点用能单位节能管理办法》（国家发展改革委等七部门令第15号，2018年）,https://zfxxgk.ndrc.gov.cn/web/iteminfo.jsp?id=18518,《重点用能单位节能管理办法》（国家经贸委令第7号，1999年，已废止）：http://www.nea.gov.cn/2011-08/18/c_131057691.htm | 《中华人民共和国节约能源法》（2018年修正）：https://flk.npc.gov.cn/detail2.html?ZmY4MDgxODE2ZjEzNWY0NjAxNmYyMTY5MjAxNTExMjk%3D
CHNFRMEPMI01S000,工具,框架性规制,公共机构能源绩效管理框架,建筑,政府运营,公共机构节能,Energy Conservation in Public Institutions,N/A,《公共机构节能条例》（国务院令第531号，2008年；2017年修订）建立了针对使用财政性资金的国家机关、事业单位和团体组织的能源消耗系统性管理框架。要求公共机构实行节能目标责任制和考核评价制度，制定节能规划和年度实施方案，实施能源消耗定额管理，建立能源消费计量、统计和报告制度，定期开展能源审计，优先采购节能产品。覆盖约170万家公共机构，建筑总面积约100亿平方米。'十四五'规划设定2025年目标：单位建筑面积能耗下降5%、人均综合能耗下降6%、单位建筑面积碳排放下降7%。,提高能效；减少能耗,直接,需求侧,中国,国家,N/A,01/08/2008,01/10/2008,N/A,01/03/2017,2017年3月1日根据《国务院关于修改和废止部分行政法规的决定》（国务院令第676号）修订。本次修订为清理性修订，核心条款（目标责任制、能源审计、定额管理等）源自2008年原条例，未作实质性修改。,生效,国家机关事务管理局；国家发展和改革委员会；各级机关事务管理机构,建筑及其用能系统和设备,既有,公共机构使用的既有建筑（办公建筑、学校、医院、科研院所、文化场馆等）及其用能系统和设备，具体包括：供暖系统（锅炉、热力管网）、制冷系统（冷水机组、冷却塔）、通风系统、照明系统、办公设备（计算机、打印机、复印机）、公务用车、热水供应系统、配电系统、电梯和自动扶梯、建筑围护结构（外墙、屋顶、窗户）,N/A,N/A,政府,全部或部分使用财政性资金的国家机关、事业单位和团体组织，包括各级党政机关、人大机关、政协机关、监察机关、审判机关、检察机关、民主党派和工商联机关、人民团体、事业单位（学校、医院、科研院所等）,使用；管理,公共机构日常运行中的供暖、制冷、照明、办公设备、公务用车、热水供应等能源消费活动，以及既有建筑的围护结构、用能系统和设备节能改造,N/A,N/A,N/A,①实行节能目标责任制和考核评价制度，节能目标完成情况作为公共机构负责人考核评价内容；②制定五年节能规划和年度实施方案并备案；③实施能源消耗定额管理，超过定额须作出说明；④建立能源消费计量、统计和报告制度（分类分项计量）；⑤每五年进行一次能源审计（7项审计内容），节能改造前须先审计和做投资收益分析；⑥优先采购列入节能产品政府采购清单的产品；⑦设置能源管理岗位，实行能源管理岗位责任制；⑧重点用能系统和设备操作人员须培训上岗；⑨建立节能工作信息通报和公开制度,N/A,N/A,政府机构开展的监督检查或第三方审计,机关事务管理机构对公共机构节能工作进行监督检查，内容包括：年度节能目标和实施方案的制定与落实情况；能源消费计量、统计和报告情况；能源消耗定额执行情况；能源审计开展情况；能源管理岗位设置和人员培训情况；节能产品政府采购执行情况。监督检查可采取现场检查、书面审查和委托专业机构评估等方式。,合规命令,公共机构违反本条例规定，由本级机关事务管理机构会同有关部门责令限期改正；逾期不改正的，予以通报；对负有责任的主管人员和其他直接责任人员依法给予处分。造成能源浪费的，由机关事务管理机构下达节能整改意见书；情节严重的，由有关机关对直接负责的主管人员和其他直接责任人员依法给予处分。,其他激励或支持,对在公共机构节能工作中做出显著成绩的单位和个人，按照国家规定予以表彰和奖励（条例第九条）。任何单位和个人都有权举报公共机构浪费能源的行为，有关部门对举报应当及时调查处理（条例第三十八条）。,N/A,N/A,O84; P85; Q86; Q87; Q88; M72; R90; R91; R93,CO2,正向,能效提升；能源消耗减少；绿色产业发展,公共机构节能条例,https://www.gov.cn/gongbao/content/2017/content_5219166.htm,N/A
CHNFRMAPCI01S000,工具,框架性规制,农业污染管控,农业、林业和其他土地利用,畜禽养殖,畜禽规模养殖污染防治制度,Livestock Scale Farming Pollution Prevention and Control System,N/A,畜禽规模养殖污染防治制度是对达到规模标准的畜禽养殖场和养殖小区的环境污染实施系统性预防和治理的监管制度框架。该制度由《畜禽规模养殖污染防治条例》（国务院令第643号）建立，要求县级以上地方政府划定禁养区，规模养殖场须进行环境影响评价、建设与养殖规模相匹配的污染防治配套设施，实行废弃物综合利用和无害化处理，并向环保部门备案。禁养区内禁止建设养殖场，已建成的须限期搬迁或关闭。规模标准由省级政府确定，罚款幅度为3万至50万元。该制度覆盖全国约200万家规模养殖场和养殖小区。,防治畜禽养殖污染；推进废弃物资源化利用；保护农村生态环境,间接,供给侧,中国,国家,N/A,08/10/2013,01/01/2014,N/A,02/03/2019,2019年3月2日，《国务院关于修改部分行政法规的决定》（国务院令第709号）对条例进行打包修改，将“环境保护主管部门”相应修改为“生态环境主管””部门”，将“工商行政管理部门”修改为“市场监督管理部门”，以配合2018年国务院机构改革。条例核心制度框架未作实质性修订，自2014年施行以来保持稳定。,生效,生态环境部；农业农村部,规模养殖场和养殖小区,既有,适用于达到省级政府规定规模标准的畜禽养殖场和养殖小区。规模标准因畜种和地区而异，通常以生猪年出栏≥500头、奶牛存栏≥100头、肉牛出栏≥100头、蛋鸡存栏≥10000只、肉鸡出栏≥50000只等为下限。禁养区内的养殖场不在适用范围内，须限期搬迁或关闭。,N/A,N/A,企业,规模化畜禽养殖场和养殖小区的经营者。规模标准由各省自行确定，一般以年生猪出栏量、奶牛存栏量、肉牛出栏量、蛋鸡存栏量、肉鸡出栏量等指标界定。禁养区划定范围包括饮用水水源保护区、自然保护区核心区和缓冲区、城镇居民区、文化教育科学研究区等人口集中区域。,生产,规模化畜禽养殖活动，包括猪、牛、鸡等主要畜禽品种的规模化养殖。养殖场须建设与养殖规模相匹配的污染防治配套设施（雨污分流、干清粪、沼气池、堆肥设施等），并确保正常运行。废弃物须经综合利用（粪肥还田、沼气生产、有机肥加工等）或无害化处理后达标排放。养殖场须向所在地县级生态环境主管部门备案。,由省级政府确定,规模标准（如生猪年出栏≥500头）,畜禽规模养殖的规模标准由省级人民政府根据本地畜牧业发展状况和环境承载力确定，并报国务院环境保护主管部门和农业农村主管部门备案。环境保护部、农业部曾发布《全国畜禽养殖污染防治“十二五”规划》提出参考标准：生猪年出栏≥500头、奶牛存栏≥100头、肉牛出栏≥100头、蛋鸡存栏≥10000只、肉鸡出栏≥50000只。,1）县级以上地方政府依法划定禁养区，禁养区内禁止建设养殖场，已建成的须限期搬迁或关闭；2）新建、改建、扩建养殖场须进行环境影响评价；3）养殖场须建设与养殖规模相匹配的污染防治配套设施并确保正常运行；4）废弃物须经综合利用或无害化处理，实现达标排放；5）养殖场须向所在地县级生态环境主管部门备案；6）从事畜禽养殖活动和废弃物处理活动须建立台账记录制度。,N/A,N/A,备案；信息报送；现场检查,县级以上生态环境主管部门负责对养殖场污染防治情况进行监督检查，可依法进行现场检查、取样监测。养殖场须建立污染防治台账，如实记录废弃物产生、综合利用和处理处置情况。乡镇人民政府负责对养殖场进行日常巡查。生态环境主管部门定期向本级政府报告污染防治情况。,责令停止建设；罚款；限期搬迁或关闭,禁养区内违法建设养殖场的，由县级以上生态环境主管部门责令停止建设，处3万元以上10万元以下罚款；已建成的须限期搬迁或关闭。未进行环境影响评价的，处5万元以上20万元以下罚款。污染防治配套设施未建成或未正常运行的，处10万元以下罚款。超标排放污染物的，处5万元以下罚款。造成环境污染的，依法承担赔偿责任。,税收优惠；按农业电价执行；沼气发电上网；增值税优惠,国家对畜禽养殖污染防治给予政策支持：对废弃物综合利用（沼气生产、有机肥加工、粪肥还田等）给予税收优惠；养殖场用电按农业电价执行；沼气发电享受可再生能源上网电价；利用畜禽废弃物生产有机肥享受增值税优惠。鼓励通过种养结合、农牧循环实现废弃物就地消纳。,畜禽养殖业是中国农业领域最大的温室气体排放源之一。规模化养殖场（生猪年出栏≥500头、奶牛存栏≥100头等）产生的粪便管理甲烷和氧化亚氮排放及饲料生产相关排放合计约占全国温室气体排放的5%-8%。条例覆盖的规模养殖场和养殖小区约占全国畜禽养殖总量的60%-70%。通过沼气回收利用和粪肥还田替代化肥，规模化治理可显著减少甲烷排放和化肥生产相关排放。,约占全国温室气体排放的5%-8%（来源：中国温室气体清单；畜禽养殖业排放占比；覆盖规模养殖场和养殖小区，约占全国畜禽养殖总量的60%-70%）,A01,甲烷（CH4）；氧化亚氮（N2O）,正向,污染防治；生态保护；资源节约；循环经济,《畜禽规模养殖污染防治条例》（国务院令第643号）,https://www.gov.cn/zhengce/2013-11/26/content_2602626.htm,《国务院关于修改部分行政法规的决定》（国务院令第709号，2019年修订）：https://www.gov.cn/gongbao/content/2019/content_5468893.htm
CHNFRMRPDI01S000,工具,框架性规制,可再生能源优先调度,能源,电力,清洁能源优先发电、优先购电制度,Clean Energy Priority Dispatch and Priority Purchase System,N/A,清洁能源优先发电、优先购电制度是建立可再生能源发电优先调度和全额保障性收购的电力市场治理制度框架。该制度由《中华人民共和国能源法》（2024年）和《全额保障性收购可再生能源电量监管办法》（国家发展改革委令第15号，2024年4月施行）共同构成，要求电力调度机构优先调度可再生能源发电，电网企业全额保障性收购可再生能源保障性收购电量，并通过可再生能源绿色电力证书制度促进绿色能源消费。可再生能源上网电量分为保障性收购电量和市场交易电量两部分：保障性收购电量由电力市场相关成员按国家规定承担收购义务；市场交易电量通过市场化方式形成价格。未优先调度可再生能源发电的，将面临监管处罚。,保障可再生能源消纳；推动清洁能源发展；促进能源结构绿色转型,直接,供给侧,中国,国家,N/A,08/11/2024,01/01/2025,N/A,N/A,《中华人民共和国能源法》于2024年11月8日由第十四届全国人大常委会第十二次会议通过（主席令第三十七号），自2025年1月1日起施行，首次在法律层面确立了可再生能源优先开发利用、可再生能源电力消纳保障和绿色电力证书制度。《全额保障性收购可再生能源电量监管办法》（国家发展改革委令第15号）于2024年2月5日通过，2024年4月1日起施行，取代了2007年版《电网企业全额收购可再生能源电量监管办法》（原电监会令第25号）。,生效,国家发展改革委；国家能源局；省级能源主管部门,可再生能源发电机组,既有,适用于风电、光伏发电、水电、生物质能发电等可再生能源发电机组。全额保障性收购制度适用于按照国家核定上网电价的保障性收购电量部分。参与市场化交易的可再生能源电量按合同约定的价格和条件执行。,N/A,N/A,企业,电网企业承担保障性收购电量的消纳责任，须按照国家规定确保保障性收购电量的收购和消纳。电力调度机构负责编制可再生能源优先调度操作规程，保障可再生能源发电优先调度。电力交易机构负责推动可再生能源参与电力市场交易。可再生能源发电企业须按规定报送发电预测数据，配合电网调度。,生产,可再生能源发电（风电、光伏、水电、生物质能发电等）的并网调度和电量收购活动。保障性收购电量按国家核定的上网电价由电网企业全额收购；市场交易电量通过电力市场化方式（双边协商、集中竞价、挂牌交易等）形成价格。电力调度机构须优先调用可再生能源发电，编制并公开优先调度操作规程。,按可再生能源电力消纳责任权重执行,可再生能源电力消纳责任权重（%）,国家按年度向各省（区、市）下达可再生能源电力消纳责任权重（包括总量消纳责任权重和非水电消纳责任权重），省级能源主管部门分解至市县和市场主体。2024年各省可再生能源电力消纳责任权重在15%-80%之间（根据资源禀赋和消纳能力差异化设定）。电网企业、售电企业和电力用户须按权重完成消纳责任，未完成的须通过购买绿证等方式进行弥补。,1）电力调度机构须保障可再生能源发电优先调度，编制并公开优先调度操作规程；2）电网企业须全额保障性收购可再生能源保障性收购电量；3）各省（区、市）须完成国家下达的可再生能源电力消纳责任权重；4）公共机构须优先采购使用可再生能源等清洁低碳能源（《能源法》第34条）；5）国家通过绿色电力证书制度建立绿色能源消费促进机制；6）未优先调度可再生能源发电的，将面临监管处罚。,N/A,N/A,信息报送；年度评估；能源监管机构监督检查,国家能源局及其派出机构负责对可再生能源发电优先调度和全额保障性收购情况进行监管。电网企业须定期向能源主管部门报送可再生能源消纳情况。国家按年度评估各省消纳责任权重完成情况，未完成的须限期整改。电力调度机构的优先调度执行情况接受能源监管机构监督检查。,责令改正；罚款；行政处分,电网企业未按国家规定收购可再生能源电量的，由能源监管机构责令改正，处以罚款。电力调度机构未优先调度可再生能源发电的，对直接负责的主管人员和其他直接责任人员依法给予处分。未完成消纳责任权重的省份和市场主体，须通过购买绿证等方式弥补差额，并在下一年度考核中予以扣减。,绿证交易收益；可再生能源基金补贴；公共机构优先采购,可再生能源发电企业可通过绿证交易获得额外收益。国家鼓励企业自愿认购绿证实现绿色电力消费承诺。公共机构在政府采购中优先选择使用清洁能源的产品和服务。符合条件的可再生能源项目可享受国家可再生能源发展基金补贴。,2024年全国可再生能源发电量约3.2万亿千瓦时，占全社会用电量的34%。全额保障性收购制度覆盖风电和光伏发电的全部保障性收购电量。2024年可再生能源发电替代化石能源发电减少CO₂排放约25亿吨。,约占全国CO₂排放的20%（来源：国家能源局2024年数据；可再生能源发电替代化石能源减排量占全国排放比例）,D35,CO2,正向,空气污染物减排；能源安全；绿色产业发展；可再生能源发展,《中华人民共和国能源法》（主席令第三十七号，2024年）,https://www.gov.cn/yaowen/liebiao/202411/content_6985761.htm,《全额保障性收购可再生能源电量监管办法》（国家发展改革委令第15号，2024年）：https://www.gov.cn/gongbao/2024/issue_11326/202405/content_6949616.html
CHNFRMPDPI01S000,工具,框架性规制,排污许可管理,工业,火电；钢铁；水泥；石化；化工；造纸；印染,排污许可管理制度,Pollution Discharge Permit Management System,N/A,排污许可管理制度是对固定污染源实施“一证式”管理的国家核心环境监管制度框架。该制度由《国务院办公厅关于印发控制污染物排放许可制实施方案的通知》（国办发〔2016〕81号，2016年11月10日）建立，要求将排污许可建设成为固定污染源环境管理的核心制度，实行“一企一证”，将环境影响评价、总量控制、排污权交易、环境执法等环境管理制度整合到排污许可证中。2021年1月24日，《排污许可管理条例》（国务院令第736号）正式公布（自2021年3月1日起施行），将制度改革成果上升为行政法规。排污许可证载明排放口的污染物种类、浓度和排放量限值、自行监测方案、台账记录和环境管理台账要求。企业须按证排污、自行监测、建立台账、定期报告。截至2025年底，全国已将约50万家固定污染源纳入排污许可管理（其中重点管理约10万家，简化管理约40万家），实现了固定污染源排污许可全覆盖。该制度通过规范工业排放行为间接约束温室气体排放。,规范企事业单位和其他生产经营者的排污行为；控制污染物排放，改善生态环境质量；建立以排污许可为核心的固定污染源环境管理体系,间接,供给侧,中国,国家,N/A,10/11/2016,10/11/2016,N/A,24/01/2021,首次制定于2016年11月10日（国办发〔2016〕81号），以国务院办公厅方案形式建立排污许可制度改革框架。2021年1月24日，国务院公布《排污许可管理条例》（国务院令第736号），自2021年3月1日起施行，将排污许可制度从行政规范性文件上升为行政法规，增强了法律约束力和处罚力度。条例系统集成了2016年方案改革经验和2018年《排污许可管理办法（试行）》（原环境保护部令第48号）的实施经验。,生效,生态环境部；设区的市级以上生态环境主管部门,纳入排污许可管理的固定污染源生产设施,既有,适用于《固定污染源排污许可分类管理名录》规定的所有固定污染源，覆盖火电、钢铁、水泥、石化化工、造纸、印染、制药、电镀、有色金属、玻璃等重点行业以及通用工序。全国约50万家固定污染源纳入排污许可管理。排污单位的生产设施、污染治理设施和排放口均须在排污许可证中载明。,N/A,N/A,企业；事业单位,纳入排污许可管理的企事业单位和其他生产经营者（即排污单位）。排污许可管理分为重点管理和简化管理两类：污染物产生量、排放量或对环境的影响程度较大的排污单位实行重点管理（全国约10万家），须持证排污；污染物产生量、排放量和对环境影响程度较小的实行简化管理（全国约40万家）。排污单位须依法申请取得排污许可证，按证排污，开展自行监测，建立环境管理台账，定期向生态环境主管部门报告排污许可证执行情况。,生产,排污单位排放水污染物和大气污染物的生产运营活动。排污许可证载明每个排放口的污染物种类（包括SO₂、NOx、COD、氨氮、VOCs等常规污染物和重金属、持久性有机污染物等）、许可排放浓度限值和许可排放量、自行监测方案和环境管理台账要求。排污许可证有效期为5年，期满须申请延续。排污单位改建、扩建或发生重大变化的须重新申请排污许可证。重点管理排污单位还须安装自动监测设备并与生态环境主管部门联网。,约50万家固定污染源纳入排污许可管理（重点管理约10万家，简化管理约40万家）,纳入管理的固定污染源数量（万家）,截至2025年底，全国已将约50万家固定污染源纳入排污许可管理，实现了固定污染源全覆盖。其中实行排污许可重点管理的约10万家（主要涵盖火电、钢铁、水泥、石化化工、造纸、印染等高排放行业），实行简化管理的约40万家。排污许可证有效期为5年，到期须依法延续。,1）排污单位须依法申请取得排污许可证，未取得排污许可证的不得排放污染物；2）排污许可证须载明排放口的污染物种类、许可排放浓度和排放量、自行监测方案、环境管理台账记录要求等；3）排污单位须按证排污，按照排污许可证规定的排放口、排放去向和排放方式排放污染物；4）实行排污许可重点管理的排污单位须安装自动监测设备并与生态环境主管部门联网；5）排污单位须建立环境管理台账并保存不少于5年，定期向审批部门提交排污许可证执行报告；6）排污许可证有效期5年，须在有效期届满前60日申请延续。,N/A,N/A,在线监控；现场检查；监督性监测；执行报告；全国排污许可证管理信息平台,设区的市级以上生态环境主管部门按分级管理权限负责排污许可证的核发和日常监管。实行重点管理的排污单位须安装自动监测设备并与生态环境主管部门联网，实时上传监测数据。生态环境主管部门通过在线监控、现场检查、监督性监测等方式对排污单位按证排污情况进行监督检查。排污单位须按排污许可证规定的监测方案开展自行监测并保存原始监测记录。建立全国排污许可证管理信息平台，实现排污许可管理的全流程信息化。,责令改正；限制生产；停产整治；罚款；责令停业关闭；行政拘留,无证排污的，由生态环境主管部门责令改正或限制生产、停产整治，处20万元以上100万元以下罚款；情节严重的，报经有批准权的人民政府批准，责令停业、关闭。超许可浓度或总量排放污染物的，处10万元以上100万元以下罚款。未按证开展自行监测的，处2万元以上20万元以下罚款。未建立环境管理台账或未提交执行报告的，处5千元以上5万元以下罚款。伪造监测数据或篡改自动监测数据的，除罚款外可移送公安机关对直接责任人处以拘留。,排污权交易；环保信用评价；降低检查频次；表彰奖励,排污单位通过超低排放改造和清洁生产达到优于许可证要求排放水平的，可在排污权交易中出售富余的排污权指标并获得收益。排污单位参与环保信用评价，环保诚信企业可在行政许可、政府采购、信贷融资等方面享受便利和优惠。对按时完成自行监测和台账管理并按要求提交执行报告的企业，可降低现场检查频次。地方政府对在排污许可管理考核中表现突出的企业给予表彰。,排污许可制度覆盖全国约50万家固定污染源，涵盖火电、钢铁、水泥、石化化工等主要工业碳排放行业。全国碳排放权交易市场覆盖的电力行业约2200家企业均须持有排污许可证。制度通过规范工业生产和污染治理设施运行，间接约束工业过程的能源消耗和碳排放。2021年中国工业部门CO₂排放约60亿吨，排污许可制度管控的固定污染源占工业排放的绝大部分。排污许可与碳排放权交易在重点排放单位层面形成制度联动。,排污许可制度管控的固定污染源覆盖全国工业CO₂排放的大部分（工业部门约占全国CO₂排放的60%，即约60亿吨CO₂/年）。制度的碳排放约束协同效益通过规范排放口管理、要求自行监测和安装自动监测设备等机制间接实现（来源：全国排污许可证管理信息平台统计数据；中国温室气体清单工业过程和能源活动排放数据；生态环境部2024年排污许可工作报告）,C13; C17; C19; C20; C23; C24; D35,CO2,正向,污染防治；空气污染物减排；水资源节约；资源节约,《国务院办公厅关于印发控制污染物排放许可制实施方案的通知》（国办发〔2016〕81号）,https://www.gov.cn/zhengce/content/2016-11/21/content_5135510.htm,《排污许可管理条例》（国务院令第736号，2021年）：https://www.gov.cn/zhengce/content/2021-01/29/content_5583505.htm；《排污许可管理办法》（生态环境部令第32号，2024年4月1日公布，自2024年7月1日起施行）：https://www.gov.cn/zhengce/202404/content_6944187.htm
CHNFRMEPRI01S000,工具,框架性规制,生产者责任延伸,跨部门,N/A,生产者责任延伸制度,Extended Producer Responsibility System,N/A,生产者责任延伸（EPR）制度是要求产品生产者对其产品全生命周期，特别是废弃后回收和处理承担延伸责任的治理制度框架。该制度由国务院办公厅《生产者责任延伸制度推行方案》（国办发〔2016〕99号）确立为国家层面制度框架，明确了四大责任范围（生态设计、使用再生原料、规范回收利用、加强信息公开）和四大重点领域（电器电子产品、汽车产品、铅酸蓄电池、饮料纸基复合包装）。此后《固体废物污染环境防治法》（2020年修订）第66条首次将EPR制度写入法律，《生态环境法典》（2026年施行）第959条进一步确立了EPR制度原则并增设了处罚条款。光伏组件、动力电池等新兴领域已逐步纳入。到2025年目标为：重点产品再生原料使用比例达20%，废弃产品规范回收与循环利用率平均达50%。,推动产品全生命周期绿色化；提高资源回收利用水平；减少废弃产品环境影响,间接,供给侧,中国,国家,N/A,25/12/2016,25/12/2016,N/A,01/09/2020,2020年9月1日，《固体废物污染环境防治法》（2020年修订）施行，第66条首次将EPR制度写入法律，明确国家建立电器电子、铅蓄电池、车用动力电池等产品的生产者责任延伸制度。2026年8月15日，《生态环境法典》施行，第959条进一步确立了EPR制度的法律地位，第978条增设了生产者建立废旧产品回收体系并公开的义务，第1223条明确了行政处罚额度。2016年版国办发〔2016〕99号为该制度的纲领性文件。,生效,国家发展改革委；工业和信息化部；生态环境部；市场监管总局,纳入EPR制度范围的产品全生命周期回收处理体系,新建；既有,覆盖电器电子产品、汽车产品、铅酸蓄电池、饮料纸基复合包装、光伏组件、动力电池等产品的全生命周期。各行业实施方案确定具体的产品目录、回收率目标和再生原料使用标准。新建和既有生产企业均须纳入EPR制度管理。,N/A,N/A,企业,电器电子产品、汽车产品、铅酸蓄电池、饮料纸基复合包装、光伏组件、动力电池等纳入EPR制度范围的产品生产企业。生产者须在产品设计阶段考虑易回收、易拆解、易再生利用；在原料采购阶段优先使用再生原料；建立与产品销售量相匹配的废弃产品回收体系和回收服务网点；向社会公开产品生态设计、再生原料使用比例、回收体系建设等信息。,生产；销售；回收、再利用或其他消费后处理,纳入EPR制度产品的设计、生产、销售、回收和再生利用全链条活动。生产者须在产品生产环节推行生态设计、标示回收信息；在销售环节建立回收服务网点；在回收环节接收或委托回收废弃产品；在再生利用环节将废弃产品交由有资质的处理企业进行资源化利用。,20%（再生原料使用比例目标）；50%（回收与循环利用率目标）,回收利用率目标（%）,国务院推行方案设定2025年目标：重点产品再生原料（再生塑料、再生金属等）使用比例达到20%；废弃产品规范回收与循环利用率平均达到50%。各行业实施方案在此基础上设定本行业具体目标，如饮料纸基复合包装回收率达到40%以上、资源化利用率达到30%以上。,1）生产者须在产品设计阶段推行生态设计，考虑产品易回收、易拆解、易再生利用；2）生产者须在原料采购中按一定比例使用再生原料；3）生产者须建立与产品销售量相匹配的废弃产品回收体系；4）生产者须向社会公开产品生态设计、再生原料使用比例、回收体系建设方案等信息；5）各行业主管部门制定本行业EPR实施方案，明确回收利用目标和监管措施；6）《生态环境法典》规定生产者不履行回收义务的，责令改正并处罚款。,N/A,N/A,信息报送；行业EPR信息平台；环境信用评价；全过程监管,各行业主管部门负责本行业EPR制度实施的监督管理。发改委牵头协调EPR制度推进工作。生产者须定期向行业主管部门和生态环境主管部门报送产品销售量、再生原料使用量、废弃产品回收及处理量等信息。中国电子装备技术开发利用协会等行业组织建立EPR信息管理平台，开展行业数据统计和评估。纳入全国固体废物管理信息系统进行全过程监管。,责令改正；罚款；责令停产整治；追回补贴资金,生产者不履行废弃产品回收义务的，依据《固体废物污染环境防治法》和《生态环境法典》，由生态环境主管部门责令改正，处以罚款，情节严重的可责令停产整治。未按要求公开EPR信息的，由市场监管部门责令改正并予以处罚。对于骗取EPR相关补贴或奖励的，追回资金并依法处罚。,环境信用评价；中央预算内投资；绿色金融支持；政府采购优先,国家对开展EPR的企业给予政策激励：将EPR执行情况纳入企业环境信用评价体系。符合条件的EPR项目可申请中央预算内投资和绿色金融支持。使用再生原料生产的产品在政府采购中给予优先或加分。再生原料生产企业享受资源综合利用增值税即征即退优惠政策。,N/A,N/A,C10; C11; C12; C13; C14; C15; C16; C17; C18; C19; C20; C21; C22; C23; C24; C25; C26; C27; C28; C29; C30; C31; C32; C33,CO2,正向,资源节约；循环经济；污染防治；绿色产业发展,《生产者责任延伸制度推行方案》（国办发〔2016〕99号）,https://www.gov.cn/zhengce/content/2017-01/03/content_5156043.htm,《固体废物污染环境防治法》（2020年修订）第66条（EPR入法）：https://www.gov.cn/xinwen/2020-04/30/content_5507646.htm | 《生态环境法典》（2026年施行）第959条、978条、1223条
CHNFRMEPRI02S000,工具,框架性规制,生产者责任延伸,废弃物,电子废弃物,废弃电器电子产品回收处理制度,Regulation on the Management of Waste Electrical and Electronic Equipment Recycling and Treatment,N/A,《废弃电器电子产品回收处理制度》是以《废弃电器电子产品回收处理管理条例》（国务院令第551号）为法律基础的建立废弃电器电子产品（WEEE）多渠道回收和集中处理制度的行政法规。条例要求电器电子产品生产者和进口商履行产品废弃后的回收处理责任，建立处理目录制度，实行处理资格许可制度，设立废弃电器电子产品处理基金（2024年改革后由中央财政直接拨款替代）。条例覆盖电视机、电冰箱、洗衣机、空调、微型计算机五类产品。处理企业须取得设区的市级生态环境主管部门颁发的处理资格许可证。违反条例规定的，处罚幅度为5万至50万元。条例于2009年制定，2019年进行机构名称适应性修订。本工具为EPR在电子废弃物领域的法定实施制度，与基于该条例框架下的经济工具废弃电器电子产品回收处理奖补（CHNSUBRTSI01S000）为独立的制度层工具。,规范废弃电器电子产品回收处理；促进资源循环利用；防治电子废弃物污染,间接,供给侧,中国,国家,N/A,25/02/2009,01/01/2011,N/A,02/03/2019,2019年3月2日，根据《国务院关于修改部分行政法规的决定》（国务院令第709号）进行打包修订，将“环境保护主管部门”修改为“生态环境主管部门”，将““工商行政管理部门”修改为“市场监督管理部门”，以配合2018年国务院机构改革。2012年建立的废弃电器电子产品处理基金，于2024年改革为由中央财政直接拨款（财资环〔2024〕119号），基金制度废止。,生效,生态环境部；国家发展改革委；工业和信息化部；财政部,废弃电器电子产品,新建；既有,适用于列入《废弃电器电子产品处理目录》的废弃电器电子产品，包括电视机、电冰箱、洗衣机、空调、微型计算机及扩展目录产品共14类。产品废弃后须进入多渠道回收体系，由持有处理资格许可证的处理企业进行无害化集中处理。,N/A,N/A,企业,电器电子产品生产者和进口商须履行废弃产品回收处理责任，按规定缴纳处理基金（2024年改革前）或将相应资金纳入产品定价。处理企业须取得设区的市级生态环境主管部门颁发的处理资格许可证，具备相应的处理设施、技术和环境管理能力。生产者和进口商可采用自主回收处理或委托有资质的处理企业进行处理。,收集或分类（消费后）；减排或预防,废弃电器电子产品（电视机、电冰箱、洗衣机、空调、微型计算机及国家发展改革委会同有关部门制定的其他产品）的收集、运输、储存、拆解、利用和处置活动。处理企业须按国家规定的处理规范和环境保护要求进行作业。回收经营者须将回收的废弃电器电子产品交由有资质的处理企业处理，不得擅自拆解或转售。,14类产品（电视机、电冰箱、洗衣机、空调、微型计算机、吸油烟机、电热水器、燃气热水器、打印机、复印机、传真机、电话机、监视器、移动通信手持机）,纳入处理目录的产品类别数,第一批《废弃电器电子产品处理目录》（2011年）纳入5类产品。2015年目录扩展至14类产品（新增：吸油烟机、电热水器、燃气热水器、打印机、复印机、传真机、电话机、监视器、移动通信手持机）。处理基金补贴标准按产品类型和规格设定（如电视机14英寸及以上每台25元、冰箱每台45元、洗衣机每台25元等，2024年改为中央财政直接拨款）。,1）国家对废弃电器电子产品实行多渠道回收和集中处理制度；2）电器电子产品生产者和进口商须履行产品废弃后回收处理责任；3）处理废弃电器电子产品须取得处理资格许可证；4）处理企业须按国家标准和技术规范进行无害化处理；5）回收经营者须将回收的废弃电器电子产品交有资质的处理企业，不得擅自拆解；6）处理企业须建立废弃电器电子产品处理信息管理系统，保存处理记录不少于3年。,N/A,N/A,处理资格许可证审批；处理信息系统报送；现场检查；监督性监测,设区的市级生态环境主管部门负责处理资格许可证的审批和日常监督检查。处理企业须建立处理信息管理系统，如实记录废弃产品的接收、处理、产品销售和最终处置情况。省级以上生态环境主管部门定期对处理企业进行现场检查和监督性监测。国家建立废弃电器电子产品处理管理信息系统，实现全过程监管。,责令停止处理活动；没收违法所得；罚款；通报公示,未取得处理资格许可证擅自从事废弃电器电子产品处理活动的，由生态环境主管部门责令停止处理活动，没收违法所得，处5万元以上50万元以下罚款。处理企业未按规范处理、造成环境污染的，责令限期整改，处5万元以上20万元以下罚款。生产者未履行产品废弃后回收处理责任的，责令限期改正。逾期不改的，在相关媒体予以通报，并向社会公示。,中央财政处理补贴；增值税即征即退；工业用地政策优惠,国家对符合条件的处理企业给予处理补贴（2024年改革后由中央财政通过大气污染防治资金转移支付至省级财政，再拨付至处理企业）。处理企业享受资源综合利用增值税即征即退优惠政策。处理企业用地享受工业用地政策优惠。鼓励生产者和处理企业合作建设回收处理体系。,N/A,N/A,C26; C27; E38,CO2,正向,资源节约；循环经济；污染防治；绿色产业发展,《废弃电器电子产品回收处理管理条例》（国务院令第551号）,https://www.gov.cn/gongbao/content/2019/content_5468893.htm,《废弃电器电子产品处理目录（2014年版）》（14类产品）：https://www.gov.cn/zhengce/content/2015-02/11/content_9468.htm | 废弃电器电子产品回收处理奖补经济工具：CHNSUBRTSI01S000
CHNFRMEPRI03S000,工具,框架性规制,生产者责任延伸,工业；废弃物,新能源汽车；动力电池,新能源汽车废旧动力电池回收和综合利用管理,Interim Measures for the Management of Recycling and Comprehensive Utilisation of Waste Power Batteries from New Energy Vehicles,N/A,《新能源汽车废旧动力电池回收和综合利用管理》是建立动力电池全生命周期溯源管理和回收利用体系的部门联合规章，最早于2018年以《新能源汽车动力蓄电池回收利用管理暂行办法》（工信部联节〔2018〕43号）发布。现行版本由工业和信息化部、国家发展改革委、生态环境部、交通运输部、商务部、市场监管总局六部门联合发布（联合部门规章第73号），于2025年10月30日通过工信部部务会议，2026年4月1日起施行。核心制度包括：建立全国新能源汽车动力电池溯源信息平台，推行电池编码与数字身份证制度；动力电池企业、新能源汽车生产企业承担回收主体责任并须设立回收服务网点；实行车电一体报废制度（换电车型除外）；禁止将废旧动力电池直接或加工后用于电动自行车等领域；对违反编码、不履行回收责任等行为设定行政处罚。预计2030年当年废旧动力电池产生量将超过100万吨。本工具为EPR在动力电池领域的具体实施制度。,建立动力电池全生命周期溯源管理体系；落实生产者回收主体责任；规范废旧动力电池综合利用,间接,供给侧,中国,国家,N/A,26/01/2018,01/08/2018,N/A,30/10/2025,"首次制定于2018年1月26日（工信部联节〔2018〕43号），2018年8月1日起施行。2025年10月30日经工业和信息化部部务会议审议通过修订版（六部门联合部门规章第73号），2026年1月16日公布，2026年4月1日起施行，同时废止2018年版等4个旧文件。与2018年版相比，取消""梯次利用""概念，增设数字身份证制度和车电一体报废要求，以联合部门规章形式提升法律约束力。",生效,工业和信息化部；国家发展改革委；生态环境部；交通运输部；商务部；市场监管总局,新能源汽车废旧动力电池,既有,适用于新能源汽车上退役的废旧动力电池（锂离子电池等）。动力电池企业须对电池进行编码和标识，建立数字身份证，将生产信息上传至国家溯源管理平台。实行车电一体报废制度，报废新能源汽车时须带有动力电池（换电车型除外）。禁止将废旧动力电池直接或加工后用于电动自行车、电动摩托车、低速电动车、电动工具等非设计用途领域。,N/A,N/A,企业,动力电池企业和新能源汽车生产企业承担废旧动力电池回收主体责任。动力电池企业须在电池生产阶段进行编码和标识，将信息上传至国家溯源管理平台，建立电池数字身份证。新能源汽车生产企业须设立回收服务网点，接收消费者交回的废旧动力电池，并按要求移交给有资质的综合利用企业。报废机动车回收拆解企业须将拆解取得的废旧动力电池移交给综合利用企业。消费者须将废旧动力电池交回至指定的回收服务网点。,收集或分类（消费后）；回收、再利用或其他消费后处理,废旧动力电池的收集、运输、检测、拆解、再生利用全链条活动。动力电池从新能源汽车上退役后须通过回收服务网点进入正规回收渠道，经检测后按类别进行综合利用（再生利用）。办法不再使用“梯次利用”概念，禁止将废旧动力电池直接或加工后用于电动自行车、电动摩托车、低速电动车、电动工具等领域。综合利用企业须进入开发区、工业园区，产能不低于5000吨/年（再生利用），实缴资本不少于500万元。,再生利用企业产能不低于5000吨/年,年综合利用产能（吨/年）,工业和信息化部2024年第42号公告发布的《新能源汽车废旧动力电池综合利用行业规范条件（2024年本）》规定：梯次利用企业（公告仍沿用此术语）产能原则上不低于1000吨/年，再生利用企业产能原则上不低于5000吨/年。企业注册资本不少于1000万元，实缴资本不少于500万元。新建综合利用企业须进入开发区、工业园区。2024年底仅约30%的退役动力电池进入正规回收渠道，管理办法旨在提高正规渠道回收率。,1）动力电池企业须对电池进行编码、标识并上传至国家溯源管理平台，建立电池数字身份证；2）动力电池企业和新能源汽车生产企业须设立回收服务网点；3）实行车电一体报废制度，报废新能源汽车时应当带有动力电池（换电车型除外）；4）废旧动力电池须移交至有资质的综合利用企业，不得擅自拆解或转售；5）禁止将废旧动力电池直接或加工后用于电动自行车、电动摩托车、低速电动车、电动工具等领域；6）综合利用企业须按规定进入产业园区，满足产能、注册资本、环保等准入条件；7）企业须建立溯源系统并将信息上传至国家溯源管理平台。,N/A,N/A,溯源信息平台全过程追溯；电池编码和数字身份证；信息报送；监督检查,工业和信息化部建立全国新能源汽车动力电池溯源信息平台，对动力电池生产、销售、使用、报废、回收、综合利用全过程信息进行追溯管理。电池编码和标识信息须在电池生产后30个工作日内上传。各级工业和信息化、生态环境、交通运输、市场监管主管部门按职责分工对回收利用活动进行监督检查。综合利用企业须定期报送生产经营信息。,责令改正；罚款；责令停产整改,动力电池企业或新能源汽车生产企业未按要求进行电池编码和标识的，责令限期改正，处1万元以上5万元以下罚款。未设立回收服务网点或不履行回收责任的，责令改正，处5万元以上20万元以下罚款。未按要求移交废旧动力电池的，责令改正，处10万元以上50万元以下罚款。综合利用企业违规处置废旧动力电池的，责令停产整改，处20万元以上50万元以下罚款。未按要求报送信息的，处1万元以上3万元以下罚款。,增值税即征即退；中央预算内投资；产业园区优惠；绿色金融支持,符合条件的综合利用企业可享受资源综合利用增值税即征即退优惠政策。废旧动力电池回收利用项目可申请中央预算内投资支持。鼓励动力电池企业和新能源汽车生产企业与综合利用企业合作建立废旧动力电池回收利用体系。综合利用企业按规定进入产业园区可享受用地和基础设施配套优惠。废旧动力电池回收利用纳入绿色债券和绿色信贷支持范围。,截至2025年底，中国新能源汽车保有量超过3000万辆，动力电池总装机量超过1.5 TWh。预计2030年当年废旧动力电池产生量将超过100万吨。通过正规渠道回收和再生利用，可有效回收锂、钴、镍等关键金属，减少原生矿产开采带来的碳排放（锂回收比原生开采减少约50%碳排放，钴和镍回收减少约70%碳排放）。2024年正规渠道回收率约30%。,N/A（来源：工信部数据；动力电池回收减排量暂缺全国总量占比统一核算）,C29; C27,CO2,正向,资源节约；循环经济；污染防治；绿色产业发展,《新能源汽车废旧动力电池回收和综合利用管理暂行办法》（六部门联合部门规章第73号）,https://www.miit.gov.cn/zcfg/jdcjxl/art/2026/art_640a0abfac6549feb6ead9c591b7680d.html,《新能源汽车废旧动力电池综合利用行业规范条件（2024年本）》（工业和信息化部公告2024年第42号） | https://www.miit.gov.cn/jgsj/jns/zhlyh/art/2024/art_45b0bb0a98ca4f2ab35d79f6a17e5bc3.html ; 《国务院办公厅关于健全新能源汽车动力电池回收利用体系行动方案》（国办发〔2025〕10号） | https://www.gov.cn/zhengce/202502/content_7004966.htm
CHNFRMGFGI01S000,工具,框架性规制,绿色金融治理框架,跨部门,N/A,银行业保险业绿色金融指引,Green Finance Guidelines for Banking and Insurance,N/A,银行业保险业绿色金融指引是由原中国银行保险监督管理委员会（现国家金融监督管理总局）发布的绿色金融治理制度框架，要求银行机构和保险机构从战略高度推进绿色金融，将环境、社会和治理（ESG）风险纳入全面风险管理体系，建立与自身发展相适应的绿色金融管理体系。指引共七章36条，核心制度安排包括：1）组织管理：要求机构董事会或理事会承担绿色金融主体责任，确定绿色金融发展战略，高级管理层制定目标和建立机制，总部及省级、地市级分支机构指定高管牵头负责；2）政策制度及能力建设：建立覆盖所有业务条线和资产组合的ESG风险管理制度流程，明确绿色金融支持方向和重点领域，有序推进碳达峰碳中和，对客户ESG风险实行分类管理与动态评估，对重大风险客户实行名单制管理；3）投融资流程管理：加强授信和投资尽职调查中ESG因素的合规审查和审批管理，通过合同条款督促客户加强ESG风险管理，加强资金拨付管理和贷后/投后管理；4）内控管理与信息披露：将绿色金融政策执行情况纳入内控合规检查和内部审计，建立绿色金融考核评价体系和奖惩机制，公开绿色金融战略和政策并充分披露相关信息。机构须自指引实施之日起1年内建立和完善相关内部管理制度和流程（即2023年6月1日前）。指引要求银行保险机构从战略高度推进绿色金融，但不同于绿色金融业绩评价（GFE）的外部绩效评估性质，该指引建立的是机构内部绿色金融治理的强制性制度框架和管理流程。,促进银行业保险业发展绿色金融；有序推进碳达峰碳中和工作；防控环境、社会和治理（ESG）风险,间接,环境,中国,国家,N/A,01/06/2022,01/06/2022,N/A,N/A,N/A,生效,国家金融监督管理总局（原中国银行保险监督管理委员会）,绿色金融资产,既有；新建,银行机构和保险机构开展的绿色金融业务相关资产，包括绿色信贷（对绿色低碳项目和产业的贷款及贸易融资）、绿色债券（持有或承销的绿色债券）、绿色保险（环境污染责任保险、气候风险保险等绿色保险产品）、ESG投资（将ESG因素纳入投资决策的股权和债权投资资产）等。覆盖范围以机构全部表内外资产组合为管理单元。,N/A,N/A,企业,在中华人民共和国境内依法设立的银行机构和保险机构，包括开发银行、政策性银行、商业银行、农村合作银行、农村信用社、保险集团（控股）公司、保险公司、再保险公司、保险资产管理公司等。机构须在指引实施之日起1年内（2023年6月1日前）建立和完善相关内部管理制度和流程。金融监管总局（原银保监会）及其派出机构负责监督执行。,投融资,银行保险机构开展的绿色投融资活动，包括绿色信贷发放及管理、绿色债券投资与承销、绿色保险产品开发与承保、ESG投资决策与组合管理，以及将ESG风险纳入授信和投资尽职调查、合规审查、审批管理、资金拨付和贷后/投后管理的全流程管理。机构须对投融资客户ESG风险实行分类管理与动态评估，对重大风险客户实行名单制管理，并通过合同条款督促客户加强自身ESG风险管理。,N/A,N/A,N/A,1）银行保险机构须从战略高度推进绿色金融，将ESG要求纳入业务管理流程和全面风险管理体系；2）机构董事会或理事会承担绿色金融主体责任，确定绿色金融发展战略，审批高级管理层制定的绿色金融目标和报告；3）建立覆盖所有业务条线和资产组合的ESG风险管理制度流程，对客户ESG风险实行分类管理与动态评估，对重大风险客户实行名单制管理；4）加强授信和投资尽职调查中ESG因素的合规审查和审批管理，通过合同条款督促客户加强ESG风险管理；5）将绿色金融政策执行情况纳入内控合规检查和内部审计，建立绿色金融考核评价体系和奖惩机制；6）公开绿色金融战略和政策，充分披露绿色金融相关信息；7）机构须自指引实施之日起1年内建立和完善相关内部管理制度和流程；8）监管部门将绿色金融政策执行情况评估结果作为监管评级、机构准入、业务准入、高管履职评价的重要参考。,N/A,N/A,信息报送；内部审计；监督检查,国家金融监督管理总局及其派出机构负责对银行保险机构绿色金融政策执行情况进行监管评估和监督检查，建立和完善非现场监管指标体系。机构须将绿色金融政策执行情况纳入内控合规检查和内部审计，建立绿色金融考核评价体系。机构须公开绿色金融战略和政策，充分披露绿色金融相关信息。监管部门对机构执行情况进行持续监督，评估结果作为监管评级、机构准入、业务准入、高管履职评价的重要参考。,合规命令；行政处罚；责令整改,银行保险机构未按指引要求建立绿色金融管理体系、未将ESG因素纳入投融资流程管理或未履行信息披露义务的，国家金融监督管理总局及其派出机构在监管评级中予以体现，并通过监管谈话、风险提示等方式督促整改。内控管理和合规执行未达标的，依法依规采取相应监管措施。对严重违反指引要求的机构，可依据《银行业监督管理法》《保险法》等相关法律予以行政处罚。,监管评级挂钩；市场激励,监管部门将绿色金融政策执行情况评估结果作为监管评级、机构准入、业务准入、高管履职评价的重要参考，形成正向激励。鼓励银行保险机构在绿色金融领域开展产品创新和服务创新，运用大数据、区块链、人工智能等科技手段提升绿色金融管理水平。引导机构加大对绿色、低碳、循环经济的金融支持力度，支持“一带一路”绿色低碳建设。通过监管评价结果的市场化运用，引导资本向绿色低碳领域配置。,N/A,N/A,K64,CO2; CH4; N2O,正向,绿色产业发展；能源消耗减少；技术创新,《中国银保监会关于印发银行业保险业绿色金融指引的通知》（银保监发〔2022〕15号）,https://www.gov.cn/zhengce/zhengceku/2022-06/03/content_5693849.htm,N/A
CHNFRMPSMI01S000,工具,框架性规制,生产调度管控,工业,水泥,水泥常态化错峰生产制度,Cement Normalized Peak-shifting Production System,N/A,水泥常态化错峰生产制度是对全国水泥熟料生产线实施季节性、分区域、差异化停产限产的常态化产业调控制度框架。该制度由《工业和信息化部 生态环境部关于进一步做好水泥常态化错峰生产的通知》（工信部联原〔2020〕201号）建立，要求全国所有水泥熟料生产线按照所在区域统一错峰时段实行停产，各省级工业和信息化主管部门会同生态环境部门制定本地区错峰生产方案并组织实施。制度实行差异化精准管控：承担居民供暖任务的生产线须在非采暖季补足错峰时间；有全年协同处置城市生活垃圾及危险废物任务的生产线可适当降低生产负荷；电石渣水泥熟料生产线通过与当地非电石渣企业沟通协调实施“错峰置换”。不执行错峰生产的企业将被约谈、公开曝光，拒不改正的将被限制其生产线作为产能置换指标交易。该制度覆盖全国所有水泥熟料生产线（约1500条），年均压减熟料产量约3—4亿吨。该制度的前身是2014—2015年东北和华北地区冬季水泥错峰生产试点，2016年由《国务院办公厅关于促进建材工业稳增长调结构增效益的指导意见》（国办发〔2016〕34号）和《工业和信息化部 环境保护部关于进一步做好水泥错峰生产的通知》（工信部联原〔2016〕351号）确立为全国性产业政策，2020年升级为“常态化”制度并纳入重点工业行业综合督查检查。2024年5月，国务院《2024—2025年节能降碳行动方案》进一步要求推动水泥错峰生产常态化，提出2025年底全国水泥熟料产能控制在18亿吨左右的目标。,缓解水泥行业产能严重过剩；减少采暖季大气污染物排放；促进水泥行业绿色低碳转型,间接,供给侧,中国,国家,N/A,05/05/2016,05/05/2016,N/A,28/12/2020,首次制定于2016年5月5日（国办发〔2016〕34号），以《工业和信息化部 环境保护部关于进一步做好水泥错峰生产的通知》（工信部联原〔2016〕351号，2016年10月25日发布）作为首个实施文件，在2015年北方地区全面试行错峰生产的基础上部署2016—2020年错峰生产工作。2020年12月28日，工业和信息化部会同生态环境部印发《关于进一步做好水泥常态化错峰生产的通知》（工信部联原〔2020〕201号），正式将错峰生产从阶段性政策升级为“常态化”制度，纳入重点工业行业综合督查检查内容，首次提出分区域差异化错峰时间安排和“错峰置换”机制。,生效,工业和信息化部；生态环境部,水泥熟料生产线,既有,适用于全国所有水泥熟料生产线（含特种水泥熟料生产线），约1500条生产线，全国熟料总产能约18亿吨/年（2025年控制目标）。所有生产线均须按要求参与错峰停产。承担居民供暖任务的生产线须在非采暖季或非错峰期补足错峰时间；有全年协同处置城市生活垃圾及危险废物任务的生产线可适当降低生产负荷但不停窑；电石渣水泥熟料生产线通过“错峰置换”方式参与（与当地非电石渣企业协商置换）。各省可结合环保绩效分级（A/B/C/D级）和能效水平（标杆/基准/低于基准）实施进一步差异化管控。,N/A,N/A,企业,水泥熟料生产企业的经营者，包括各类所有制形式的水泥熟料生产企业，涵盖新型干法水泥熟料生产线和特种水泥（白水泥、油井水泥等）熟料生产线。各省级工业和信息化主管部门会同生态环境部门负责制定本地区错峰生产方案并组织企业实施。水泥行业协会协助开展行业自律协调和跨区域沟通。企业可利用错峰停产期间进行设备检修、维护保养和节能降碳技术改造。,生产,水泥熟料生产活动，包括原料粉磨、生料均化、预热分解、回转窑煅烧、熟料冷却等全流程。错峰停产期间，水泥熟料生产线全面停止运行（协同处置城市生活垃圾和危险废物的生产线可维持较低负荷运行以保障必要的废弃物处置需求）。企业须在错峰停产期间做好设备检修和职工培训等工作，鼓励利用停产期实施超低排放改造和节能降碳技术改造。,分区域差异化确定,停窑天数/年,错峰停产时长按区域划分：辽宁、吉林、黑龙江、新疆每年11月1日至次年3月底（不少于5个月）；北京、天津、河北、山西、内蒙古、山东、河南每年11月15日至次年3月15日（不少于4个月）；陕西、甘肃、青海、宁夏每年12月1日至次年3月10日（不少于3.5个月）；其他地区结合春节、酷暑伏天、雨季和重大活动等实际情况因地制宜确定错峰时间。各省在此基础上结合环保绩效分级和能效水平实施差异化安排：环保绩效A级和能效标杆水平企业可享受错峰时间减免，但差异化减免政策不得叠加享受。,1）全国所有水泥熟料生产线均须按照所在区域的统一错峰时段实施停产；2）各省级工信和生态环境部门须制定本地区年度错峰生产方案，明确每条生产线的错峰时间和差异化安排；3）承担居民供暖任务的生产线须在非采暖季或非错峰期补足错峰时间；4）有全年协同处置城市生活垃圾及危险废物任务的生产线可适当降低生产负荷，但须按要求参与；5）电石渣水泥熟料生产线通过与当地非电石渣企业沟通协商实施“错峰置换”；6）企业须在错峰停产期间做好设备检修、技术改造和职工培训等工作；7）各省级工信部门须按年度总结本地区错峰生产执行情况并上报工业和信息化部。,N/A,N/A,在线监测；信息报送；现场检查；督查考核,各省级工信主管部门会同生态环境部门负责监督本地区水泥企业错峰生产执行情况。水泥企业须按要求定期报送错峰生产执行情况。省级生态环境部门利用重点排污单位自动监控系统实时监测水泥熟料生产线运行状态（通过烟气流速、烟气温度和氧含量等参数判断是否实际停产）。工业和信息化部会同生态环境部将水泥错峰生产纳入重点工业行业综合督查检查内容，对上一年度执行情况进行总结评估，通报未执行或执行不到位的负面典型。水泥行业协会建立跨区域行业自律协调机制，监督企业执行情况。,约谈；公开曝光；限制产能置换指标交易；行业自律惩戒,对不执行错峰生产的企业，由省级工信部门会同生态环境部门进行约谈，责令限期整改；对约谈后仍不改正的，通过媒体公开曝光；对拒不改正的，在省域内限制其水泥熟料生产线作为产能置换指标交易；对违反相关环保法律法规的，依法予以处罚。水泥行业协会建立跨区域协调和行业自律机制，对不执行错峰生产的企业实施行业内部通报和自律惩戒。,差异化错峰减免；中央预算内投资；绿色制造名单推荐,对严格执行错峰生产且环保绩效达到A级、能效达到标杆水平的企业，可给予差异化错峰减免优惠（在统一错峰天数基础上适当减少停窑天数）。对利用错峰停产期间完成超低排放改造和节能降碳技术改造的企业，优先推荐申报中央预算内投资和绿色制造名单。水泥行业协会组织开展错峰生产经验交流和先进典型宣传，推广行业最佳实践。,中国水泥行业年碳排放量约12亿吨CO2（含工艺排放和燃料排放）。全国约1500条水泥熟料生产线全部纳入错峰生产管控。按全国年均错峰停窑天数估算，每年可压减水泥熟料产量约3—4亿吨，对应减少CO2排放约2.4—3.2亿吨（来源：中国水泥协会行业运行数据；工信部原材料工业司产能利用率统计；按吨熟料CO2排放系数0.8 tCO2/t估算）。,约占全国CO2排放的2%—3%（来源：中国水泥协会；水泥行业碳排放约占全国10%—12%，错峰生产压减产量约占全国水泥熟料总产量的20%—30%）,C23,CO2,正向,污染防治；资源节约；空气污染物减排,《工业和信息化部 生态环境部关于进一步做好水泥常态化错峰生产的通知》（工信部联原〔2020〕201号）,https://www.miit.gov.cn/jgsj/ycls/gzdt/art/2020/art_468a2824c4474f798f0f3c4fe647006e.html,《国务院办公厅关于促进建材工业稳增长调结构增效益的指导意见》（国办发〔2016〕34号）：https://www.gov.cn/zhengce/content/2016-05/18/content_5074415.htm；《工业和信息化部 环境保护部关于进一步做好水泥错峰生产的通知》（工信部联原〔2016〕351号，旧版，已废止）：https://www.miit.gov.cn/jgsj/ycls/gzdt/art/2016/art_6b24bc82e6c7417a87530e8f56b2c6ed.html；国务院《2024—2025年节能降碳行动方案》：https://www.gov.cn/zhengce/content/202405/content_6954508.htm
CHNFRMECOI01S000,工具,框架性规制,生态保护补偿,农业、林业和其他土地利用,N/A,生态保护补偿制度,Eco-compensation System,N/A,生态保护补偿制度是对生态保护者因保护生态环境而丧失发展机会或增加保护成本给予合理补偿的国家制度框架。该制度由国务院办公厅《关于健全生态保护补偿机制的意见》（国办发〔2016〕31号，2016年5月13日）建立，2021年9月12日由中共中央办公厅、国务院办公厅《关于深化生态保护补偿制度改革的意见》全面深化改革，要求建立健全分类补偿与综合补偿统筹兼顾、纵向补偿与横向补偿协调推进、强化激励与硬化约束协同发力的生态保护补偿制度。分类补偿覆盖森林、草原、湿地、荒漠、海洋、水流（江河湖泊）、耕地等七大类生态系统；纵向补偿由中央财政通过转移支付对生态功能重要地区给予补偿；横向补偿由流域上下游省份或生态受益地区与保护地区协商建立跨区域补偿机制。到2025年，与经济社会发展状况相适应的生态保护补偿制度基本完备；到2035年，适应新时代生态文明建设要求的生态保护补偿制度基本定型。该制度的前身是《国务院办公厅关于健全生态保护补偿机制的意见》（国办发〔2016〕31号）建立的补偿机制框架。全国生态保护补偿资金规模每年约2000亿元（含重点生态功能区转移支付、森林生态效益补偿、草原补奖等）。,保护生态系统服务功能；激励生态保护行为；促进区域协调发展；维护国家生态安全,间接,供给侧,中国,国家,N/A,13/05/2016,13/05/2016,N/A,06/04/2024,首次制定于2016年5月13日（国办发〔2016〕31号），2021年9月12日，2024年4月6日国务院发布《中华人民共和国生态保护补偿条例》（国务院令第779号，自2024年6月1日起施行）将制度从行政规范性文件上升为行政法规由中共中央办公厅、国务院办公厅《关于深化生态保护补偿制度改革的意见》进行全面升级和深化改革，从行政指导意见上升为党中央国务院级别的制度文件。2021年版与2016年版相比，新增市场化多元化补偿（碳排放权交易、排污权交易、水权交易等市场化补偿方式）、横向生态补偿法律约束、补偿标准动态调整和补偿成效监测评估、生态保护补偿基金和绿色债券等创新融资机制等核心制度。,生效,国家发展改革委；财政部；自然资源部；生态环境部；水利部；农业农村部；国家林业和草原局,森林、草原、湿地、荒漠、海洋、水流、耕地等七大类生态系统,既有,覆盖森林、草原、湿地、荒漠、海洋、水流（江河湖泊）、耕地等七大类生态系统的保护和修复活动。生态保护补偿的对象是生态保护者，包括承担生态保护责任的地方政府、履行生态保护义务的企业和集体、参与生态管护的居民。全国重点生态功能区转移支付覆盖约818个县级行政区域。,N/A,N/A,地方政府；企业；个人,生态保护补偿的主体是各级政府、生态受益地区的政府和受益者。中央政府通过重点生态功能区转移支付对限制开发区域和禁止开发区域给予纵向补偿。地方政府是实施补偿的主要责任主体。生态保护补偿的客体是生态保护者（包括地方政府、企业、集体和居民），因保护生态环境而限制或放弃发展机会、增加保护成本的均应获得补偿。流域跨界断面水质补偿是横向补偿的典型形式，由下游受益地区对上游保护地区给予补偿。,保护或修复（生态系统）；生产,生态保护补偿覆盖森林、草原、湿地、荒漠、海洋、水流（江河湖泊）、耕地等七大类生态系统的保护修复活动和生态产品供给。补偿类型包括：重要生态功能区转移支付（纵向补偿）、流域生态补偿（横向补偿）、生态公益林和草原禁牧补偿、湿地保护补偿、耕地轮作休耕补偿等。鼓励通过碳排放权交易、排污权交易、水权交易等市场化方式实现多元化补偿。,约2000亿元/年（含重点生态功能区转移支付、森林生态效益补偿、草原补奖等各类补偿资金合计）,年补偿资金总额（人民币亿元/年）,中央财政安排的生态保护补偿相关资金年度总规模约2000亿元人民币（2021-2025年平均），包括：重点生态功能区转移支付约1000亿元/年、森林生态效益补偿约200亿元/年、草原生态保护补助奖励约190亿元/年、退耕还林还草补助约400亿元/年、湿地保护补助约20亿元/年等。另有横向生态补偿资金由地方政府协商确定，规模不等。根据2021年改革方案，补偿标准将建立动态调整机制。,1）建立健全分类补偿制度，对森林、草原、湿地、荒漠、海洋、水流、耕地等七大类生态系统实施分类补偿；2）完善纵向补偿机制，中央财政加大重点生态功能区转移支付力度，地方政府落实配套资金；3）健全横向补偿机制，流域上下游省份和生态受益地区与保护地区须建立横向补偿协商和协议机制；4）建立补偿标准动态调整机制，根据生态保护成本、发展机会成本和生态服务价值变化定期调整补偿标准；5）建立补偿资金使用监督和绩效评价机制，资金使用与保护成效挂钩；6）推进市场化多元化补偿，将碳排放权、排污权、水权等交易纳入补偿体系。,N/A,N/A,部际联席会议制度；绩效评价；审计监督；监测评估,国家发展改革委牵头会同财政部、自然资源部、生态环境部、水利部、农业农村部、国家林草局等部门建立生态保护补偿工作部际联席会议制度，统筹协调补偿政策。中央和地方财政主管部门负责补偿资金的预算管理和拨付监督。各级审计部门定期对补偿资金使用情况进行审计。建立生态保护补偿成效监测评估体系，将生态资产和生态服务指标纳入补偿考核。各省（区、市）须定期报告补偿制度实施情况。,约谈；限期整改；扣减转移支付资金；追回补偿资金；行政处分；刑事追诉,对未按要求落实补偿配套资金的地方政府，由上级政府约谈并限期整改，扣减下一年度均衡性转移支付或重点生态功能区转移支付资金。对挤占、挪用、骗取补偿资金的单位和个人，依法追回资金，对直接负责的主管人员和其他直接责任人员依法给予处分，涉嫌犯罪的移送司法机关追究刑事责任。对未履行横向补偿协议的一方，另一方可通过行政调解或司法途径追索补偿资金。,生态管护公益岗位；专项债券；绿色金融；转移支付保障,国家对生态保护补偿实施资金和政策双重激励：中央财政安排重点生态功能区转移支付、森林生态效益补偿、草原补奖等专项资金；生态保护补偿资金纳入各级政府财政预算保障；补偿地区优先安排生态管护公益岗位；鼓励发行生态保护补偿专项债券和创新绿色金融产品；将生态保护补偿与巩固拓展脱贫攻坚成果相衔接，优先安排脱贫人口参与生态管护。,生态保护补偿制度覆盖全国森林（约2亿公顷）、草原（约2.645亿公顷）、湿地（约5635万公顷）等主要碳汇生态系统。据国家林草局2024年发布数据，中国林草植被碳储量约107.23亿吨碳，年碳汇量超过12亿吨CO₂。生态保护补偿制度通过激励生态保护行为，维持和增强生态系统碳汇功能，是中国实现碳中和目标的重要制度保障。,中国林草年碳汇量超过12亿吨CO₂，约占2021年全国温室气体排放总量（不含LULUCF，约143.14亿吨CO₂当量）的8%以上（来源：碳汇数据来自国家林草局2024年；排放总量数据来自《中国气候变化第一次双年透明度报告》，2025年公布，引用2021年清单数据）,A02,CO2,正向,生态保护；生物多样性保护；水资源涵养；水土保持；污染防治,《中华人民共和国生态保护补偿条例》（国务院令第779号，2024年4月6日公布，自2024年6月1日起施行）,https://www.gov.cn/zhengce/content/202404/content_6944394.htm,《国务院办公厅关于健全生态保护补偿机制的意见》（国办发〔2016〕31号，旧版，已废止）：https://www.gov.cn/zhengce/content/2016-05/13/content_5073253.htm；《关于深化生态保护补偿制度改革的意见》（中共中央办公厅 国务院办公厅，2021年9月12日）：https://www.gov.cn/xinwen/2021-09/12/content_5636905.htm
CHNFRMEEZI01S000,工具,框架性规制,生态环境分区管控,跨部门,N/A,三线一单生态环境分区管控制度,Three Lines One Permit Eco-environmental Zoning System,N/A,三线一单生态环境分区管控制度是将生态保护红线、环境质量底线、资源利用上线和生态环境准入清单（即“三线一单”）作为硬约束落实到国土空间环境管控单元的综合性治理制度框架。该制度由生态环境部《关于实施“三线一单”生态环境分区管控的指导意见（试行）》（环环评〔2021〕108号，2021年11月19日）建立，要求在全国范围内划定生态环境管控单元（优先保护单元、重点管控单元和一般管控单元三类），将三线一单的约束性要求系统集成到每个管控单元的环境准入清单中。省级和市级人民政府是编制实施本行政区三线一单生态环境分区管控方案的责任主体。优先保护单元以生态保护红线为核心，重点管控单元以工业集聚区和人口密集区为核心，一般管控单元为其他区域。该制度是环境影响评价、排污许可、环境监测和执法监管等环境管理制度的空间基础。制度的前身是原环境保护部2017年启动的三线一单试点工作（先在河北、山东济南、江苏连云港、内蒙古鄂尔多斯等地区试点），2021年在全国全面推开。,以三线一单为硬约束，构建覆盖全国的生态环境分区管控体系；优化国土空间开发保护格局；从源头预防和控制生态环境问题；促进经济社会发展与资源环境承载力相协调,间接,供给侧,中国,国家,N/A,19/11/2021,19/11/2021,N/A,N/A,2017年启动试点工作，原环境保护部在河北、山东济南、江苏连云港、内蒙古鄂尔多斯等地区开展三线一单试点。2021年11月19日，生态环境部印发《关于实施“三线一单”生态环境分区管控的指导意见（试行）》，标志着三线一单制度从试点探索转入全国全面实施阶段。该制度为首次制定，目前为试行版，生态环境部正研究将试行版升级为正式版管理办法。,生效,生态环境部；国家发展改革委；自然资源部；省级人民政府；市级人民政府,土地,既有,覆盖全国陆域和海域国土空间，划分为约4万余个生态环境管控单元。管控单元分为三类：优先保护单元（以生态保护红线为核心，包括自然保护区、饮用水水源保护区、国家公园等）、重点管控单元（以工业集聚区、城镇人口密集区为核心）和一般管控单元（优先保护和重点管控以外的区域）。所有涉及空间占用和污染物排放的开发建设活动均须符合所在管控单元的准入清单要求。,N/A,N/A,地方政府,省级人民政府负责组织编制和发布本省（区、市）三线一单生态环境分区管控方案，经生态环境部审核后由省级人民政府发布实施。市级人民政府负责编制本市三线一单生态环境分区管控方案并组织实施。生态环境部负责全国三线一单工作的统筹协调、技术指导和监督评估。发展改革、自然资源、水利、林草等部门按职责分工参与方案编制和实施。产业园区管委会和入园企业须遵守所在管控单元的准入清单要求。,生产；投资,覆盖全国国土空间范围内的各类开发建设活动（包括工业项目、基础设施项目、资源开发项目的选址、建设、运营和扩建）。各类建设项目在选址阶段须对照所在地区的生态环境管控单元类别和准入清单，判断是否符合空间布局约束、污染物排放管控、环境风险防控和资源利用效率要求。优先保护单元内仅允许不损害生态功能的有限人为活动；重点管控单元内须严格控制高污染高排放高耗水项目准入。,全国划定约4万余个生态环境管控单元,生态环境管控单元数量（个）,全国共划定约4万余个生态环境管控单元，分为三类：优先保护单元（约占总面积的50%以上）、重点管控单元（约占总面积的10%-15%）和一般管控单元（约占总面积的35%-40%）。每个单元编制一套差异化的生态环境准入清单。31个省（区、市）和新疆生产建设兵团均已完成省级三线一单成果发布。,1）省级和市级人民政府须编制并发布本行政区的三线一单生态环境分区管控方案，划定优先保护、重点管控和一般管控三类管控单元；2）各管控单元须配套编制差异化的生态环境准入清单，明确空间布局约束、污染物排放管控、环境风险防控和资源利用效率要求；3）建设项目在选址和环评阶段须对照所在管控单元的准入清单进行符合性分析，不符合的不得通过环评审批；4）产业园区规划须基于三线一单成果进行空间布局优化和产业准入管理；5）三线一单方案须与国土空间规划和国民经济和社会发展规划相衔接；6）生态环境部负责全国方案的统筹审核。,N/A,N/A,数据共享平台；跟踪评估；年度报告；卫星遥感动态监测；5年全面评估,生态环境部建立全国三线一单数据共享平台，实现各省（区、市）成果的集中管理和动态更新。省级生态环境主管部门定期对三线一单实施情况进行跟踪评估，建立年度报告制度，向生态环境部报送实施进展。利用卫星遥感、无人机巡查等信息化手段对管控单元内的开发建设活动进行动态监测。每五年对三线一单成果进行一次全面评估和调整更新，因国家和地方重大战略需要的可适时调整。,撤销审批决定；行政处分；不予环评审批；约谈；限期整改,对违反三线一单管控要求擅自审批建设项目的，由上级生态环境主管部门责令撤销审批决定，并对直接负责的主管人员和其他责任人员依法给予行政处分。对不符合管控单元准入清单要求的建设项目，生态环境主管部门不得批准其环境影响评价文件，项目不得开工建设。对地方未按要求划定管控单元或发布准入清单的，由上级政府约谈并限期整改。对在执行三线一单管控中弄虚作假的单位和个人，依法追究责任。,专项资金倾斜；技术培训；典型案例推广；公众查询开放；联动机制,国家将三线一单制度实施情况纳入污染防治攻坚战考核和绿色发展评价体系。对三线一单成果应用效果突出的地区，在生态环保专项资金安排上给予倾斜支持。生态环境部组织开展三线一单技术培训和典型案例推广。鼓励地方政府将三线一单数据平台向公众开放查询，引导社会投资向符合管控要求的区域和产业集聚。建立三线一单与环评管理、排污许可、环境执法和生态补偿的联动机制。,三线一单制度通过空间约束和准入管控，将全国国土空间划分为约4万余个管控单元，其中优先保护单元约占国土面积的50%以上，严格限制高碳排放的工业开发活动。该制度从空间源头约束高耗能高排放项目的选址和建设，将碳减排要求纳入生态环境准入清单。全国约2万个重点管控单元（工业集聚区和人口密集区）须落实污染物排放和碳排放管控要求。制度的碳排放约束效果通过后续具体管控清单的实施而间接体现。,制度通过空间规划和准入管控间接约束全国工业CO₂排放的空间分布和增量。暂无独立的制度级碳减排定量核算。制度碳排放约束效果通过管控单元准入清单的具体执行（包括环评审批和排污许可管控等相关制度衔接）实现（来源：生态环境部环境影响评价与排放管理司；全国三线一单数据共享平台）,O84,CO2,正向,生态保护；污染防治；资源节约；绿色产业发展；能源消耗减少,《关于实施“三线一单”生态环境分区管控的指导意见（试行）》（环环评〔2021〕108号）,https://www.mee.gov.cn/xxgk2018/xxgk/xxgk03/202111/t20211125_961692.html,《中共中央办公厅 国务院办公厅关于划定并严守生态保护红线的若干意见》（2017年）：https://www.gov.cn/gongbao/content/2017/content_5174504.htm；《“三线一单”生态环境分区管控技术指南（试行）》（环办环评〔2017〕99号）：https://www.gov.cn/gongbao/content/2018/content_5269236.htm
CHNFRMECMI01S000,工具,框架性规制,生态系统保护制度,农业、林业和其他土地利用,林业,天然林保护修复制度,Natural Forest Protection and Restoration System,N/A,天然林保护修复制度是对全国天然林资源实施全面保护和系统性修复的监管制度框架。该制度由中共中央办公厅、国务院办公厅《天然林保护修复制度方案》（2019年7月）建立，要求将全国所有天然林纳入保护范围，全面停止天然林商业性采伐，实行保护区域划定和分级管护。县级以上地方政府须编制天然林保护修复规划和年度计划，落实保护修复任务。建立天然林保护修复监测评估制度，将保护修复成效纳入地方政府绩效考核。对破坏天然林资源的行为，依法追究责任。全国现有天然林约2亿公顷，占森林总面积的64%。该制度的前身是1998年启动的天然林资源保护工程（天保工程），2019年升级为制度化、常态化的保护修复制度体系。,保护天然林资源；增强森林碳汇功能；维护生物多样性和国家生态安全,间接,供给侧,中国,国家,N/A,23/07/2019,23/07/2019,N/A,N/A,N/A,生效,国家林业和草原局；自然资源部；生态环境部,天然林,既有,全国所有天然林，包括天然起源的乔木林、灌木林和疏林。全国天然林面积约2亿公顷，占森林总面积的64%左右。天然林按保护等级划分为重点保护区域和一般保护区域，实行分级管护。全面停止天然林商业性采伐。,N/A,N/A,林业经营单位；地方政府林业主管部门,林业经营单位、地方政府林业主管部门和承担天然林保护修复任务的企事业单位。国有林区由森工企业和国有林场负责管护；集体林区由集体经济组织和林权权利人负责管护。中央财政安排天然林保护修复补助资金，地方财政予以配套。,保护或修复（生态系统）,全面停止天然林商业性采伐；实行天然林分级保护管理；实施退化天然林修复和封山育林；建立天然林管护体系，配备专职或兼职护林员；开展天然林保护修复成效监测评估。鼓励社会力量参与天然林保护和修复。,N/A,N/A,N/A,1）全面停止天然林商业性采伐，实行最严格的保护制度；2）县级以上地方政府须编制并实施天然林保护修复规划；3）建立天然林保护修复台账制度，实行年度报告；4）将天然林保护修复成效纳入地方政府绩效考核和领导干部自然资源资产离任审计；5）对破坏天然林的行为依法追究行政或刑事责任。,N/A,N/A,监督检查；监测评估；年度报告；绩效考核,国家林业和草原局会同有关部门对各地天然林保护修复工作进行监督检查和监测评估，定期发布全国天然林保护修复状况报告。利用卫星遥感、无人机巡护等信息化手段开展动态监测。建立破坏天然林举报奖励制度。天然林保护修复成效纳入地方政府绩效考核和领导干部自然资源资产离任审计。,行政处罚；罚款；刑事责任；绩效考核问责,对违法采伐天然林的，责令停止违法行为，限期恢复植被，并处采伐林木价值3至10倍罚款。对擅自改变天然林用途的，责令限期恢复，并处每平方米10至30元罚款。情节严重涉嫌犯罪的，移送司法机关追究刑事责任。对保护修复工作不力的地方政府，进行约谈、通报并扣减绩效考核分数。,中央财政补助；生态效益补偿；公益岗位,中央财政安排天然林保护修复补助资金，用于管护补助和修复投入。完善天然林生态效益补偿制度，提高补偿标准。优先安排天然林保护区域的脱贫人口担任生态护林员。对实施天然林保护修复成效显著的单位给予表彰奖励。,覆盖全国天然林约2亿公顷（占森林总面积约64%）。中国林草植被碳储量约107.23亿吨，年碳汇量超过12亿吨CO₂（来源：国家林草局2024年发布；天然林系林草碳汇主要贡献组分）,中国林草年碳汇量超过12亿吨CO₂，约占2021年全国温室气体排放总量（不含LULUCF，约143.14亿吨CO₂当量）的8%以上（来源：碳汇数据来自国家林草局2024年；排放总量数据来自《中国气候变化第一次双年透明度报告》，2025年公布，引用2021年清单数据）,A02,CO2,正向,生态保护；生物多样性保护；水资源涵养；水土保持,中共中央办公厅 国务院办公厅《天然林保护修复制度方案》,https://www.gov.cn/zhengce/2019-07/23/content_5413850.htm,《中华人民共和国森林法》：http://www.npc.gov.cn/npc/c2/c30834/201912/t20191228_304013.html
CHNFRMECMI02S000,工具,框架性规制,生态系统保护制度,农业、林业和其他土地利用,草原,草原保护修复制度,Grassland Protection and Restoration System,N/A,草原保护修复制度是对全国草原资源实施保护管理和退化修复的监管制度框架。该制度由《国务院办公厅关于加强草原保护修复的若干意见》（国办发〔2021〕7号，2021年3月12日）建立，要求实行基本草原保护制度，划定基本草原并实行严格保护；建立草原禁牧休牧轮牧和草畜平衡制度，核定草原载畜量，严禁超载过牧；对退化草原实施封育禁牧和人工修复。县级以上地方政府负责编制草原保护修复规划并组织实施。全国草原面积约2.645亿公顷，约占国土面积的27.5%。该制度的前身是2002年《国务院关于加强草原保护与建设的若干意见》（国发〔2002〕19号）建立的草原保护政策体系。,保护草原生态系统；恢复退化草原植被；增强草原碳汇功能；维护国家生态安全,间接,供给侧,中国,国家,N/A,12/03/2021,12/03/2021,N/A,N/A,N/A,生效,国家林业和草原局；农业农村部；自然资源部,草原,既有,全国所有天然草原和人工草地。全国草原面积约2.645亿公顷（第三次全国国土调查数据），其中天然草原占绝大部分。草原按主体功能划分为基本草原、一般草原和退化草原，实行分类管理。基本草原实行最严格的保护制度。,N/A,N/A,草原承包经营者；草原使用单位,草原承包经营者和草原使用单位，包括牧民、畜牧养殖企业和合作社。县级以上地方人民政府草原行政主管部门负责本行政区域内的草原保护修复管理工作。草原承包经营者须履行草原保护义务，遵守禁牧休牧和草畜平衡规定。,保护或修复（生态系统）,实行基本草原保护制度，严格限制基本草原用途改变；落实草原禁牧休牧轮牧和草畜平衡制度，按照核定的载畜量合理安排放牧；对重度退化草原实施围栏封育和禁牧，开展人工种草和补播改良；开展草原鼠虫害和毒害草防治；建立草原监测评价体系。,N/A,N/A,N/A,1）实行基本草原保护制度，划定基本草原并纳入国土空间规划；2）建立草畜平衡制度，县级政府须核定草原载畜量，草原承包经营者不得超过核定载畜量放牧；3）对重度退化草原实行禁牧，禁牧期一般不少于5年；4）县级以上地方政府须编制草原保护修复规划并组织实施；5）严格管控草原用途改变，未经批准不得将草原转为其他用地。,N/A,N/A,监督检查；监测评价；草畜平衡核查,县级人民政府草原行政主管部门负责对草原保护修复情况进行监督检查，定期开展草原植被生长状况、产草量和载畜能力的监测评价。利用遥感监测和地面调查相结合的方式，动态掌握草原面积、植被覆盖度和退化变化趋势。对草畜平衡执行情况进行年度核查，对超载过牧的责令限期整改。,行政处罚；罚款；责令整改；扣减草原生态补奖资金,对违反禁牧休牧规定擅自放牧的，责令停止违法行为，并处每只羊单位30至50元罚款。对超载过牧的，责令限期出栏或增加饲草供给，在规定期限内未达到草畜平衡的，处超载牲畜每只羊单位10至30元罚款。对非法开垦草原的，责令限期恢复植被，并处草原被破坏前三年平均产值3至9倍罚款；涉嫌犯罪的，移送司法机关追究刑事责任。对草原保护不力的地区，扣减草原生态保护补助奖励资金。,草原生态保护补助奖励；中央财政补助,中央财政安排草原生态保护补助奖励资金，对实施禁牧和草畜平衡的牧民给予补助奖励。安排退化草原人工修复专项资金，支持重度退化草原治理。优先安排草原保护区域的农牧民担任草原管护员。对草原保护修复成效突出的单位和个人给予表彰奖励。,覆盖全国草原约2.645亿公顷（约占国土面积27.5%；第三次全国国土调查数据）。中国林草年碳汇量合计超过12亿吨CO₂，草原植被和土壤是重要碳库组分（来源：国家林草局2024年发布）,中国林草年碳汇量超过12亿吨CO₂，约占2021年全国温室气体排放总量（不含LULUCF，约143.14亿吨CO₂当量）的8%以上（来源：碳汇数据来自国家林草局2024年；排放总量数据来自《中国气候变化第一次双年透明度报告》，2025年公布，引用2021年清单数据）,A01,CO2,正向,生态保护；生物多样性保护；水土保持；防风固沙,《国务院办公厅关于加强草原保护修复的若干意见》（国办发〔2021〕7号）,https://www.gov.cn/zhengce/content/2021-03/30/content_5596791.htm,《中华人民共和国草原法》：http://www.npc.gov.cn/npc/c1772/c21116/c21297/c21305/201905/t20190521_180532.html；2002年《国务院关于加强草原保护与建设的若干意见》（国发〔2002〕19号，旧版，已废止）：https://www.gov.cn/gongbao/content/2002/content_61781.htm
CHNFRMECMI03S000,工具,框架性规制,生态系统保护制度,农业、林业和其他土地利用,湿地,湿地保护修复制度,Wetland Protection and Restoration System,N/A,湿地保护修复制度是对全国湿地资源实施全面保护和退化修复的监管制度框架。该制度由《国务院办公厅关于湿地保护修复制度方案的通知》（国办发〔2016〕89号，2016年11月28日）建立，要求实行湿地面积总量管控，确保全国湿地总面积不低于8亿亩；建立湿地分级保护管理制度，将重要湿地纳入生态保护红线；实施湿地用途管制和占用审批制度。2021年12月24日，《中华人民共和国湿地保护法》由第十三届全国人大常委会第三十二次会议审议通过（自2022年6月1日起施行），将湿地保护修复制度从行政方案上升为法律制度。全国湿地面积约5635万公顷（含内陆湿地、近海与海岸湿地）。,保护湿地生态系统；维护湿地生态功能；增强湿地碳汇；保护生物多样性,间接,供给侧,中国,国家,N/A,28/11/2016,28/11/2016,N/A,24/12/2021,2021年12月24日，《中华人民共和国湿地保护法》（主席令第102号）由第十三届全国人大常委会第三十二次会议审议通过，自2022年6月1日起施行。该法将2016年《湿地保护修复制度方案》确立的行政制度框架上升为法律制度，首次在国家法律层面明确湿地的定义和范围，建立湿地分级管理和名录制度，设定湿地占用审批和占补平衡要求，强化了法律责任的处罚力度。,生效,国家林业和草原局；自然资源部；生态环境部,湿地,既有,全国所有湿地资源，包括内陆湿地（河流湿地、湖泊湿地、沼泽湿地、人工湿地）和近海与海岸湿地。全国湿地总面积约5635万公顷，其中自然湿地约4667万公顷。湿地实行分级保护管理：重要湿地纳入生态保护红线，一般湿地纳入地方保护名录。未经批准不得擅自占用湿地或改变湿地用途。,N/A,N/A,地方政府湿地保护主管部门；湿地占用单位,地方政府湿地保护主管部门和湿地占用单位。县级以上地方人民政府负责本行政区域内的湿地保护修复工作，编制湿地保护规划并组织实施。湿地占用单位须依法办理占用审批手续并实施湿地占补平衡或生态补偿。鼓励社会力量参与湿地保护和修复。,保护或修复（生态系统）,实行湿地面积总量管控，全国湿地总面积不低于8亿亩；建立湿地分级保护管理制度，发布国家和地方重要湿地名录；实施湿地用途管制，严格限制湿地占用和用途变更；对退化湿地实施生态修复和补水工程；建立湿地监测评价和信息发布制度。,N/A,N/A,N/A,1）实行湿地面积总量管控，全国湿地总面积不低于8亿亩（约5333万公顷），各省湿地面积管控目标由国务院确定下达；2）建立湿地分级管理制度，重要湿地由国务院或省级政府发布名录并纳入生态保护红线；3）严格湿地用途管制，经批准占用湿地的须实行“先补后占、占补平衡”或缴纳湿地生态补偿费；4）地方政府须编制湿地保护规划并纳入国土空间规划；5）禁止擅自开垦、填埋湿地或者改变湿地用途。,N/A,N/A,监督检查；遥感监测；年度报告,国家林业和草原局会同有关部门对全国湿地保护修复情况进行监督检查，建立全国湿地监测网络和信息管理平台。利用卫星遥感、无人机等技术手段对湿地面积变化进行动态监测。地方政府须定期报告湿地保护修复情况。建立破坏湿地行为举报制度。定期发布全国湿地保护状况报告。,行政处罚；罚款；刑事责任；生态损害赔偿；约谈,对擅自开垦、填埋湿地的，责令限期恢复湿地，并处恢复湿地费用1至5倍罚款。对未经批准擅自占用湿地的，责令限期恢复，并处每平方米100至500元罚款。对造成湿地严重破坏的，依法追究生态损害赔偿责任。对涉嫌犯罪的，移送司法机关追究刑事责任。对湿地保护不力的地方政府，由上级政府进行约谈并限期整改。,中央财政湿地保护补助；生态补偿,中央财政安排湿地保护补助资金，用于重要湿地保护修复和生态补水。建立湿地生态保护补偿制度，对因保护湿地而利益受损的单位和个人给予合理补偿。优先安排湿地保护区域的居民参与湿地管护工作。鼓励社会资本参与湿地保护修复。,"覆盖全国湿地约5635万公顷（含内陆湿地和近海与海岸湿地）。据学术研究估算，中国湿地碳储量约168.7亿吨碳（约618.8亿吨CO₂当量），年净碳汇约1.20亿吨碳（约4.40亿吨CO₂/年）（来源：Xiao et al., 2019, Global Change Biology; 基于IPCC湿地碳计量方法的学术估算）","基于学术估算，中国湿地年碳汇约4.40亿吨CO₂/年，约占2021年全国温室气体排放总量（不含LULUCF，约143.14亿吨CO₂当量）的3%（来源：碳汇数据来自Xiao et al., 2019; 排放总量数据来自《中国气候变化第一次双年透明度报告》，2025年公布，引用2021年清单数据）",N/A,CO2；CH4,正向,生态保护；生物多样性保护；水资源涵养；防洪蓄水,《国务院办公厅关于印发湿地保护修复制度方案的通知》（国办发〔2016〕89号）,https://www.gov.cn/zhengce/content/2016-12/12/content_5146928.htm,《中华人民共和国湿地保护法》：http://www.npc.gov.cn/npc/c2/c30834/202112/t20211224_315589.html
CHNFRMTRSI01S000,工具,框架性规制,目标责任制度,跨部门,N/A,能源消费强度和总量双控制度,Energy Consumption Intensity and Total Control System,N/A,能源消费强度和总量双控制度是中国“十三五”规划（2016—2020年）确立的约束性目标管理制度，对省级行政区域设定单位GDP能源消耗降低和能源消费总量控制目标，将国家目标逐级分解至省级政府和重点用能单位，并对目标完成情况进行年度监测、评价和考核问责。该制度通过控制化石能源消费总量和强度，推动能源结构优化和温室气体减排。,提高能效；控制能源消费总量；优化能源结构,直接,需求侧,中国,国家,N/A,20/12/2016,20/12/2016,N/A,11/09/2021,2021年9月11日，国家发展改革委印发《完善能源消费强度和总量双控制度方案》（发改环资〔2021〕1310号），对目标设置、分解落实、监测预警和考核评价机制作出进一步完善，增加了可再生能源消费不纳入能源消费总量考核等弹性规定。,生效,国家发展和改革委员会；国务院；省级人民政府,N/A,N/A,N/A,N/A,N/A,企业；政府,各省、自治区、直辖市人民政府对本行政区能源消费总量和强度控制负总责；年综合能源消费量达到限定标准的重点用能单位须履行节能目标责任。,消费（使用）,化石能源和非化石能源的消费活动。省级政府须将能源消费总量和强度控制在国家下达的目标范围内，重点用能单位须将能源消费控制在核定的总量和强度指标内。新建高耗能项目须通过节能审查，确保符合区域能源消费总量和强度控制要求。,约束性指标，按五年规划期设定,吨标准煤（总量）；吨标准煤/万元GDP（强度）,“十三五”期间全国单位GDP能耗降低15%，能源消费总量控制在50亿吨标准煤以内；“十四五”期间全国单位GDP能耗降低13.5%。各省目标由国家发展改革委分解下达。,1）国家将能源消费强度和总量双控目标作为约束性指标纳入国民经济和社会发展规划；2）省级政府将国家下达的双控目标分解至地市级政府和重点用能单位；3）重点用能单位须制定节能规划，建立能源管理体系，报告能源利用状况；4）新建、改建和扩建高耗能项目须通过节能审查，确保符合能源消费总量和强度控制要求。,N/A,N/A,目标责任评价考核；监测预警,国家发展改革委会同有关部门建立能源消费总量和强度监测预警机制，按季度发布各地区能耗双控目标完成情况晴雨表，对进度严重滞后的地区进行预警。省级政府每年向国务院报告能源消费总量和强度控制目标完成情况。重点用能单位每年向节能主管部门报告能源利用状况，并接受节能监察。,目标责任考核；问责约谈；项目限批,省级政府能耗双控目标完成情况纳入生态文明建设评价考核体系，作为领导班子和领导干部综合考核评价的重要依据。未完成目标的地区由国务院节能主管部门约谈，并暂停审批该地区新建高耗能项目。重点用能单位未完成节能目标的，予以通报批评并限期整改；逾期未整改的，依法予以处罚。,其他激励或支持,国家通过节能减排财政补助资金、节能技术改造奖励、合同能源管理税收优惠、绿色金融等政策措施，鼓励和支持各地区、各用能单位开展节能降耗工作。对超额完成能耗双控目标的地区，在能源消费总量指标分配中给予适当倾斜。,N/A,N/A,B05; B06; B07; B08; B09; C10; C11; C12; C13; C14; C15; C16; C17; C18; C19; C20; C21; C22; C23; C24; C25; C26; C27; C28; C29; C30; C31; C32; C33; D35; F41; F42; F43; H49,CO2,正向,能效提升；能源消耗减少；空气污染物减排；能源安全,国务院关于印发“十三五”节能减排综合工作方案的通知,https://www.gov.cn/zhengce/content/2017-01/05/content_5156789.htm,《中华人民共和国节约能源法》（2018年修正）：https://flk.npc.gov.cn/detail2.html?ZmY4MDgxODE2ZjEzNWY0NjAxNmYyMTY5MjAxNTExMjk%3D | 《完善能源消费强度和总量双控制度方案》（发改环资〔2021〕1310号）：https://www.ndrc.gov.cn/xxgk/zcfb/tz/202109/t20210916_1296856.html
CHNFRMTRSI02S000,工具,框架性规制,目标责任制度,跨部门,N/A,碳排放强度和总量双控制度,Carbon Emission Intensity and Total Control System,N/A,碳排放强度和总量双控制度是中国推动能耗双控向碳排放双控全面转型的新制度框架。该制度建立国家层面的碳排放强度降低和碳排放总量控制目标，逐级分解至省级政府和重点排放单位，实行碳排放预算管理，并对目标完成情况进行监测、评估和考核问责。该制度旨在从源头控制温室气体排放，是实现碳达峰碳中和目标的核心治理制度。,减缓气候变化,直接,供给侧,中国,国家,N/A,30/07/2024,30/07/2024,N/A,N/A,N/A,生效,国家发展和改革委员会；国务院；省级人民政府,N/A,N/A,N/A,N/A,N/A,企业；政府,各省、自治区、直辖市人民政府对本行政区碳排放总量和强度控制负总责；年温室气体排放量达到限定标准的重点排放单位须履行碳排放控制目标责任。,生产,化石能源燃烧、工业生产过程等温室气体排放活动。省级政府须将碳排放总量和强度控制在国家下达的目标范围内。碳排放双控制度实行碳排放预算管理，将碳排放指标纳入国民经济和社会发展规划，并通过碳减排项目和碳汇交易实现弹性管控。,约束性指标，按五年规划期设定,吨CO₂（总量）；吨CO₂/万元GDP（强度）,“十五五”规划（2026—2030年）期间将以碳排放强度和总量双控替代能耗双控，具体指标数值由国家在“十五五”规划纲要中确定。过渡期内实行碳排放双控与能耗双控并行的弹性管理制度。,1）国家将碳排放强度和总量双控目标作为约束性指标纳入国民经济和社会发展规划；2）省级政府将国家下达的碳排放双控目标分解至地市级政府和重点排放单位；3）建立碳排放预算管理制度，将碳排放指标纳入固定资产投资项目节能审查和环评审批；4）重点排放单位须建立碳排放管理体系，编制碳排放报告，接受碳排放核查。,N/A,N/A,目标责任评价考核；监测预警,国家发展改革委会同生态环境部建立碳排放总量和强度监测预警机制，对各省碳排放双控目标完成情况进行年度评价和中期评估。省级政府每年报告碳排放双控目标完成情况。重点排放单位须建立碳排放监测计划，按年度编制温室气体排放报告并接受第三方核查。,目标责任考核；问责约谈；项目限批,省级政府碳排放双控目标完成情况纳入碳达峰碳中和工作评价考核体系，作为领导班子和领导干部综合考核评价的重要依据。未完成目标的地区由国务院有关部门约谈，并采取项目限批等措施。重点排放单位未完成碳排放控制目标的，责令限期整改；逾期未整改的，依法予以处罚。,其他激励或支持,国家通过碳减排项目支持、碳普惠机制、碳排放权交易、绿色金融等政策措施，鼓励和支持各地区、各排放单位开展碳减排工作。对碳排放双控成效显著的地区，在碳排放指标分配和财政转移支付中给予倾斜支持。,N/A,N/A,B05; B06; B07; B08; B09; C10; C11; C12; C13; C14; C15; C16; C17; C18; C19; C20; C21; C22; C23; C24; C25; C26; C27; C28; C29; C30; C31; C32; C33; D35; F41; F42; F43; H49,CO2,正向,能效提升；能源消耗减少；空气污染物减排；技术创新；绿色产业发展,国务院办公厅关于印发《加快构建碳排放双控制度体系工作方案》的通知,https://www.gov.cn/zhengce/content/202408/content_6966079.htm,《中共中央 国务院关于加快经济社会发展全面绿色转型的意见》（2024年7月）：https://www.gov.cn/zhengce/202408/content_6967663.htm
CHNFRMTRSI03S000,工具,框架性规制,目标责任制度,跨部门,N/A,碳达峰碳中和综合评价考核制度,Comprehensive Carbon Peak and Carbon Neutrality Evaluation and Assessment System,N/A,碳达峰碳中和综合评价考核制度是对省级党委和政府落实碳达峰碳中和目标任务情况进行年度评价考核的党政同责治理制度。该制度建立“5+9”评价考核指标体系，涵盖碳排放总量、碳排放强度降低、煤炭消费总量、石油消费总量和非化石能源消费占比5项控制指标，以及节能、工业、城乡建设、交通运输、公共机构、碳排放权交易和森林碳汇等领域9项支撑指标。考核结果分为优秀、合格和不合格三个等次，作为领导班子和领导干部综合考核评价、选拔任用和监督管理的重要参考。,减缓气候变化,直接,供给侧,中国,国家,N/A,12/04/2026,12/04/2026,N/A,N/A,N/A,生效,中共中央组织部；国家发展和改革委员会；国务院；省级人民政府,N/A,N/A,N/A,N/A,N/A,政府,各省、自治区、直辖市党委和政府对本行政区碳达峰碳中和目标任务完成情况负总责，实行党政同责、一岗双责。中央组织部统筹指导，国家发展改革委会同有关部门组织实施评价考核。,生产,化石能源燃烧、工业生产过程等温室气体排放活动，以及能源消费、城乡建设、交通运输、公共机构运营和森林碳汇等涉及碳排放和碳吸收的各类活动。省级党委和政府须确保完成国家设定的碳排放总量和强度等5项控制指标和9项支撑指标，推动经济社会发展全面绿色转型。,约束性指标，按年度设定,5项控制指标+9项支撑指标；等次：优秀、合格、不合格,“十五五”时期目标为2030年碳排放强度比2005年降低65%以上，非化石能源消费占比达到25%左右，实现煤炭消费总量和石油消费总量达峰。控制指标全部达标且支撑指标全部达标为优秀；1项及以上控制指标不达标或3项及以上支撑指标不达标为不合格；其余为合格。,1）省级党委和政府对本行政区碳达峰碳中和目标任务负总责，实行党政同责、一岗双责；2）国家设定碳排放总量、碳排放强度降低、煤炭消费总量、石油消费总量和非化石能源消费占比5项控制指标，以及单位地区生产总值能源消耗降低、清洁能源电量占比、工业能耗和碳排放降低、“两高”项目碳排放置换和节能降碳审查、城乡建设绿色低碳转型、交通运输绿色低碳转型、公共机构碳排放强度降低、碳排放权交易市场覆盖行业碳排放控制和森林蓄积量增长等支撑指标；3）按年度开展评价考核，于考核年度次年实施，程序包括地方自评、部门评价、实地核验和综合评定四个步骤；4）考核结果报党中央、国务院审定后反馈各省党委和政府，抄送中央纪委国家监委，作为领导班子和领导干部综合考核评价、选拔任用和监督管理的重要参考。,N/A,N/A,目标责任评价考核；监测预警,国家发展改革委会同有关部门建立碳达峰碳中和监测预警机制，对各地区碳排放总量和强度等关键指标进行动态监测。省级党委和政府每年开展碳达峰碳中和自评，按时将自评报告报党中央、国务院。各有关部门对所负责指标的全国年度进展情况进行评估，对各省单一指标评价结果分为“达标”和“不达标”，对不达标指标剖析问题原因并提出改进建议。国家发展改革委会同有关部门采取实地抽查和委托第三方核查等方式，对工作进展、任务落实、目标完成及数据真实性进行核验。,目标责任考核；问责约谈,考核结果经党中央、国务院审定后，由中央组织部、国家发展改革委向各省党委和政府反馈，并抄送中央纪委国家监委。考核不合格的，督促在30个工作日内向党中央、国务院作出书面报告，提出整改措施和完成时限；逾期整改不到位的，约谈该省党委和政府。考核合格但部分指标不达标的，在一定范围内通报提醒。存在徇私舞弊、谎报瞒报、篡改数据、伪造资料等行为造成结果严重失真失实的，该省评价考核结果直接确定为不合格，并严肃追究相关单位和人员责任。,其他激励或支持,对考核优秀或单项工作表现突出的省份予以通报表扬，总结宣传推广好经验好做法。对碳达峰碳中和工作成效显著的地区，在碳排放指标分配、财政转移支付和重大项目布局等方面给予倾斜支持。对表现突出的单位和个人，按规定给予表彰奖励。,N/A,N/A,B05; B06; B07; B08; B09; C10; C11; C12; C13; C14; C15; C16; C17; C18; C19; C20; C21; C22; C23; C24; C25; C26; C27; C28; C29; C30; C31; C32; C33; D35; F41; F42; F43; H49,CO2,正向,能效提升；能源消耗减少；空气污染物减排；技术创新；绿色产业发展；能源安全；可再生能源发展；生态保护,中共中央办公厅 国务院办公厅关于印发《碳达峰碳中和综合评价考核办法》的通知,https://www.gov.cn/zhengce/202604/content_7066695.htm,国家发展改革委有关负责同志就《碳达峰碳中和综合评价考核办法》答记者问：https://www.ndrc.gov.cn/xxgk/jd/jd/202604/t20260423_1404856_ext.html
CHNFRMTRSI04S000,工具,框架性规制,目标责任制度,跨部门,N/A,中央企业节能环保监督管理制度,Central Enterprise Energy Conservation and Environmental Protection Supervision and Management System,N/A,中央企业节能环保监督管理制度是国务院国资委对其履行出资人职责的中央企业实施节约能源与生态环境保护分类监督管理的治理制度。该制度根据行业属性、年能耗量和主要污染物排放水平将中央企业划分为三类，实行动态分类监管，涵盖绿色低碳发展、碳达峰碳中和、污染防控、统计监测报告、突发环境事件应急等要求，并将考核结果纳入中央企业负责人经营业绩考核体系。,减缓气候变化；能效提升；环境保护,直接,供给侧,中国,国家,N/A,29/06/2022,01/08/2022,N/A,N/A,N/A,生效,国务院国有资产监督管理委员会,N/A,N/A,N/A,N/A,N/A,企业,国务院国资委履行出资人职责的中央企业是本制度的受规制主体。中央企业须建立节约能源与生态环境保护领导机构，设置监督管理机构，落实党政同责、一岗双责。国资委根据企业行业属性、能耗和排放水平，将中央企业划分为三类并实行动态分类监督管理。,生产；消费（使用）,中央企业在石油石化、钢铁、有色金属、电力、化工、煤炭、建材、交通运输、建筑等行业的能源消费、温室气体排放和主要污染物排放活动。第一类企业（年耗能200万吨标准煤以上或主要污染物排放居央企前三分之一）和第二类企业（年耗能10万吨标准煤以上）按季度报送统计报表，第三类企业按年度报送。各类企业均须报送年度总结分析报告，制定碳达峰碳中和规划，建立碳排放统计核算体系。,三类分类管理，动态调整,企业类别（第一类、第二类、第三类）,第一类企业：主业处于石油石化、钢铁、有色金属、电力、化工、煤炭、建材、交通运输、建筑行业，且年耗能200万吨标准煤以上，或主要污染物排放总量居央企前三分之一，或对生态环境有较大影响。第二类企业：年耗能10万吨标准煤以上，或主要污染物排放居央企中等水平。第三类企业：上述以外的企业。国资委根据能耗和排放水平适时调整企业类别。,1）中央企业须建立节约能源与生态环境保护领导机构和监督管理机构，落实党政同责、一岗双责；2）中央企业须将节能环保纳入企业发展战略，制定碳达峰碳中和规划，建立碳排放统计核算体系，遏制“两高”项目盲目发展；3）中央企业须建立统计监测与报告制度，第一类和第二类企业按季度、第三类企业按年度报送统计报表和年度总结分析报告，发生突发环境事件须逐级上报至国资委；4）国资委将节约能源与生态环境保护考核结果纳入中央企业负责人经营业绩考核体系，实行年度和任期考核，发生突发环境事件或数据弄虚作假的予以扣分或降级处理。,N/A,N/A,目标责任评价考核；监测预警,国资委建立中央企业节约能源与生态环境保护统计报送信息系统，对中央企业能耗和排放数据进行动态监测。中央企业须配备能源计量器具，建立能源计量管理制度，按要求建设能耗在线监测系统。第一类和第二类企业按季度、第三类企业按年度报送统计报表。各类企业每年报送年度总结分析报告。发生突发环境事件须逐级上报至国资委，每级上报时间不超过2小时。,目标责任考核,国资委将节约能源与生态环境保护考核评价结果纳入中央企业负责人经营业绩考核体系，实行年度和任期、定量或定性考核。发生突发环境事件、节能环保违法违规事件、统计数据严重不实和弄虚作假的，年度考核予以扣分或降级处理。中央企业应建立完善内部考核奖惩体系，逐级分解落实责任。国资委依据本办法制定《中央企业节约能源与生态环境保护考核细则》。,其他激励或支持,对节约能源与生态环境保护取得突出成绩的中央企业，经国资委评定后予以任期通报表扬。中央企业应按照同行业国际国内先进水平，提出科学合理的任期考核指标和目标建议值，在中央企业负责人任期经营考核责任书中明确。对表现突出的单位和个人，按规定给予表彰奖励。,N/A,N/A,B05; B06; B07; B08; B09; C10; C11; C12; C13; C14; C15; C16; C17; C18; C19; C20; C21; C22; C23; C24; C25; C26; C27; C28; C29; C30; C31; C32; C33; D35; F41; F42; F43; H49,CO2,正向,能效提升；能源消耗减少；空气污染物减排；技术创新；绿色产业发展；能源安全；污染防治；生态保护,《中央企业节约能源与生态环境保护监督管理办法》（国务院国资委令第41号）,https://www.gov.cn/zhengce/2022-08/03/content_5718613.htm,《中央企业节能减排监督管理暂行办法》（国资委令第23号，已废止）：https://www.gov.cn/gongbao/content/2010/content_1705528.htm
CHNPRFMEAI01S000,工具,绩效标准,电器最低能源绩效标准（MEPS）,工业,工业电气设备；低压电器,交流接触器能效限定值及能效等级,Minimum Allowable Values of Energy Efficiency and Energy Efficiency Grades for AC Contactors,N/A,GB 21518-2022《交流接触器能效限定值及能效等级》是强制性国家标准，于2022年12月29日发布，2024年1月1日实施，替代GB 21518-2008。适用于额定频率50Hz、主电路额定工作电压1000V及以下、额定工作电流6A~630A、使用类别AC-3的三极机电式直动式整体式交流接触器。不适用于外加节电装置、家用接触器及半导体接触器（固态接触器）。能效等级分为3级（1级最高），3级为能效限定值即强制市场准入门槛。,提高低压电器能效；减少工业配电系统损耗,直接,供给侧,中国,国家,N/A,01/04/2008,01/11/2008,N/A,29/12/2022,2022年12月29日发布GB 21518-2022替代GB 21518-2008，扩大适用范围（6A~630A），提高各级能效指标,生效,国家市场监督管理总局；国家标准化管理委员会,交流接触器,新建,额定频率50Hz、主电路额定工作电压1000V及以下、额定工作电流6A~630A、使用类别AC-3的三极机电式直动式整体式交流接触器。不适用于外加节电装置、家用接触器及半导体接触器（固态接触器）。,N/A,N/A,企业,在中国境内生产、进口或销售交流接触器产品的生产企业和进口商。,生产；销售；进口,交流接触器产品的生产、进口和销售活动。产品须达到标准规定的能效限定值（3级）方可进入市场。,3级,能效等级,"交流接触器能效等级分为3级（1级最高），3级为能效限定值即市场准入最低要求。吸持功率（VA）按额定工作电流分级：6A~12A: 1级≤2.5W, 3级（限定值）≤4.0W；>12A~32A: 1级≤3.5W, 3级≤6.0W；>32A~100A: 1级≤6.0W, 3级≤11.0W；>100A~630A: 1级≤14.0W, 3级≤28.0W。",1）交流接触器须达到标准规定的能效限定值（3级）方可生产、进口或销售；2）产品须标注能效等级标识；3）能效等级分为1级（最高）、2级、3级，3级为市场准入最低要求。,N/A,N/A,政府机构开展的监督检查,市场监督管理部门对交流接触器产品进行能效标识监督检查和产品质量监督抽查。,合规命令；罚款,对生产、进口、销售不符合强制性能效标准的交流接触器产品的，由市场监督管理部门责令停止生产、进口、销售，没收违法所得，并处罚款；情节严重的，吊销营业执照。,其他激励或支持,国家鼓励生产和使用1级、2级高效交流接触器；通过节能产品认证引导高效低压电器市场推广。,N/A,N/A,C27,CO2,正向,低压电器能效提升；工业配电损耗减少；高效低压电器产业升级,GB 21518-2022 交流接触器能效限定值及能效等级,https://openstd.samr.gov.cn/bzgk/std/newGbInfo?hcno=2E80B4EFF3711392207A4185EB7B7911,N/A
CHNPRFMEAI02S000,工具,绩效标准,电器最低能源绩效标准（MEPS）,工业,电力输配；新能源发电,电力变压器能效限定值及能效等级,Minimum Allowable Values of Energy Efficiency and Energy Efficiency Grades for Power Transformers,N/A,GB 20052-2024《电力变压器能效限定值及能效等级》是强制性国家标准，于2024年4月29日发布，2025年2月1日实施，替代GB 20052-2020。适用于三相10kV电压等级、无励磁调压、额定频率50Hz、额定容量30kVA~2500kVA的油浸式配电变压器和干式配电变压器；35kV~500kV电压等级、额定容量3150kVA及以上的油浸式电力变压器；以及6kV~35kV/66kV电压等级的新能源发电侧（光伏、风电、储能）用变压器。不适用于充气式变压器、塔筒变压器、机舱变压器。能效等级分为3级（1级最高），3级为能效限定值即强制市场准入门槛。,提高电力变压器能效；减少输配电网损耗,直接,供给侧,中国,国家,N/A,01/06/2021,01/06/2021,N/A,29/04/2024,2024年4月29日发布GB 20052-2024替代GB 20052-2020，扩展适用范围至新能源发电侧变压器，提高各级能效指标,生效,国家市场监督管理总局；国家标准化管理委员会,电力变压器,新建,三相10kV电压等级、无励磁调压、额定频率50Hz、额定容量30kVA~2500kVA的油浸式配电变压器和干式配电变压器；35kV~500kV电压等级、额定容量3150kVA及以上的油浸式电力变压器；6kV~35kV/66kV电压等级的新能源发电侧（光伏、风电、储能）用变压器。不适用于充气式变压器、塔筒变压器、机舱变压器。,N/A,N/A,企业,在中国境内生产、进口或销售电力变压器产品的生产企业和进口商。,生产；销售；进口,电力变压器产品的生产、进口和销售活动。产品须达到标准规定的能效限定值方可进入市场。,3级,能效等级,电力变压器能效等级分为3级（1级最高，3级为限定值）。以油浸式配电变压器（30kVA~2500kVA）为例，3级空载损耗限值为30W~550W（按容量递增），负载损耗限值为550W~17300W。干式配电变压器和电力变压器各有对应的损耗限定值表。新能源发电侧变压器采用独立的能效评价体系。,1）电力变压器须达到标准规定的能效限定值（3级）方可生产、进口或销售；2）产品须标注能效等级标识；3）能效等级分为1级、2级、3级，3级为市场准入最低要求。,N/A,N/A,政府机构开展的监督检查,市场监督管理部门对电力变压器产品进行能效标识监督检查和产品质量监督抽查。国家发展改革委、工业和信息化部对电网企业采购变压器能效水平进行监督检查。,合规命令；罚款,对生产、进口、销售不符合强制性能效标准的电力变压器产品的，由市场监督管理部门责令停止生产、进口、销售，没收违法所得，并处罚款；情节严重的，吊销营业执照。,其他激励或支持,国家通过《变压器能效提升计划（2021-2023年）》等政策，要求在运变压器逐步替换为高效变压器；鼓励电网企业优先采购1级、2级高效变压器。,N/A,N/A,C27; D35,CO2,正向,输配电网损耗降低；新能源发电效率提升；高效变压器产业升级,GB 20052-2024 电力变压器能效限定值及能效等级,https://openstd.samr.gov.cn/bzgk/std/newGbInfo?hcno=B0CE4A3FBCC4501211A25E3E10F75498,N/A
CHNPRFMEAI03S000,工具,绩效标准,电器最低能源绩效标准（MEPS）,工业,信息通信技术；数据中心,塔式和机架式服务器能效限定值及能效等级,Minimum Allowable Values of Energy Efficiency and Energy Efficiency Grades for Tower and Rack Servers,N/A,GB 43630-2023《塔式和机架式服务器能效限定值及能效等级》是强制性国家标准，于2023年12月28日发布，2025年1月1日实施。适用于1路和2路普通用途的塔式和机架式服务器。不适用于仅配有辅助处理加速器的服务器。能效等级分为3级（1级最高），3级为能效限定值即强制市场准入门槛。,提高服务器能效；减少数据中心和信息基础设施能耗,直接,供给侧,中国,国家,N/A,28/12/2023,01/01/2025,N/A,N/A,N/A,生效,国家市场监督管理总局；国家标准化管理委员会,塔式和机架式服务器,新建,1路和2路普通用途的塔式和机架式服务器。不适用于仅配有辅助处理加速器的服务器。,N/A,N/A,企业,在中国境内生产、进口或销售服务器产品的生产企业和进口商。,生产；销售；进口,服务器产品的生产、进口和销售活动。产品须达到标准规定的能效限定值方可进入市场。,3级,能效等级,服务器能效等级分为3级（1级最高），3级为能效限定值即市场准入最低要求。评价指标综合考虑服务器在空闲状态和满载状态下的功耗，以及服务器能效指数（SEE）。,1）塔式和机架式服务器须达到标准规定的能效限定值（3级）方可生产、进口或销售；2）产品须标注能效等级标识；3）能效等级分为1级、2级、3级，3级为市场准入最低要求。,N/A,N/A,政府机构开展的监督检查,市场监督管理部门对服务器产品进行能效标识监督检查和产品质量监督抽查。,合规命令；罚款,对生产、进口、销售不符合强制性能效标准的服务器产品的，由市场监督管理部门责令停止生产、进口、销售，没收违法所得，并处罚款；情节严重的，吊销营业执照。,其他激励或支持,国家鼓励采购和使用1级、2级高效服务器；通过绿色数据中心建设、政府绿色采购等措施引导高效IT设备市场推广。,N/A,N/A,C26; J63,CO2,正向,数据中心能效提升；IT设备节能技术进步；绿色算力基础设施发展,GB 43630-2023 塔式和机架式服务器能效限定值及能效等级,https://openstd.samr.gov.cn/bzgk/gb/newGbInfo?hcno=0CBABD8219F6CFB2F54A520081119867,N/A
CHNPRFMEAI04S000,工具,绩效标准,电器最低能源绩效标准（MEPS）,工业,电子设备；信息通信技术,显示器能效限定值及能效等级,Minimum Allowable Values of Energy Efficiency and Energy Efficiency Grades for Displays,N/A,GB 21520-2023《显示器能效限定值及能效等级》是强制性国家标准，于2023年5月23日发布，2024年6月1日实施，替代GB 21520-2015。适用于屏幕对角线尺寸≥40cm，以交流或直流方式供电，以液晶（LCD）和有机发光二极管（OLED）为显示方式的平面和曲面显示器，以及以LED为显示方式、像素间距0.30~2.60mm、亮度≤3000cd/m²的LED一体化显示终端。不适用于专业监视器、双屏显示器、医疗/工业/VR/AR等专业显示产品。能效等级分为3级（1级最高），3级为能效限定值即强制市场准入门槛。,提高显示器能效；减少电子设备用电,直接,供给侧,中国,国家,N/A,29/06/2015,01/06/2016,N/A,23/05/2023,2023年5月23日发布GB 21520-2023替代GB 21520-2015，扩展适用范围至OLED和LED一体化显示终端，提高各级能效指标,生效,国家市场监督管理总局；国家标准化管理委员会,显示器,新建,屏幕对角线尺寸≥40cm，以交流或直流方式供电，以LCD和OLED为显示方式的平面和曲面显示器；以LED为显示方式、像素间距0.30~2.60mm、亮度≤3000cd/m²的LED一体化显示终端。不适用于专业监视器、双屏显示器、医疗/工业/VR/AR等专业显示产品及仅支持电池供电的显示器。,N/A,N/A,企业,在中国境内生产、进口或销售显示器产品的生产企业和进口商。,生产；销售；进口,显示器产品的生产、进口和销售活动。产品须达到标准规定的能效限定值方可进入市场。,3级,能效等级,显示器能效等级分为3级（1级最高），3级为能效限定值即市场准入最低要求。以LCD显示器为例，关闭状态功率限值≤0.30W（3级），睡眠状态功率限值≤0.50W（3级），开机功率限值按屏幕面积计算。OLED和LED显示终端有对应的能效评价指标。,1）显示器须达到标准规定的能效限定值（3级）方可生产、进口或销售；2）产品须标注能效等级标识；3）能效等级分为1级、2级、3级，3级为市场准入最低要求。,N/A,N/A,政府机构开展的监督检查,市场监督管理部门对显示器产品进行能效标识监督检查和产品质量监督抽查。,合规命令；罚款,对生产、进口、销售不符合强制性能效标准的显示器产品的，由市场监督管理部门责令停止生产、进口、销售，没收违法所得，并处罚款。,其他激励或支持,国家鼓励生产和使用1级、2级高效显示器；通过节能产品认证、政府绿色采购等措施引导市场推广。,N/A,N/A,C26,CO2,正向,电子设备能效提升；办公和生活用电减少；高效显示产业升级,GB 21520-2023 显示器能效限定值及能效等级,https://openstd.samr.gov.cn/bzgk/std/newGbInfo?hcno=062F417801C532C4338A5CD387C18F06,N/A
CHNPRFMEAI05S000,工具,绩效标准,电器最低能源绩效标准（MEPS）,工业,家用电器,空气净化器能效限定值及能效等级,Minimum Allowable Values of Energy Efficiency and Energy Efficiency Grades for Air Cleaners,N/A,GB 36893-2024《空气净化器能效限定值及能效等级》是强制性国家标准，于2024年9月29日发布，2025年10月1日实施，替代GB 36893-2018。适用范围较旧版显著扩大，覆盖具有去除颗粒物和气态污染物功能的空气净化器，以及具有独立空气净化功能的加湿净化器和净化风扇。能效等级分为3级（1级最高），3级为能效限定值即强制市场准入门槛。,提高空气净化器能效；减少居民生活用电,直接,供给侧,中国,国家,N/A,19/11/2018,01/12/2019,N/A,29/09/2024,2024年9月29日发布GB 36893-2024替代GB 36893-2018，扩大适用范围至气态污染物净化、加湿净化器和净化风扇，提高各级能效指标,生效,国家市场监督管理总局；国家标准化管理委员会,空气净化器,新建,单相额定电压大于5V且不超过250V、其他额定电压不超过480V，具有去除颗粒物和/或气态污染物功能的空气净化器，以及具有独立空气净化功能的加湿净化器和净化风扇。,N/A,N/A,企业,在中国境内生产、进口或销售空气净化器产品的生产企业和进口商。,生产；销售；进口,空气净化器产品的生产、进口和销售活动。产品须达到标准规定的能效限定值方可进入市场。,3级,能效等级,空气净化器能效等级分为3级（1级最高），3级为能效限定值即市场准入最低要求。评价指标包括能效比（CADR/输入功率）、待机功率等。颗粒物能效比≥2.0（3级），气态污染物能效比≥0.5（3级）。,1）空气净化器须达到标准规定的能效限定值（3级）方可生产、进口或销售；2）产品须标注能效等级标识；3）能效等级分为1级、2级、3级，3级为市场准入最低要求。,N/A,N/A,政府机构开展的监督检查,市场监督管理部门对空气净化器产品进行能效标识监督检查和产品质量监督抽查。,合规命令；罚款,对生产、进口、销售不符合强制性能效标准的空气净化器产品的，由市场监督管理部门责令停止生产、进口、销售，没收违法所得，并处罚款。,其他激励或支持,国家鼓励生产和使用1级、2级高效空气净化器；通过节能产品认证等措施引导市场推广。,N/A,N/A,C27,CO2,正向,家用电器能效提升；居民用电减少；高效净化和通风产品产业升级,GB 36893-2024 空气净化器能效限定值及能效等级,https://openstd.samr.gov.cn/bzgk/std/newGbInfo?hcno=4BA93C92616062B1F73D34BBEB2E0233,N/A
CHNPRFMEAI06S000,工具,绩效标准,电器最低能源绩效标准（MEPS）,工业,工业泵；给排水,潜水电泵能效限定值及能效等级,Minimum Allowable Values of Energy Efficiency and Energy Efficiency Grades for Submersible Motor-Pumps,N/A,GB 32030-2022《潜水电泵能效限定值及能效等级》是强制性国家标准，于2022年12月29日发布，2024年1月1日实施，整合替代GB 32029-2015（小型潜水电泵）、GB 32030-2015（井用潜水电泵）、GB 32031-2015（污水污物潜水电泵）。统一规定了小型潜水电泵、大中型潜水电泵、污水污物潜水电泵、井用潜水电泵和混流潜水电泵的能效等级、能效限定值和试验方法。能效等级分为3级（1级最高），3级为能效限定值即强制市场准入门槛。,提高泵类产品能效；减少工业给排水领域用电,直接,供给侧,中国,国家,N/A,29/12/2022,01/01/2024,N/A,N/A,N/A,生效,国家市场监督管理总局；国家标准化管理委员会,潜水电泵,新建,小型潜水电泵、大中型潜水电泵、污水污物潜水电泵、井用潜水电泵和混流潜水电泵。涵盖农业灌溉、城市给排水、工业用水、污水处理等领域使用的各类潜水电泵。,N/A,N/A,企业,在中国境内生产、进口或销售潜水电泵产品的生产企业和进口商。,生产；销售；进口,潜水电泵产品的生产、进口和销售活动。产品须达到标准规定的能效限定值方可进入市场。,3级,能效等级,潜水电泵能效等级分为3级（1级最高），3级为能效限定值即市场准入最低要求。效率限定值（3级）按泵型和比转速分级，例如小型潜水电泵3级效率为55%~72%（因流量和比转速而异）。,1）潜水电泵须达到标准规定的能效限定值（3级）方可生产、进口或销售；2）产品须标注能效等级标识；3）能效等级分为1级、2级、3级，3级为市场准入最低要求。,N/A,N/A,政府机构开展的监督检查,市场监督管理部门对潜水电泵产品进行能效标识监督检查和产品质量监督抽查。,合规命令；罚款,对生产、进口、销售不符合强制性能效标准的潜水电泵产品的，由市场监督管理部门责令停止生产、进口、销售，没收违法所得，并处罚款。,其他激励或支持,国家鼓励生产和使用1级、2级高效潜水电泵；通过节能产品认证、政府绿色采购等措施引导市场推广。,N/A,N/A,C28,CO2,正向,工业泵能效提升；农业和城市给排水系统节能；高效泵产业升级,GB 32030-2022 潜水电泵能效限定值及能效等级,https://openstd.samr.gov.cn/bzgk/std/newGbInfo?hcno=A169A5996E7443A3CF22F1BF58A151C9,N/A
CHNPRFMEAI07S000,工具,绩效标准,电器最低能源绩效标准（MEPS）,工业,家用电器,电风扇能效限定值及能效等级,Minimum Allowable Values of Energy Efficiency and Energy Efficiency Grades for Electric Fans,N/A,GB 12021.9-2021《电风扇能效限定值及能效等级》是强制性国家标准，于2021年10月11日发布，2022年11月1日实施，替代GB 12021.9-2008。适用于单相额定电压不超过250V、其他额定电压不超过480V，由交流或直流电动机驱动的台扇、转页扇、壁扇、台地扇、落地扇和吊扇。较2008版新增直流电机驱动风扇和聚风型风扇定义及判定方法，新增待机功率要求，各级能效指标大幅提高。能效等级分为3级（1级最高），3级为能效限定值即强制市场准入门槛。,提高电风扇能效；减少居民生活用电,直接,供给侧,中国,国家,N/A,01/03/2009,01/03/2010,N/A,11/10/2021,2021年10月11日发布GB 12021.9-2021替代GB 12021.9-2008，新增直流电机风扇和聚风型风扇，新增待机功率要求，1级能效指标提升幅度达30.9%~80.6%,生效,国家市场监督管理总局；国家标准化管理委员会,电风扇,新建,单相额定电压不超过250V、其他额定电压不超过480V，由交流或直流电动机驱动的台扇、转页扇、壁扇、台地扇、落地扇和吊扇。,N/A,N/A,企业,在中国境内生产、进口或销售电风扇产品的生产企业和进口商。,生产；销售；进口,电风扇产品的生产、进口和销售活动。产品须达到标准规定的能效限定值方可进入市场。,3级,能效等级,电风扇能效等级分为3级（1级最高），3级为能效限定值即市场准入最低要求。能效评价指标为能效值（m³/(min·W)），按风扇类型（台扇/壁扇/落地扇/吊扇等）、扇叶规格和驱动方式（交流/直流）分级量化。较2008版，1级能效值提升30.9%~80.6%，新增待机功率≤0.5W要求。,1）电风扇须达到标准规定的能效限定值（3级）方可生产、进口或销售；2）产品须标注能效等级标识；3）能效等级分为1级、2级、3级，3级为市场准入最低要求。,N/A,N/A,政府机构开展的监督检查,市场监督管理部门对电风扇产品进行能效标识监督检查和产品质量监督抽查。,合规命令；罚款,对生产、进口、销售不符合强制性能效标准的电风扇产品的，由市场监督管理部门责令停止生产、进口、销售，没收违法所得，并处罚款。,其他激励或支持,国家鼓励生产和使用1级、2级高效电风扇；通过节能产品认证、政府绿色采购等措施引导市场推广。,N/A,N/A,C27,CO2,正向,家用电器能效提升；居民用电减少；高效电风扇产业升级,GB 12021.9-2021 电风扇能效限定值及能效等级,https://openstd.samr.gov.cn/bzgk/std/newGbInfo?hcno=91AD3442EF85B846C4DB9879198D200E,N/A
CHNPRFMEAI08S000,工具,绩效标准,电器最低能源绩效标准（MEPS）,工业,电子设备；消费电子,平板电视与机顶盒能效限定值及能效等级,Minimum Allowable Values of Energy Efficiency and Energy Efficiency Grades for Flat Panel Televisions and Set-Top Boxes,N/A,GB 24850-2020《平板电视与机顶盒能效限定值及能效等级》是强制性国家标准，于2020年7月23日发布，2021年8月1日实施，合并替代GB 24850-2013（平板电视）和GB 25957-2010（机顶盒）。适用于液晶电视、OLED电视以及有线、地面、卫星和网络机顶盒，不适用于直播卫星机顶盒。能效等级分为5级（1级最高），新增8K电视能效要求，提高了4K及以下平板电视和机顶盒的能效要求。,提高电视和机顶盒能效；减少消费电子用电,直接,供给侧,中国,国家,N/A,23/07/2020,01/08/2021,N/A,N/A,N/A,生效,国家市场监督管理总局；国家标准化管理委员会,平板电视与机顶盒,新建,液晶电视、OLED电视；有线、地面、卫星和网络机顶盒。不适用于直播卫星机顶盒。,N/A,N/A,企业,在中国境内生产、进口或销售平板电视和机顶盒产品的生产企业和进口商。,生产；销售；进口,平板电视和机顶盒产品的生产、进口和销售活动。产品须达到标准规定的能效限定值方可进入市场。,5级,能效等级,平板电视与机顶盒能效等级分为5级（1级最高），5级中的某一级为能效限定值。平板电视能效指数（EEI）评价，综合考虑开机功率、待机功率和屏幕面积。机顶盒按类型（有线/地面/卫星/网络）分别设定能效限定值。新增8K电视能效要求，提高了4K及以下电视能效门槛。,1）平板电视和机顶盒须达到标准规定的能效限定值方可生产、进口或销售；2）产品须标注能效等级标识；3）能效等级分为1~5级，能效限定值为市场准入最低要求。,N/A,N/A,政府机构开展的监督检查,市场监督管理部门对平板电视和机顶盒产品进行能效标识监督检查和产品质量监督抽查。,合规命令；罚款,对生产、进口、销售不符合强制性能效标准的平板电视和机顶盒产品的，由市场监督管理部门责令停止生产、进口、销售，没收违法所得，并处罚款。,其他激励或支持,国家鼓励生产和使用1级、2级高效电视和机顶盒；通过节能产品认证等措施引导高效消费电子市场推广。,N/A,N/A,C26,CO2,正向,消费电子能效提升；居民用电减少；高效显示产业升级,GB 24850-2020 平板电视与机顶盒能效限定值及能效等级,https://openstd.samr.gov.cn/bzgk/gb/newGbInfo?hcno=C372F09A3155C3B9967182CAD49415BA,N/A
CHNPRFMEAI09S000,工具,绩效标准,电器最低能源绩效标准（MEPS）,工业,工业风机；暖通空调,通风机能效限定值及能效等级,Minimum Allowable Values of Energy Efficiency and Energy Efficiency Grades for Fans,N/A,GB 19761-2020《通风机能效限定值及能效等级》是强制性国家标准，于2020年5月29日发布，2021年6月1日实施，替代GB 19761-2009。适用于一般用途离心通风机、一般用途轴流通风机、工业锅炉用离心引风机、电站锅炉离心式通风机、电站轴流式通风机、暖通空调用离心通风机、前向多翼离心通风机。不适用于空调用管道型通风机、箱型通风机、无蜗壳离心式通风机等。能效等级分为3级（1级最高），3级为能效限定值即强制市场准入门槛。,提高通风机能效；减少工业通风和暖通空调领域用电,直接,供给侧,中国,国家,N/A,29/05/2020,01/06/2021,N/A,N/A,N/A,生效,国家市场监督管理总局；国家标准化管理委员会,通风机,新建,一般用途离心通风机、一般用途轴流通风机、工业锅炉用离心引风机、电站锅炉离心式通风机、电站轴流式通风机、暖通空调用离心通风机、前向多翼离心通风机。不适用于空调用管道型通风机、箱型通风机、无蜗壳离心式通风机及其他特殊结构通风机。,N/A,N/A,企业,在中国境内生产、进口或销售通风机产品的生产企业和进口商。,生产；销售；进口,通风机产品的生产、进口和销售活动。产品须达到标准规定的能效限定值方可进入市场。,3级,能效等级,通风机能效等级分为3级（1级最高），3级为能效限定值即市场准入最低要求。评价指标为通风机效率（%），按风机类型（离心/轴流）、机号（叶轮直径）和比转速分级量化。不同机号的通风机有对应的效率限定值。,1）通风机须达到标准规定的能效限定值（3级）方可生产、进口或销售；2）产品须标注能效等级标识；3）能效等级分为1级、2级、3级，3级为市场准入最低要求。,N/A,N/A,政府机构开展的监督检查,市场监督管理部门对通风机产品进行能效标识监督检查和产品质量监督抽查。,合规命令；罚款,对生产、进口、销售不符合强制性能效标准的通风机产品的，由市场监督管理部门责令停止生产、进口、销售，没收违法所得，并处罚款。,其他激励或支持,国家鼓励生产和使用1级、2级高效通风机；通过节能产品认证等措施引导高效风机市场推广。,N/A,N/A,C28,CO2,正向,工业通风系统节能；暖通空调系统能效提升；高效风机产业升级,GB 19761-2020 通风机能效限定值及能效等级,https://openstd.samr.gov.cn/bzgk/std/newGbInfo?hcno=5C781533AE5B55C239B50AE737E1B9A6,N/A
CHNPRFMEAI10S000,工具,绩效标准,电器最低能源绩效标准（MEPS）,工业,工业压缩机；通用机械,容积式空气压缩机能效限定值及能效等级,Minimum Allowable Values of Energy Efficiency and Energy Efficiency Grades for Displacement Air Compressors,N/A,GB 19153-2019《容积式空气压缩机能效限定值及能效等级》是强制性国家标准，于2019年12月31日发布，2020年7月1日实施，替代GB 19153-2009。适用于一般用喷油回转空气压缩机、一般用变转速喷油回转空气压缩机、一般用往复活塞空气压缩机、全无油润滑往复活塞空气压缩机、直联便携式往复活塞空气压缩机。能效等级分为3级（1级最高），3级为能效限定值即强制市场准入门槛。,提高空气压缩机能效；减少工业压缩空气系统用电,直接,供给侧,中国,国家,N/A,31/12/2019,01/07/2020,N/A,N/A,N/A,生效,国家市场监督管理总局；国家标准化管理委员会,容积式空气压缩机,新建,一般用喷油回转空气压缩机（驱动电动机功率1.5kW~630kW，排气压力0.25MPa~1.4MPa）；一般用变转速喷油回转空气压缩机（2.2kW~315kW）；一般用往复活塞空气压缩机（0.75kW~75kW）；全无油润滑往复活塞空气压缩机（0.55kW~22kW）；直联便携式往复活塞空气压缩机。,N/A,N/A,企业,在中国境内生产、进口或销售容积式空气压缩机产品的生产企业和进口商。,生产；销售；进口,容积式空气压缩机产品的生产、进口和销售活动。产品须达到标准规定的能效限定值方可进入市场。,3级,能效等级,容积式空气压缩机能效等级分为3级（1级最高），3级为能效限定值即市场准入最低要求。评价指标为机组输入比功率（kW/(m³/min)），按压缩机类型、驱动功率、排气压力分级量化。例如，一般用喷油回转空压机（7.5kW级、0.7MPa）3级输入比功率≤9.4kW/(m³/min)。,1）容积式空气压缩机须达到标准规定的能效限定值（3级）方可生产、进口或销售；2）产品须标注能效等级标识；3）能效等级分为1级、2级、3级，3级为市场准入最低要求。,N/A,N/A,政府机构开展的监督检查,市场监督管理部门对空气压缩机产品进行能效标识监督检查和产品质量监督抽查。,合规命令；罚款,对生产、进口、销售不符合强制性能效标准的空气压缩机产品的，由市场监督管理部门责令停止生产、进口、销售，没收违法所得，并处罚款。,其他激励或支持,国家鼓励生产和使用1级、2级高效空气压缩机；通过节能产品认证、政府绿色采购等措施引导市场推广。,N/A,N/A,C28,CO2,正向,工业压缩空气系统节能；通用机械能效提升；高效压缩机产业升级,GB 19153-2019 容积式空气压缩机能效限定值及能效等级,https://openstd.samr.gov.cn/bzgk/std/newGbInfo?hcno=B4CBDEB1530F5C89F3D78E6CB7921FED,N/A
CHNPRFMEAI11S000,工具,绩效标准,电器最低能源绩效标准（MEPS）,工业,工业焊接设备,电焊机能效限定值及能效等级,Minimum Allowable Values of Energy Efficiency and Energy Efficiency Grades for Welding Machines,N/A,"GB 28736-2019《电焊机能效限定值及能效等级》是强制性国家标准，于2019年12月31日发布，2020年7月1日实施，替代GB 28736-2012。2019版将标准名称从""电弧焊机""扩展为""电焊机""，适用范围从仅涵盖电弧焊机扩展为同时涵盖电弧焊机和电阻焊机。适用于为工业和专业用途而设计的电弧焊机和电阻焊机（与机架/输入回路/二次回路实现最终安装的电阻焊变压器）。能效等级分为3级（1级最高），3级为能效限定值即强制市场准入门槛。",提高电焊机能效；减少工业焊接领域用电,直接,供给侧,中国,国家,N/A,31/12/2019,01/07/2020,N/A,N/A,N/A,生效,国家市场监督管理总局；国家标准化管理委员会,电焊机,新建,工业和专业用途的电弧焊机和电阻焊机（与机架、输入回路和二次回路实现最终安装的电阻焊变压器）。不适用于交流TIG电弧焊机、交直流两用TIG电弧焊机、工频次级整流电阻焊机、缝焊机、电阻对焊机、闪光对焊机、储能电阻焊机、逆变式交流电阻焊机、单独出售的电阻焊变压器。,N/A,N/A,企业,在中国境内生产、进口或销售电焊机产品的生产企业和进口商。,生产；销售；进口,电焊机产品的生产、进口和销售活动。产品须达到标准规定的能效限定值方可进入市场。,3级,能效等级,电焊机能效等级分为3级（1级最高），3级为能效限定值即市场准入最低要求。评价指标为电焊机效率（%），按焊接方法（手工电弧焊/MIG-MAG/TIG等）、额定焊接电流分级量化。,1）电焊机须达到标准规定的能效限定值（3级）方可生产、进口或销售；2）产品须标注能效等级标识；3）能效等级分为1级、2级、3级，3级为市场准入最低要求。,N/A,N/A,政府机构开展的监督检查,市场监督管理部门对电焊机产品进行能效标识监督检查和产品质量监督抽查。,合规命令；罚款,对生产、进口、销售不符合强制性能效标准的电焊机产品的，由市场监督管理部门责令停止生产、进口、销售，没收违法所得，并处罚款。,其他激励或支持,国家鼓励生产和使用1级、2级高效电焊机；通过节能产品认证等措施引导高效焊接设备市场推广。,N/A,N/A,C28,CO2,正向,工业焊接能效提升；制造业用电减少；高效焊接设备产业升级,GB 28736-2019 电焊机能效限定值及能效等级,https://openstd.samr.gov.cn/bzgk/std/newGbInfo?hcno=281E572A00FA151D3AFBAF48CBDBDDBE,N/A
CHNPRFMEAI12S000,工具,绩效标准,电器最低能源绩效标准（MEPS）,工业,卫浴电器,智能坐便器能效水效限定值及等级,Minimum Allowable Values and Grades of the Energy Efficiency and Water Efficiency for Smart Toilets,N/A,GB 38448-2025《智能坐便器能效水效限定值及等级》是强制性国家标准，于2025年8月1日发布，2027年4月1日实施，替代GB 38448-2019。首次将简易型智能坐便器纳入监管范围。普通型含坐圈加热功能产品能效限定值从0.06kW·h收严至0.048kW·h（减少20%），清洗平均用水量从0.7L收严至0.6L（减少14%）。能效水效等级分为3级（1级最高），3级为限定值即强制市场准入门槛。,提高智能坐便器能效水效；减少居民生活用水用电,直接,供给侧,中国,国家,N/A,01/11/2019,01/07/2020,N/A,01/08/2025,2025年8月1日发布GB 38448-2025替代GB 38448-2019，首次纳入简易型智能坐便器，能效限定值收严20%，水效限定值收严14%,生效,国家市场监督管理总局；国家标准化管理委员会,智能坐便器,新建,智能坐便器（含普通型和简易型），包括有/无温水清洗功能的产品。涵盖座圈加热、温水清洗、暖风干燥等功能。,N/A,N/A,企业,在中国境内生产、进口或销售智能坐便器产品的生产企业和进口商。,生产；销售；进口,智能坐便器产品的生产、进口和销售活动。产品须达到标准规定的能效水效限定值方可进入市场。,3级,能效水效等级,智能坐便器能效水效等级分为3级（1级最高），3级为限定值即强制市场准入门槛。普通型含坐圈加热功能：3级单位周期能耗≤0.048kW·h（2025版）。清洗平均用水量：3级≤0.6L。评价指标包括单位周期能耗、清洗/冲洗用水量、水封、座圈加热功率、待机功率等。,1）智能坐便器须达到标准规定的能效水效限定值（3级）方可生产、进口或销售；2）产品须标注能效水效等级标识；3）等级分为1级、2级、3级，3级为市场准入最低要求。,N/A,N/A,政府机构开展的监督检查,市场监督管理部门对智能坐便器产品进行能效水效标识监督检查和产品质量监督抽查。,合规命令；罚款,对生产、进口、销售不符合强制性能效水效标准的智能坐便器产品的，由市场监督管理部门责令停止生产、进口、销售，没收违法所得，并处罚款。,其他激励或支持,国家鼓励生产和使用1级、2级高效节水智能坐便器；通过节能节水产品认证等措施引导市场推广。,N/A,N/A,C27,CO2,正向,卫浴电器能效水效提升；居民用水用电减少；高效卫浴产业升级,GB 38448-2025 智能坐便器能效水效限定值及等级,https://openstd.samr.gov.cn/bzgk/std/newGbInfo?hcno=C480041B00069A4461473136914D4057,N/A
CHNPRFMEAI13S000,工具,绩效标准,电器最低能源绩效标准（MEPS）,工业,家用电器,洗碗机能效水效限定值及等级,Minimum Allowable Values and Grades of the Energy Efficiency and Water Efficiency for Dishwashers,N/A,GB 38383-2025《洗碗机能效水效限定值及等级》是强制性国家标准，于2025年8月1日发布，2027年4月1日实施，替代GB 38383-2019。适用于使用热水和/或冷水的家用和类似用途电动洗碗机。新版标准首次将噪声纳入等级评定体系，明确干燥指数和清洁指数要求。以16套餐具洗碗机为例，1级耗水量约10.1升（较旧版减少约20%），1级耗电量约0.56千瓦时（较旧版减少约36%），主要技术指标与欧盟先进水平基本接轨。能效水效等级分为3级（1级最高），3级为限定值即强制市场准入门槛。,提高洗碗机能效水效；减少居民生活用水用电,直接,供给侧,中国,国家,N/A,17/12/2019,01/01/2021,N/A,01/08/2025,2025年8月1日发布GB 38383-2025替代GB 38383-2019，新增噪声指标，1级耗电量减少约36%，1级耗水量减少约20%，对标欧盟先进水平,生效,国家市场监督管理总局；国家标准化管理委员会,洗碗机,新建,使用热水和/或冷水的家用和类似用途电动洗碗机，包括嵌入式、独立式、台式等不同安装类型，含带烘干、消毒功能的产品。不适用于商用洗碗机。,N/A,N/A,企业,在中国境内生产、进口或销售洗碗机产品的生产企业和进口商。,生产；销售；进口,洗碗机产品的生产、进口和销售活动。产品须达到标准规定的能效水效限定值方可进入市场。,3级,能效水效等级,洗碗机能效水效等级分为3级（1级最高），3级为限定值即强制市场准入门槛。以16套餐具洗碗机为例：1级耗电量约0.56kW·h，耗水量约10.1L；3级耗电量和耗水量限值更高。评价指标包括能效指数、水效指数、干燥指数、清洁指数和噪声。,1）洗碗机须达到标准规定的能效水效限定值（3级）方可生产、进口或销售；2）产品须标注能效水效等级标识；3）等级分为1级、2级、3级，3级为市场准入最低要求。,N/A,N/A,政府机构开展的监督检查,市场监督管理部门对洗碗机产品进行能效水效标识监督检查和产品质量监督抽查。,合规命令；罚款,对生产、进口、销售不符合强制性能效水效标准的洗碗机产品的，由市场监督管理部门责令停止生产、进口、销售，没收违法所得，并处罚款。,其他激励或支持,国家鼓励生产和使用1级、2级高效节水洗碗机；通过节能节水产品认证等措施引导市场推广。,N/A,N/A,C27,CO2,正向,家用电器能效水效提升；居民用水用电减少；高效洗碗机产业升级,GB 38383-2025 洗碗机能效水效限定值及等级,https://openstd.samr.gov.cn/bzgk/std/newGbInfo?hcno=07F29FB5DBEDB7C37FBE5AA2F9D31ED0,N/A
CHNPRFMEAI14S000,工具,绩效标准,电器最低能源绩效标准（MEPS）,工业,家用电器,家用电冰箱耗电量限定值及能效等级,Minimum Allowable Values of Energy Consumption and Energy Efficiency Grades for Household Refrigerators,N/A,GB 12021.2-2025《家用电冰箱耗电量限定值及能效等级》是强制性国家标准，于2025年5月30日发布，2026年6月1日实施，替代GB 12021.2-2015（第5次修订）。扩大适用范围至容积≤60L的半导体制冷器具。显著提升各能效等级指标及耗电量限定值，1级能效指标达到国际领先水平。新增容积利用率要求和智能电网响应要求。以500L对开门冰箱为例，1级能效综合耗电从约0.92度/天降至约0.55度/天（下降约40%），有效实施后每年可带来约130亿度电的节能效益。能效等级为5级（1级最高），5级中的某一级为能效限定值。,提高电冰箱能效；减少居民生活用电,直接,供给侧,中国,国家,N/A,01/10/2016,01/10/2016,N/A,30/05/2025,2025年5月30日发布GB 12021.2-2025替代GB 12021.2-2015，第5次修订，扩大至半导体制冷器具，新增容积利用率和智能电网响应要求，1级能效达到国际领先水平,生效,国家市场监督管理总局；国家标准化管理委员会,家用电冰箱,新建,电机驱动压缩式家用电冰箱（含冷藏箱、冷冻箱、冷藏冷冻箱等），以及容积≤60L的半导体制冷器具。,N/A,N/A,企业,在中国境内生产、进口或销售家用电冰箱产品的生产企业和进口商。,生产；销售；进口,家用电冰箱产品的生产、进口和销售活动。产品须达到标准规定的耗电量限定值方可进入市场。,5级,能效等级,能效等级分为5级（1级最高），5级中的某一级为能效限定值。以500L对开门冰箱为例：1级综合耗电约0.55度/天（2025版），较旧版下降约40%。评价指标包括标准耗电量、综合耗电量、容积利用率等。新增智能电网响应功能要求。,1）电冰箱须达到标准规定的耗电量限定值方可生产、进口或销售；2）产品须标注能效等级标识；3）能效等级分为1~5级，能效限定值为市场准入最低要求。,N/A,N/A,政府机构开展的监督检查,市场监督管理部门对电冰箱产品进行能效标识监督检查和产品质量监督抽查。,合规命令；罚款,对生产、进口、销售不符合强制性能效标准的电冰箱产品的，由市场监督管理部门责令停止生产、进口、销售，没收违法所得，并处罚款。,其他激励或支持,国家鼓励生产和使用1级、2级高效电冰箱；通过节能产品认证、政府绿色采购等措施引导市场推广。,N/A,N/A,C27,CO2,正向,家用电器能效大幅提升；居民用电显著减少（年节电约130亿度）；高效制冷产业升级,GB 12021.2-2025 家用电冰箱耗电量限定值及能效等级,https://openstd.samr.gov.cn/bzgk/std/newGbInfo?hcno=9BC022A3FF2B7F7D733C3962C986DF7A,N/A
CHNPRFMEAI15S000,工具,绩效标准,电器最低能源绩效标准（MEPS）,工业,电子设备；信息通信技术,微型计算机能效限定值及能效等级,Minimum Allowable Values of Energy Efficiency and Energy Grades for Microcomputers,N/A,"GB 28380-2025《微型计算机能效限定值及能效等级》是强制性国家标准，于2025年1月24日发布，2026年2月1日实施，替代GB 28380-2012（首次修订）。更改了微型计算机的分类方式及能效等级指标，更新了典型能源消耗的计算方法和试验方法。新增""平板电脑""""长时空闲""""短时空闲""等术语定义，删除""节能评价值""。不适用于平板电脑、工作站、大功率电源（>500W）、小尺寸屏幕（<11.6英寸）等设备。能效等级分为3级（1级最高），3级为能效限定值即强制市场准入门槛。",提高微型计算机能效；减少信息设备用电,直接,供给侧,中国,国家,N/A,01/07/2012,01/02/2013,N/A,24/01/2025,2025年1月24日发布GB 28380-2025替代GB 28380-2012，首次修订，更改分类方式和能效指标，更新典型能源消耗计算方法,生效,国家市场监督管理总局；国家标准化管理委员会,微型计算机,新建,普通用途的台式微型计算机、便携式微型计算机（笔记本）等。不适用于平板电脑、工作站、大功率电源（>500W）、小尺寸屏幕（<11.6英寸）设备。,N/A,N/A,企业,在中国境内生产、进口或销售微型计算机产品的生产企业和进口商。,生产；销售；进口,微型计算机产品的生产、进口和销售活动。产品须达到标准规定的能效限定值方可进入市场。,3级,能效等级,微型计算机能效等级分为3级（1级最高），3级为能效限定值即市场准入最低要求。评价指标为典型能源消耗（TEC），综合考虑空闲、睡眠、关机等各状态功耗，按产品类型和配置分级量化。,1）微型计算机须达到标准规定的能效限定值（3级）方可生产、进口或销售；2）产品须标注能效等级标识；3）能效等级分为1级、2级、3级，3级为市场准入最低要求。,N/A,N/A,政府机构开展的监督检查,市场监督管理部门对微型计算机产品进行能效标识监督检查和产品质量监督抽查。,合规命令；罚款,对生产、进口、销售不符合强制性能效标准的微型计算机产品的，由市场监督管理部门责令停止生产、进口、销售，没收违法所得，并处罚款。,其他激励或支持,国家鼓励生产和使用1级、2级高效微型计算机；通过节能产品认证、政府绿色采购等措施引导高效IT设备市场推广。,N/A,N/A,C26,CO2,正向,信息设备能效提升；办公和生活用电减少；高效计算机产业升级,GB 28380-2025 微型计算机能效限定值及能效等级,https://openstd.samr.gov.cn/bzgk/std/newGbInfo?hcno=4DD0EF686BBB0377E2BE393D90F678AE,N/A
CHNPRFMEAI16S000,工具,绩效标准,电器最低能源绩效标准（MEPS）,工业,家用电器,电动洗衣机和洗干一体机能效水效限定值及等级,"Minimum Allowable Values of Energy Consumption, Water Consumption and Grades for Electric Washing Machines and Washer-Dryers",N/A,GB 12021.4-2026《电动洗衣机和洗干一体机能效水效限定值及等级》是强制性国家标准，于2026年3月31日发布，2027年4月1日实施，替代GB 12021.4-2013。额定容量范围上限从13kg提高到25kg，首次将洗干一体机纳入评价范围。滚筒式洗衣机某些等级单位用水量限值提升14.3%，单位耗电量限值提升3.6%。首次设定洗涤时长限值：滚筒式≤192分钟，波轮式≤96分钟。测试方法更贴近国内实际，测试负载和洗涤剂全面替换为国家标准样品。能效水效等级分为5级（1级最高），5级中的某一级为限定值。,提高洗衣机能效水效；减少居民生活用水用电,直接,供给侧,中国,国家,N/A,09/06/2013,01/10/2013,N/A,31/03/2026,2026年3月31日发布GB 12021.4-2026替代GB 12021.4-2013，首次纳入洗干一体机，容量上限扩至25kg，首设洗涤时长限值，测试方法更新,生效,国家市场监督管理总局；国家标准化管理委员会,电动洗衣机和洗干一体机,新建,家用和类似用途电动洗衣机（滚筒式和波轮式），额定洗涤容量上限25kg；洗干一体机。,N/A,N/A,企业,在中国境内生产、进口或销售电动洗衣机和洗干一体机产品的生产企业和进口商。,生产；销售；进口,电动洗衣机和洗干一体机的生产、进口和销售。产品须达到标准规定的能效水效限定值方可进入市场。,5级,能效水效等级,能效水效等级分为5级（1级最高），5级中的某一级为限定值即市场准入最低要求。评价指标包括单位耗电量（kW·h/cycle）、单位用水量（L/cycle）、洗涤时长（滚筒式≤192min，波轮式≤96min）、洗净比等。,1）电动洗衣机和洗干一体机须达到标准规定的能效水效限定值方可生产、进口或销售；2）产品须标注能效水效等级标识；3）等级分为1~5级，能效水效限定值为市场准入最低要求。,N/A,N/A,政府机构开展的监督检查,市场监督管理部门对洗衣机和洗干一体机产品进行能效水效标识监督检查和产品质量监督抽查。,合规命令；罚款,对生产、进口、销售不符合强制性能效水效标准的洗衣机和洗干一体机产品的，由市场监督管理部门责令停止生产、进口、销售，没收违法所得，并处罚款。,其他激励或支持,国家鼓励生产和使用1级、2级高效节水洗衣机；通过节能节水产品认证等措施引导市场推广。,N/A,N/A,C27,CO2,正向,家用电器能效水效提升；居民用水用电减少；高效洗衣机产业升级,GB 12021.4-2026 电动洗衣机和洗干一体机能效水效限定值及等级,https://openstd.samr.gov.cn/bzgk/std/newGbInfo?hcno=4804719D7D206D7538788BE44F54DC64,N/A
CHNPRFMEAI17S000,工具,绩效标准,电器最低能源绩效标准（MEPS）,工业,污水处理设备,污水处理用旋转曝气机能效限定值及能效等级,Minimum Allowable Values of Energy Efficiency and Energy Efficiency Grades for Rotary Aerators in Wastewater Treatment,N/A,GB 37483-2019《污水处理用旋转曝气机能效限定值及能效等级》是强制性国家标准，于2019年4月4日发布，2020年11月1日实施。适用于各种型式的氧化沟转刷曝气机、氧化沟转盘曝气机、氧化沟立式表面曝气机和氧化沟卧式表面曝气机等各类污水处理用旋转曝气机。能效等级分为3级（1级最高），3级为能效限定值即强制市场准入门槛。,提高污水处理设备能效；减少污水处理领域用电,直接,供给侧,中国,国家,N/A,04/04/2019,01/11/2020,N/A,N/A,N/A,生效,国家市场监督管理总局；国家标准化管理委员会,污水处理用旋转曝气机,新建,各种型式的氧化沟转刷曝气机、氧化沟转盘曝气机、氧化沟立式表面曝气机和氧化沟卧式表面曝气机。,N/A,N/A,企业,在中国境内生产、进口或销售污水处理用旋转曝气机产品的生产企业和进口商。,生产；销售；进口,污水处理用旋转曝气机产品的生产、进口和销售活动。产品须达到标准规定的能效限定值方可进入市场。,3级,能效等级,旋转曝气机能效等级分为3级（1级最高），3级为能效限定值即市场准入最低要求。评价指标为充氧效率（kg/(kW·h)），按曝气机类型和规格分级量化限定值。,1）污水处理用旋转曝气机须达到标准规定的能效限定值（3级）方可生产、进口或销售；2）产品须标注能效等级标识；3）能效等级分为1级、2级、3级，3级为市场准入最低要求。,N/A,N/A,政府机构开展的监督检查,市场监督管理部门对旋转曝气机产品进行能效标识监督检查和产品质量监督抽查。,合规命令；罚款,对生产、进口、销售不符合强制性能效标准的旋转曝气机产品的，由市场监督管理部门责令停止生产、进口、销售，没收违法所得，并处罚款。,其他激励或支持,国家鼓励生产和使用1级、2级高效旋转曝气机；通过节能产品认证等措施引导高效环保设备市场推广。,N/A,N/A,C28,CO2,正向,污水处理系统节能；环保设备能效提升；高效曝气设备产业升级,GB 37483-2019 污水处理用旋转曝气机能效限定值及能效等级,https://openstd.samr.gov.cn/bzgk/std/newGbInfo?hcno=F735E1D19562E996DB548E1A02251B05,N/A
CHNPRFMEAI18S000,工具,绩效标准,电器最低能源绩效标准（MEPS）,工业,污水处理设备,污水处理用潜水推流式搅拌机能效限定值及能效等级,Minimum Allowable Values of Energy Efficiency and Energy Efficiency Grades for Submersible Push-Flow Mixers in Wastewater Treatment,N/A,GB 37485-2019《污水处理用潜水推流式搅拌机能效限定值及能效等级》是强制性国家标准，于2019年4月4日发布，2020年11月1日实施。适用于污水处理厂（站）厌氧区、缺氧区、好氧区等工艺段使用的潜水推流式搅拌机。能效等级分为3级（1级最高），3级为能效限定值即强制市场准入门槛。,提高污水处理设备能效；减少污水处理领域用电,直接,供给侧,中国,国家,N/A,04/04/2019,01/11/2020,N/A,N/A,N/A,生效,国家市场监督管理总局；国家标准化管理委员会,污水处理用潜水推流式搅拌机,新建,污水处理厂（站）厌氧区、缺氧区、好氧区等工艺段使用的潜水推流式搅拌机。,N/A,N/A,企业,在中国境内生产、进口或销售污水处理用潜水推流式搅拌机产品的生产企业和进口商。,生产；销售；进口,潜水推流式搅拌机产品的生产、进口和销售活动。产品须达到标准规定的能效限定值方可进入市场。,3级,能效等级,潜水推流式搅拌机能效等级分为3级（1级最高），3级为能效限定值即市场准入最低要求。评价指标为单位输入功率的推流流量（m³/(h·W)），按搅拌机规格分级量化限定值。,1）污水处理用潜水推流式搅拌机须达到标准规定的能效限定值（3级）方可生产、进口或销售；2）产品须标注能效等级标识；3）能效等级分为1级、2级、3级，3级为市场准入最低要求。,N/A,N/A,政府机构开展的监督检查,市场监督管理部门对潜水推流式搅拌机产品进行能效标识监督检查和产品质量监督抽查。,合规命令；罚款,对生产、进口、销售不符合强制性能效标准的潜水推流式搅拌机产品的，由市场监督管理部门责令停止生产、进口、销售，没收违法所得，并处罚款。,其他激励或支持,国家鼓励生产和使用1级、2级高效潜水推流式搅拌机；通过节能产品认证等措施引导高效环保设备市场推广。,N/A,N/A,C28,CO2,正向,污水处理系统节能；环保设备能效提升；高效搅拌设备产业升级,GB 37485-2019 污水处理用潜水推流式搅拌机能效限定值及能效等级,https://openstd.samr.gov.cn/bzgk/gb/newGbInfo?hcno=CE7904294CC2751F6617EAC7A6665D58,N/A
CHNPRFMEAI19S000,工具,绩效标准,电器最低能源绩效标准（MEPS）,工业,工业泵；石油化工；给排水,离心泵能效限定值及能效等级,Minimum Allowable Values of Energy Efficiency and Energy Efficiency Grades for Centrifugal Pumps,N/A,GB 19762-2025《离心泵能效限定值及能效等级》是强制性国家标准，于2025年2月28日发布，2026年3月1日实施，替代GB 19762-2007（清水离心泵）和GB 32284-2015（石油化工离心泵），首次实现两类离心泵能效标准的统一。适用于驱动电动机功率1kW~1250kW的清水离心泵（单级单吸、单级双吸、多级）和石油化工离心泵。能效等级分为3级（1级最高），3级为能效限定值即强制市场准入门槛。,提高离心泵能效；减少工业泵领域用电,直接,供给侧,中国,国家,N/A,30/12/2005,01/08/2006,N/A,28/02/2025,2025年2月28日发布GB 19762-2025替代GB 19762-2007和GB 32284-2015，首次合并清水离心泵与石油化工离心泵能效标准，统一评价体系,生效,国家市场监督管理总局；国家标准化管理委员会,离心泵,新建,驱动电动机功率1kW~1250kW的清水离心泵（单级单吸、单级双吸、多级）和石油化工离心泵。,N/A,N/A,企业,在中国境内生产、进口或销售离心泵产品的生产企业和进口商。,生产；销售；进口,离心泵产品的生产、进口和销售活动。产品须达到标准规定的能效限定值方可进入市场。,3级,能效等级,离心泵能效等级分为3级（1级最高），3级为能效限定值即市场准入最低要求。评价指标为泵效率（%），按泵类型（单级单吸/单级双吸/多级）、比转速和流量分级量化。石油化工离心泵另设独立的效率限值表。,1）离心泵须达到标准规定的能效限定值（3级）方可生产、进口或销售；2）产品须标注能效等级标识；3）能效等级分为1级、2级、3级，3级为市场准入最低要求。,N/A,N/A,政府机构开展的监督检查,市场监督管理部门对离心泵产品进行能效标识监督检查和产品质量监督抽查。,合规命令；罚款,对生产、进口、销售不符合强制性能效标准的离心泵产品的，由市场监督管理部门责令停止生产、进口、销售，没收违法所得，并处罚款。,其他激励或支持,国家鼓励生产和使用1级、2级高效离心泵；通过节能产品认证、政府绿色采购等措施引导高效泵产品市场推广。,N/A,N/A,C28,CO2,正向,工业泵能效提升；石油化工和给排水系统节能；高效泵产业升级,GB 19762-2025 离心泵能效限定值及能效等级,https://openstd.samr.gov.cn/bzgk/std/newGbInfo?hcno=71D054118B5AD7FDAF8F83BCEDA0DA81,N/A
CHNPRFMEAI20S000,工具,绩效标准,电器最低能源绩效标准（MEPS）,工业,工业除尘；大气污染治理,除尘器能效限定值及能效等级,Minimum Allowable Values of Energy Efficiency and Energy Efficiency Grades for Dust Collectors,N/A,GB 37484-2019《除尘器能效限定值及能效等级》是强制性国家标准，于2019年4月4日发布，2020年11月1日实施。适用于燃煤电厂、钢铁、水泥、化工等行业的电除尘器和袋式除尘器。能效等级分为3级（1级最高），3级为能效限定值即强制市场准入门槛。,提高除尘器能效；减少工业除尘领域用电,直接,供给侧,中国,国家,N/A,04/04/2019,01/11/2020,N/A,N/A,N/A,生效,国家市场监督管理总局；国家标准化管理委员会,除尘器,新建,燃煤电厂、钢铁、水泥、化工等行业的电除尘器和袋式除尘器。,N/A,N/A,企业,在中国境内生产、进口或销售除尘器产品的生产企业和进口商。,生产；销售；进口,除尘器产品的生产、进口和销售活动。产品须达到标准规定的能效限定值方可进入市场。,3级,能效等级,除尘器能效等级分为3级（1级最高），3级为能效限定值即市场准入最低要求。评价指标为除尘器能效比（m³/(W·h)），综合考虑单位功耗的处理风量。,1）除尘器须达到标准规定的能效限定值（3级）方可生产、进口或销售；2）产品须标注能效等级标识；3）能效等级分为1级、2级、3级，3级为市场准入最低要求。,N/A,N/A,政府机构开展的监督检查,市场监督管理部门对除尘器产品进行能效标识监督检查和产品质量监督抽查。,合规命令；罚款,对生产、进口、销售不符合强制性能效标准的除尘器产品的，由市场监督管理部门责令停止生产、进口、销售，没收违法所得，并处罚款。,其他激励或支持,国家鼓励生产和使用1级、2级高效除尘器；通过节能产品认证等措施引导高效环保设备市场推广。,N/A,N/A,C28,CO2,正向,工业除尘系统节能；环保设备能效提升；高效除尘设备产业升级,GB 37484-2019 除尘器能效限定值及能效等级,https://openstd.samr.gov.cn/bzgk/gb/newGbInfo?hcno=EF6C84C6A26DE2617D88B7E658186B48,N/A
CHNPRFMEAI21S000,工具,绩效标准,电器最低能源绩效标准（MEPS）,工业,氢能；化工设备,水电解制氢系统能效限定值及能效等级,Minimum Allowable Values of Energy Efficiency and Energy Efficiency Grades for Water Electrolysis Hydrogen Production Systems,N/A,GB 32311-2015《水电解制氢系统能效限定值及能效等级》是强制性国家标准，于2015年12月10日发布，2017年1月1日实施。适用于工业用碱性水电解制氢系统和质子交换膜（PEM）水电解制氢系统。能效等级分为3级（1级最高），3级为能效限定值即强制市场准入门槛。,提高水电解制氢系统能效；减少工业制氢领域用电,直接,供给侧,中国,国家,N/A,10/12/2015,01/01/2017,N/A,N/A,N/A,生效,国家市场监督管理总局；国家标准化管理委员会,水电解制氢系统,新建,工业用碱性水电解制氢系统和质子交换膜（PEM）水电解制氢系统。,N/A,N/A,企业,在中国境内生产、进口或销售水电解制氢系统产品的生产企业和进口商。,生产；销售；进口,水电解制氢系统产品的生产、进口和销售活动。产品须达到标准规定的能效限定值方可进入市场。,3级,能效等级,水电解制氢系统能效等级分为3级（1级最高），3级为能效限定值即市场准入最低要求。评价指标为单位氢气产量的直流电耗（kW·h/m³H₂或kW·h/kgH₂），按电解技术路线（碱性/PEM）和系统规模分级量化。,1）水电解制氢系统须达到标准规定的能效限定值（3级）方可生产、进口或销售；2）产品须标注能效等级标识；3）能效等级分为1级、2级、3级，3级为市场准入最低要求。,N/A,N/A,政府机构开展的监督检查,市场监督管理部门对水电解制氢系统产品进行能效标识监督检查和产品质量监督抽查。,合规命令；罚款,对生产、进口、销售不符合强制性能效标准的水电解制氢系统产品的，由市场监督管理部门责令停止生产、进口、销售，没收违法所得，并处罚款。,其他激励或支持,国家鼓励生产和使用1级、2级高效水电解制氢系统；通过节能产品认证等措施引导高效氢能装备市场推广。,N/A,N/A,C28,CO2,正向,工业制氢能效提升；绿色氢能产业发展；高效电解装备产业升级,GB 32311-2015 水电解制氢系统能效限定值及能效等级,https://openstd.samr.gov.cn/bzgk/gb/newGbInfo?hcno=781E52F0B23E73EE28B56F6B6D70D1F0,N/A
CHNPRFMEAI22S000,工具,绩效标准,电器最低能源绩效标准（MEPS）,工业,电子设备,投影机能效限定值及能效等级,Minimum Allowable Values of Energy Efficiency and Energy Efficiency Grades for Projectors,N/A,GB 32028-2025《投影机能效限定值及能效等级》是强制性国家标准，于2025年6月30日发布，2026年7月1日实施，替代GB 32028-2015。适用于以投影为主要功能，高压汞灯或金属卤化物灯为光源的LCD、DLP和LCoS投影机，以及固态光源（LED、激光）投影机。能效等级分为3级（1级最高），3级为能效限定值即强制市场准入门槛。,提高投影机能效；减少电子设备用电,直接,供给侧,中国,国家,N/A,18/09/2015,01/10/2016,N/A,30/06/2025,2025年6月30日发布GB 32028-2025替代GB 32028-2015，扩展适用范围至固态光源投影机，更新测试方法，提高各级能效指标,生效,国家市场监督管理总局；国家标准化管理委员会,投影机,新建,以投影为主要功能，以高压汞灯或金属卤化物灯为光源的LCD、DLP和LCoS投影机；固态光源（LED、激光）投影机。,N/A,N/A,企业,在中国境内生产、进口或销售投影机产品的生产企业和进口商。,生产；销售；进口,投影机产品的生产、进口和销售活动。产品须达到标准规定的能效限定值方可进入市场。,3级,能效等级,投影机能效等级分为3级（1级最高），3级为能效限定值即市场准入最低要求。评价指标为投影光效（lm/W），按光源类型（传统光源/固态光源）和光通量分级量化限定值。,1）投影机须达到标准规定的能效限定值（3级）方可生产、进口或销售；2）产品须标注能效等级标识；3）能效等级分为1级、2级、3级，3级为市场准入最低要求。,N/A,N/A,政府机构开展的监督检查,市场监督管理部门对投影机产品进行能效标识监督检查和产品质量监督抽查。,合规命令；罚款,对生产、进口、销售不符合强制性能效标准的投影机产品的，由市场监督管理部门责令停止生产、进口、销售，没收违法所得，并处罚款。,其他激励或支持,国家鼓励生产和使用1级、2级高效投影机；通过节能产品认证、政府绿色采购等措施引导市场推广。,N/A,N/A,C26,CO2,正向,电子设备能效提升；办公和教育用电减少；高效投影产业升级,GB 32028-2025 投影机能效限定值及能效等级,https://openstd.samr.gov.cn/bzgk/std/newGbInfo?hcno=3CC8713ADAEA3E8F937E6C5B9D4939E6,N/A
CHNPRFMEAI23S000,工具,绩效标准,电器最低能源绩效标准（MEPS）,工业,家用电器；通风设备,吸油烟机与换气扇能效限定值及能效等级,Minimum Allowable Values of Energy Efficiency and Energy Efficiency Grades for Range Hoods and Ventilation Fans,N/A,GB 29539-2025《吸油烟机与换气扇能效限定值及能效等级》是强制性国家标准，于2025年10月31日发布，2026年11月1日实施，替代GB 29539-2013（吸油烟机）和GB 32049-2015（换气扇），首次实现两类通风电器能效标准的统一。适用于家用和类似用途吸油烟机（不含下排式吸油烟机）和家用和类似用途换气扇。能效等级分为3级（1级最高），3级为能效限定值即强制市场准入门槛。,提高吸油烟机和换气扇能效；减少居民生活用电,直接,供给侧,中国,国家,N/A,10/10/2013,01/09/2014,N/A,31/10/2025,2025年10月31日发布GB 29539-2025替代GB 29539-2013和GB 32049-2015，首次合并吸油烟机与换气扇能效标准，统一评价体系，提高各级能效指标,生效,国家市场监督管理总局；国家标准化管理委员会,吸油烟机与换气扇,新建,家用和类似用途吸油烟机（不含下排式吸油烟机）；家用和类似用途换气扇（含百叶窗式、管道式、隔墙式等）。,N/A,N/A,企业,在中国境内生产、进口或销售吸油烟机和换气扇产品的生产企业和进口商。,生产；销售；进口,吸油烟机和换气扇产品的生产、进口和销售活动。产品须达到标准规定的能效限定值方可进入市场。,3级,能效等级,吸油烟机与换气扇能效等级分为3级（1级最高），3级为能效限定值即市场准入最低要求。吸油烟机评价指标包括全压效率（%）、待机功率（W）和关机功率（W）；换气扇评价指标为能效指数（m³/(min·W)）。各自有独立的分级限值表。,1）吸油烟机和换气扇须达到标准规定的能效限定值（3级）方可生产、进口或销售；2）产品须标注能效等级标识；3）能效等级分为1级、2级、3级，3级为市场准入最低要求。,N/A,N/A,政府机构开展的监督检查,市场监督管理部门对吸油烟机和换气扇产品进行能效标识监督检查和产品质量监督抽查。,合规命令；罚款,对生产、进口、销售不符合强制性能效标准的吸油烟机和换气扇产品的，由市场监督管理部门责令停止生产、进口、销售，没收违法所得，并处罚款。,其他激励或支持,国家鼓励生产和使用1级、2级高效吸油烟机和换气扇；通过节能产品认证等措施引导市场推广。,N/A,N/A,C27,CO2,正向,家用电器能效提升；居民用电减少；高效厨卫和通风电器产业升级,GB 29539-2025 吸油烟机与换气扇能效限定值及能效等级,https://openstd.samr.gov.cn/bzgk/std/newGbInfo?hcno=AAC859296FADDD2959B66CDEE9E20526,N/A
CHNPRFMEAI24S000,工具,绩效标准,电器最低能源绩效标准（MEPS）,工业,家用电器,饮水机能效限定值及能效等级,Minimum Allowable Values of Energy Efficiency and Energy Efficiency Grades for Drinking Water Dispensers,N/A,GB 30978-2014《饮水机能效限定值及能效等级》是强制性国家标准，于2014年7月24日发布，2015年6月1日实施。适用于额定电压不超过250V的家用和类似用途饮水机。能效等级分为5级（1级最高），5级中的某一级为能效限定值。,提高饮水机能效；减少居民生活用电,直接,供给侧,中国,国家,N/A,24/07/2014,01/06/2015,N/A,N/A,N/A,生效,国家市场监督管理总局；国家标准化管理委员会,饮水机,新建,额定电压不超过250V的家用和类似用途饮水机，含温热型和冷热型。,N/A,N/A,企业,在中国境内生产、进口或销售饮水机产品的生产企业和进口商。,生产；销售；进口,饮水机产品的生产、进口和销售活动。产品须达到标准规定的能效限定值方可进入市场。,5级,能效等级,饮水机能效等级分为5级（1级最高），5级中的某一级为能效限定值即市场准入最低要求。评价指标包括制热水效率（%）和制冷水效率（%），按产品类型（温热型/冷热型）分级量化。,1）饮水机须达到标准规定的能效限定值方可生产、进口或销售；2）产品须标注能效等级标识；3）能效等级分为1~5级，能效限定值为市场准入最低要求。,N/A,N/A,政府机构开展的监督检查,市场监督管理部门对饮水机产品进行能效标识监督检查和产品质量监督抽查。,合规命令；罚款,对生产、进口、销售不符合强制性能效标准的饮水机产品的，由市场监督管理部门责令停止生产、进口、销售，没收违法所得，并处罚款。,其他激励或支持,国家鼓励生产和使用1级、2级高效饮水机；通过节能产品认证等措施引导市场推广。,N/A,N/A,C27,CO2,正向,家用电器能效提升；居民用电减少；高效饮水机产业升级,GB 30978-2014 饮水机能效限定值及能效等级,https://openstd.samr.gov.cn/bzgk/gb/newGbInfo?hcno=314252B211BA126C738CCA0F0993191C,N/A
CHNPRFMEAI25S000,工具,绩效标准,电器最低能源绩效标准（MEPS）,工业,办公设备；电子设备,复印机、打印机和传真机能效限定值及能效等级,"Minimum Allowable Values of Energy Efficiency and Energy Efficiency Grades for Copiers, Printers and Fax Machines",N/A,GB 21521-2014《复印机、打印机和传真机能效限定值及能效等级》是强制性国家标准，于2014年4月28日发布，2015年1月1日实施，替代GB 21521-2008。适用于以220V、50Hz交流电源供电，以复印、打印、传真为基本功能，标准幅面为A3及A4的静电复印机、激光打印机、喷墨打印机和传真机。不适用于仅具有扫描功能的扫描仪、仅具有数据接收和处理功能的多功能图像形成设备。能效等级分为3级（1级最高），3级为能效限定值即强制市场准入门槛。,提高办公设备能效；减少办公用电,直接,供给侧,中国,国家,N/A,16/04/2008,01/11/2008,N/A,28/04/2014,2014年4月28日发布GB 21521-2014替代GB 21521-2008，新增LED/激光混合光源和可变速产品定义和要求，提高各级能效指标,生效,国家市场监督管理总局；国家标准化管理委员会,复印机、打印机和传真机,新建,以220V、50Hz交流电源供电，以复印、打印、传真为基本功能，标准幅面为A3及A4的静电复印机、激光打印机、喷墨打印机和传真机（含多功能一体机）。不适用于仅具有扫描功能的扫描仪。,N/A,N/A,企业,在中国境内生产、进口或销售复印机、打印机和传真机产品的生产企业和进口商。,生产；销售；进口,复印机、打印机和传真机产品的生产、进口和销售活动。产品须达到标准规定的能效限定值方可进入市场。,3级,能效等级,复印机、打印机和传真机能效等级分为3级（1级最高），3级为能效限定值即市场准入最低要求。评价指标为典型能源消耗（TEC，kW·h/周），按产品类型（复印机/打印机/传真机/多功能一体机）、成像技术（静电/激光/喷墨）、速度和幅面分级量化。,1）复印机、打印机和传真机须达到标准规定的能效限定值（3级）方可生产、进口或销售；2）产品须标注能效等级标识；3）能效等级分为1级、2级、3级，3级为市场准入最低要求。,N/A,N/A,政府机构开展的监督检查,市场监督管理部门对复印机、打印机和传真机产品进行能效标识监督检查和产品质量监督抽查。,合规命令；罚款,对生产、进口、销售不符合强制性能效标准的复印机、打印机和传真机产品的，由市场监督管理部门责令停止生产、进口、销售，没收违法所得，并处罚款。,其他激励或支持,国家鼓励生产和使用1级、2级高效办公设备；通过节能产品认证、政府绿色采购等措施引导市场推广。,N/A,N/A,C26,CO2,正向,办公设备能效提升；办公用电减少；高效办公设备产业升级,GB 21521-2014 复印机、打印机和传真机能效限定值及能效等级,https://openstd.samr.gov.cn/bzgk/std/newGbInfo?hcno=3A6EE361E067ADB7CC7FACA0AB38F26B,N/A
CHNPRFMEAI26S000,工具,绩效标准,电器最低能源绩效标准（MEPS）,工业,电子设备；电力电子,电源能效限定值及能效等级,Minimum Allowable Values of Energy Efficiency and Energy Efficiency Grades for Power Supplies,N/A,"GB 20943-2025《电源能效限定值及能效等级》是强制性国家标准，于2025年1月24日发布，2027年2月1日实施，替代GB 20943-2013。适用于额定输出功率不大于250W的外部电源，以及内置电源（含PC内置电源、服务器内置电源、工业电源等）。2025版大幅扩展了适用范围，从仅涵盖外部电源扩展至内置电源，新增""功率因数""术语定义，更新试验方法。能效等级分为3级（1级最高），3级为能效限定值即强制市场准入门槛。",提高电源产品能效；减少电子设备用电,直接,供给侧,中国,国家,N/A,24/10/2007,01/05/2008,N/A,24/01/2025,2025年1月24日发布GB 20943-2025替代GB 20943-2013，适用范围大幅扩展至内置电源（含PC、服务器、工业电源），新增功率因数要求,生效,国家市场监督管理总局；国家标准化管理委员会,电源,新建,额定输出功率不大于250W的外部电源（含AC-DC和DC-DC）；内置电源（含PC内置电源、服务器内置电源、工业电源等）。,N/A,N/A,企业,在中国境内生产、进口或销售电源产品的生产企业和进口商。,生产；销售；进口,电源产品的生产、进口和销售活动。产品须达到标准规定的能效限定值方可进入市场。,3级,能效等级,电源能效等级分为3级（1级最高），3级为能效限定值即市场准入最低要求。主要评价指标包括空载功耗（W）和平均效率（%），按输出功率、输出电压和电源类型分级量化。,1）电源产品须达到标准规定的能效限定值（3级）方可生产、进口或销售；2）产品须标注能效等级标识；3）能效等级分为1级、2级、3级，3级为市场准入最低要求。,N/A,N/A,政府机构开展的监督检查,市场监督管理部门对电源产品进行能效标识监督检查和产品质量监督抽查。,合规命令；罚款,对生产、进口、销售不符合强制性能效标准的电源产品的，由市场监督管理部门责令停止生产、进口、销售，没收违法所得，并处罚款。,其他激励或支持,国家鼓励生产和使用1级、2级高效电源产品；通过节能产品认证、政府绿色采购等措施引导市场推广。,N/A,N/A,C26; C27,CO2,正向,电子设备能效提升；信息设备和工业设备用电减少；高效电源产业升级,GB 20943-2025 交流-直流和交流-交流电源能效限定值及能效等级,https://openstd.samr.gov.cn/bzgk/std/newGbInfo?hcno=8105E9E58B8B8BDB5DF9D96119B1C60A,N/A
CHNPRFMEAI27S000,工具,绩效标准,电器最低能源绩效标准（MEPS）,工业,工业风机；通用机械,鼓风机能效限定值及能效等级,Minimum Allowable Values of Energy Efficiency and Energy Efficiency Grades for Blowers,N/A,GB 28381-2026《鼓风机能效限定值及能效等级》是强制性国家标准，于2026年3月31日发布，2027年4月1日实施，替代GB 28381-2012。适用于驱动电动机功率1kW~500kW的离心鼓风机、轴流鼓风机、罗茨鼓风机和螺杆鼓风机。能效等级分为3级（1级最高），3级为能效限定值即强制市场准入门槛。,提高鼓风机能效；减少工业风机领域用电,直接,供给侧,中国,国家,N/A,05/03/2012,01/09/2012,N/A,31/03/2026,2026年3月31日发布GB 28381-2026替代GB 28381-2012，扩展适用范围至螺杆鼓风机，更新测试方法，提高各级能效指标,生效,国家市场监督管理总局；国家标准化管理委员会,鼓风机,新建,驱动电动机功率1kW~500kW的离心鼓风机、轴流鼓风机、罗茨鼓风机和螺杆鼓风机。,N/A,N/A,企业,在中国境内生产、进口或销售鼓风机产品的生产企业和进口商。,生产；销售；进口,鼓风机产品的生产、进口和销售活动。产品须达到标准规定的能效限定值方可进入市场。,3级,能效等级,鼓风机能效等级分为3级（1级最高），3级为能效限定值即市场准入最低要求。评价指标为鼓风机效率（%）或机组比功率（kW/(m³/min)），按鼓风机类型（离心/轴流/罗茨/螺杆）和规格分级量化限定值。,1）鼓风机须达到标准规定的能效限定值（3级）方可生产、进口或销售；2）产品须标注能效等级标识；3）能效等级分为1级、2级、3级，3级为市场准入最低要求。,N/A,N/A,政府机构开展的监督检查,市场监督管理部门对鼓风机产品进行能效标识监督检查和产品质量监督抽查。,合规命令；罚款,对生产、进口、销售不符合强制性能效标准的鼓风机产品的，由市场监督管理部门责令停止生产、进口、销售，没收违法所得，并处罚款。,其他激励或支持,国家鼓励生产和使用1级、2级高效鼓风机；通过节能产品认证等措施引导高效风机市场推广。,N/A,N/A,C28,CO2,正向,工业风机能效提升；污水处理和工业通风系统节能；高效鼓风机产业升级,GB 28381-2026 鼓风机能效限定值及能效等级,https://openstd.samr.gov.cn/bzgk/std/newGbInfo?hcno=C4BCA78A5B5819D9BDD5885F4D6F7086,N/A
CHNPRFMEAI28S000,工具,绩效标准,电器最低能源绩效标准（MEPS）,工业,电动汽车充电基础设施；电力电子,电动汽车供电设备能效限定值及能效等级,Minimum Allowable Values of Energy Efficiency and Energy Efficiency Grades for Electric Vehicle Supply Equipment,N/A,GB 46519-2025《电动汽车供电设备能效限定值及能效等级》是强制性国家标准，于2025年10月5日发布，2026年11月1日实施。适用于额定电压不超过1000V AC或1500V DC的交流充电桩、直流充电机和无线充电设备。能效等级分为3级（1级最高），3级为能效限定值即强制市场准入门槛。,提高电动汽车充电设备能效；减少充电基础设施电能损耗,直接,供给侧,中国,国家,N/A,05/10/2025,01/11/2026,N/A,N/A,N/A,计划实施,国家市场监督管理总局；国家标准化管理委员会,电动汽车供电设备,新建,额定电压不超过1000V AC或1500V DC的交流充电桩、直流充电机和无线充电设备。,N/A,N/A,企业,在中国境内生产、进口或销售电动汽车供电设备产品的生产企业和进口商。,生产；销售；进口,电动汽车供电设备产品的生产、进口和销售活动。产品须达到标准规定的能效限定值方可进入市场。,3级,能效等级,电动汽车供电设备能效等级分为3级（1级最高），3级为能效限定值即市场准入最低要求。评价指标为充电效率（%），综合考虑待机功耗、AC-DC转换效率和DC-DC转换效率，按设备类型（交流/直流/无线）和额定功率分级量化限定值。,1）电动汽车供电设备须达到标准规定的能效限定值（3级）方可生产、进口或销售；2）产品须标注能效等级标识；3）能效等级分为1级、2级、3级，3级为市场准入最低要求。,N/A,N/A,政府机构开展的监督检查,市场监督管理部门对电动汽车供电设备产品进行能效标识监督检查和产品质量监督抽查。,合规命令；罚款,对生产、进口、销售不符合强制性能效标准的电动汽车供电设备产品的，由市场监督管理部门责令停止生产、进口、销售，没收违法所得，并处罚款。,其他激励或支持,国家鼓励生产和使用1级、2级高效电动汽车供电设备；通过节能产品认证、绿色充电基础设施等措施引导高效充电设备市场推广。,N/A,N/A,C27; D35,CO2,正向,充电基础设施能效提升；新能源汽车产业链绿色化；高效电力电子产业升级,GB 46519-2025 电动汽车供电设备能效限定值及能效等级,https://openstd.samr.gov.cn/bzgk/std/newGbInfo?hcno=F594A2F350B2BC74B566C4FCCE7EB8C1,N/A
CHNPRFMEAI29S000,工具,绩效标准,电器最低能源绩效标准（MEPS）,工业,光伏,晶体硅光伏组件和逆变器能效限定值及能效等级,Minimum Allowable Values of Energy Efficiency and Energy Efficiency Grades for Crystalline Silicon Photovoltaic Modules and Inverters,N/A,GB 47834-2026《晶体硅光伏组件和逆变器能效限定值及能效等级》是强制性国家标准，于2026年6月27日发布，2027年1月1日实施。该标准是光伏组件首次被纳入能效评定的强制性国标，适用于地面用n型晶体硅光伏组件（包括TOPCon、HJT、BC技术路线）和光伏并网逆变器（包括集中式、组串式及预装式光伏逆变一体机的逆变器部分），不适用于BIPV光伏组件、消费型光伏组件、钙钛矿/晶体硅叠层光伏组件、无银浆料光伏组件、构网型光伏并网逆变器、20kW及以下光伏并网逆变器以及500kW以上的组串式光伏并网逆变器。能效等级分为3级（1级最高），3级为能效限定值即强制市场准入门槛。该标准与GB 47835-2026（硅单晶单位产品能源消耗限额）、GB 29447-2026（硅多晶和锗单位产品能源消耗限额）共同构成光伏行业能耗能效强制性标准体系。,提高光伏组件和逆变器能效；淘汰低效产能,直接,供给侧,中国,国家,N/A,27/06/2026,01/01/2027,N/A,N/A,N/A,计划实施,国家市场监督管理总局；国家标准化管理委员会,晶体硅光伏组件和光伏并网逆变器,新建,地面用n型晶体硅光伏组件（TOPCon、HJT、BC技术路线），对应标准组件尺寸1134mm×2382mm；光伏并网逆变器（集中式、组串式及预装式光伏逆变一体机的逆变器部分）。不适用于BIPV光伏组件、消费型光伏组件、钙钛矿/晶体硅叠层光伏组件、光伏电池栅线使用无银金属浆料或无银工艺的光伏组件、构网型光伏并网逆变器、20kW及以下光伏并网逆变器以及500kW以上的组串式光伏并网逆变器。,N/A,N/A,企业,在中国境内生产、进口或销售晶体硅光伏组件和光伏并网逆变器的生产企业和进口商。,生产；销售；进口,晶体硅光伏组件和光伏并网逆变器的生产、进口和销售活动。产品须达到标准规定的能效限定值方可进入市场。使用不达标组件的光伏项目将无法备案、无法通过电网验收。,3级,能效等级,能效等级分为3级（1级最高），3级为能效限定值即市场准入最低要求。组件以光电转化效率（%）为评价指标：TOPCon 3级≥23.2%（630W）、2级≥23.7%（645W）、1级≥24.0%（650W）；HJT 3级≥23.2%（630W）、2级≥23.5%（635W）、1级≥23.8%（645W）；BC 3级≥23.5%（635W）、2级≥23.9%（650W）、1级≥24.2%（655W）。组件功率档基于1134mm×2382mm标准尺寸。逆变器以加权平均效率为评价指标，按设备类型和额定功率分级设定限值。,1）晶体硅光伏组件和光伏并网逆变器须达到标准规定的能效限定值（3级）方可生产、进口或销售；2）产品须标注能效等级标识；3）能效等级分为1级（最高）、2级、3级，3级为市场准入最低要求；4）使用不达标组件的光伏项目无法备案、无法通过电网验收。,N/A,N/A,政府机构开展的监督检查,市场监督管理部门对晶体硅光伏组件和光伏并网逆变器产品进行能效标识监督检查和产品质量监督抽查。检查内容包括能效等级标注的准确性、产品实际能效是否符合标称等级、是否符合强制性能效限定值要求等。,合规命令；罚款,对生产、进口、销售不符合强制性能效标准的晶体硅光伏组件和逆变器产品的，由市场监督管理部门责令停止生产、进口、销售，没收违法所得，并处罚款；情节严重的，吊销营业执照。使用不达标组件的光伏项目无法备案和通过电网验收。,其他激励或支持,国家鼓励生产和使用1级、2级高效光伏组件和逆变器；通过节能产品认证、政府绿色采购等措施引导高效光伏产品市场推广；鼓励企业对标1级能效开展技术升级。,N/A,N/A,C27,CO2,正向,光伏产品能效提升；光伏发电成本降低；绿色产业发展,GB 47834-2026 晶体硅光伏组件和逆变器能效限定值及能效等级,https://openstd.samr.gov.cn/bzgk/std/newGbInfo?hcno=225627E1DC4E7B5E174A7380130B4D30,N/A
CHNPRFMEAI30S000,工具,绩效标准,电器最低能源绩效标准（MEPS）,工业；建筑,照明；商业建筑；住宅建筑；公共建筑,室内照明用LED产品能效限定值及能效等级,Minimum Allowable Values of Energy Efficiency and Energy Efficiency Grades for Indoor Lighting LED Products,N/A,GB 30255-2026《室内照明用LED产品能效限定值及能效等级》是强制性国家标准，于2026年2月27日发布，2027年9月1日实施，替代GB 30255-2019。该标准适用于室内照明用LED产品，包括非定向自镇流LED灯、LED筒灯（含小光束角射灯）、集成式LED灯、LED高天棚灯、替换型双端LED灯以及具备调光、调色等附加功能的LED室内照明产品。能效等级分为3级（1级最高），3级为能效限定值即强制市场准入门槛。与旧版相比，新标准扩展了产品覆盖范围（新增小光束角LED筒灯、LED高天棚灯、替换型双端LED灯），提升了各等级能效指标，并新增待机功率要求（≤1.5W），推动从运行能效向全时能效延伸。,提高LED照明产品能效；减少建筑照明用电,直接,供给侧,中国,国家,N/A,18/12/2013,01/09/2014,N/A,27/02/2026,首次制定于2013年12月18日（GB 30255-2013《普通照明用非定向自镇流LED灯能效限定值及能效等级》，2014年9月1日实施）。2019年第一次修订（GB 30255-2019），名称变更为《室内照明用LED产品能效限定值及能效等级》，扩展产品覆盖范围。2026年2月27日第二次修订（GB 30255-2026），新增小光束角LED筒灯、LED高天棚灯、替换型双端LED灯及智能调控产品覆盖，提升各等级能效指标，新增待机功率≤1.5W要求，推动全时能效评价。过渡期25个月，自2027年9月1日起第25个月开始强制执行。,生效,国家市场监督管理总局；国家标准化管理委员会,室内照明用LED产品,新建,室内照明用LED产品，包括非定向自镇流LED灯（以交流市电或直流电驱动，可取代白炽灯及自镇流荧光灯的普通照明用LED灯）、LED筒灯和射灯（含小光束角射灯，光束角≤30°）、集成式LED灯（含标准接口的LED替换光源和一体化灯具）、LED高天棚灯（安装高度≥5m的工业及商业场所用LED照明灯具）、替换型双端LED灯（替代双端荧光灯的LED灯管），以及具备调光、调色、传感联动等附加功能的LED室内照明产品。显色指数要求：LED筒灯和集成式LED灯Ra≥80，LED高天棚灯和替换型双端LED灯Ra≥70，R9实测值>0。,N/A,N/A,企业,在中国境内生产、进口或销售室内照明用LED产品的生产企业和进口商。,生产；销售；进口,室内照明用LED产品的生产、进口和销售活动。产品须达到标准规定的能效限定值方可进入市场。,3级,能效等级,能效等级分为3级（1级最高），3级为能效限定值即市场准入最低要求。以初始光效（lm/W）为评价指标，按产品类型（非定向自镇流LED灯、LED筒灯、集成式LED灯、LED高天棚灯、替换型双端LED灯）和色温/显色指数分级设定限值。新标准适度提升3级准入门槛，进一步提高2级节能型产品技术要求，对高显色性、防眩光、智能调控等高端产品给出能效修正系数。具有待机模式的产品待机功率不得超过1.5W。,1）室内照明用LED产品须达到标准规定的能效限定值（3级）方可生产、进口或销售；2）产品须标注能效等级标识；3）能效等级分为1级（最高）、2级、3级，3级为市场准入最低要求；4）具有待机模式的产品待机功率不得超过1.5W；5）LED筒灯和集成式LED灯显色指数Ra≥80，LED高天棚灯和替换型双端LED灯Ra≥70，R9实测值>0。,N/A,N/A,政府机构开展的监督检查,市场监督管理部门对室内照明用LED产品进行能效标识监督检查和产品质量监督抽查。检查内容包括能效等级标注的准确性、产品实际能效是否符合标称等级、待机功率是否符合限值要求、显色指数是否符合标准等。,合规命令；罚款,对生产、进口、销售不符合强制性能效标准的室内照明用LED产品的，由市场监督管理部门责令停止生产、进口、销售，没收违法所得，并处罚款；情节严重的，吊销营业执照。,其他激励或支持,国家鼓励生产和使用1级、2级高效室内照明用LED产品；通过节能产品认证、政府绿色采购等措施引导高效LED照明产品市场推广；鼓励企业对标1级能效开展技术升级。,N/A,N/A,C27,CO2,正向,建筑照明能效提升；建筑能源消耗减少；绿色建筑发展,GB 30255-2026 室内照明用LED产品能效限定值及能效等级,https://openstd.samr.gov.cn/bzgk/std/newGbInfo?hcno=C037214954746E0BFCE4CBE3CD779A7C,N/A
CHNPRFMREI01S000,工具,绩效标准,制冷设备最低能源绩效标准（MEPS）,工业；建筑,食品冷链；仓储冷库；商用制冷,冷库（箱）和压缩冷凝机组能效限定值及能效等级,Minimum Allowable Values of Energy Efficiency and Energy Efficiency Grades for Cold Storage Cabinets and Compressor-Condensing Units,N/A,GB 44015-2024《冷库（箱）和压缩冷凝机组能效限定值及能效等级》是强制性国家标准，于2024年4月29日发布，2025年2月1日实施。适用于装配式冷库（箱）、土建式冷库和由电机驱动的风冷或水冷容积式制冷压缩冷凝机组，新建仓储用建筑物式冷库和装配式冷库亦可参照使用。不适用于非电动机-压缩机驱动的制冷系统、冷藏集装箱、现场组装的制冷压缩冷凝机组和蒸发冷凝式机组。能效等级分为3级（1级最高），3级为能效限定值即强制市场准入门槛。,提高冷库和压缩冷凝机组能效；减少冷链和仓储制冷用电,直接,供给侧,中国,国家,N/A,29/04/2024,01/02/2025,N/A,N/A,N/A,生效,国家市场监督管理总局；国家标准化管理委员会,冷库（箱）和压缩冷凝机组,新建,装配式冷库（箱）、土建式冷库，以及由电机驱动的风冷或水冷容积式制冷压缩冷凝机组。新建的仓储用建筑物式冷库和装配式冷库（兼有冻结功能的可参照使用）。不适用于非电动机-压缩机驱动的制冷系统、冷藏集装箱、现场组装的制冷压缩冷凝机组和蒸发冷凝式机组。,N/A,N/A,企业,在中国境内生产、进口或销售冷库（箱）和压缩冷凝机组的生产企业和进口商。,生产；销售；进口,冷库（箱）和压缩冷凝机组的生产、进口和销售活动。产品须达到标准规定的能效限定值方可进入市场。,3级,能效等级,冷库能效等级以能效指数η（24h实际耗电量与理论基准最大耗电量之比×100%）评价，1级η≤30%，3级（限定值）η≤100%。压缩冷凝机组以性能系数COP评价，按冷却方式（风冷/水冷）、温度类型（高温/中温/低温）和输入功率分级设定限值。,1）冷库（箱）和压缩冷凝机组须达到标准规定的能效限定值（3级）方可生产、进口或销售；2）产品须标注能效等级标识；3）能效等级分为1级（最高）、2级、3级，3级为市场准入最低要求。,N/A,N/A,政府机构开展的监督检查,市场监督管理部门对冷库（箱）和压缩冷凝机组产品进行能效标识监督检查和产品质量监督抽查。,合规命令；罚款,对生产、进口、销售不符合强制性能效标准的冷库（箱）和压缩冷凝机组产品的，由市场监督管理部门责令停止生产、进口、销售，没收违法所得，并处罚款；情节严重的，吊销营业执照。,其他激励或支持,国家鼓励生产和使用1级、2级高效冷库和压缩冷凝机组；通过节能产品认证和冷链物流绿色发展推广高效制冷设备。,N/A,N/A,C27; C28,CO2,正向,冷链制冷能效提升；仓储和食品冷链用电减少；高效制冷设备产业升级,GB 44015-2024 冷库（箱）和压缩冷凝机组能效限定值及能效等级,https://openstd.samr.gov.cn/bzgk/std/newGbInfo?hcno=B3B732610072125E247A58FF6C2750FB,N/A
CHNPRFMREI02S000,工具,绩效标准,制冷设备最低能源绩效标准（MEPS）,建筑；工业,商用制冷；食品零售,商用制冷器具能效限定值及能效等级,Minimum Allowable Values of Energy Efficiency and Energy Efficiency Grades for Commercial Refrigerating Appliances,N/A,GB 26920-2024《商用制冷器具能效限定值及能效等级》是强制性国家标准，于2024年9月29日发布，2026年4月1日实施，整合替代GB 26920.1-2011、GB 26920.2-2015和GB 26920.3-2019。适用于商用冷柜（远置式/自携式制冷陈列柜、冰淇淋冷冻柜、饮料冷藏陈列柜、实体门商用冷柜如厨房冰箱和制冷工作台等）、自携机械制冷自动售货机、商用制冰机（日产冰量10 kg~2000 kg）、软冰淇淋机、机械制冷集装箱、公路/铁路冷藏车厢和移动冷库。不适用于非蒸汽压缩式制冷设备、常温自动售货机、航空用制冷集装箱等。能效等级分为3级（1级最高），3级为能效限定值即强制市场准入门槛。能效门槛大幅收紧，实体门冷藏柜预计淘汰率超35%，冷冻柜超25%。,提高商用制冷器具能效；减少商业和冷链制冷用电,直接,供给侧,中国,国家,N/A,01/06/2011,01/01/2012,N/A,29/09/2024,2024年9月29日发布GB 26920-2024整合替代GB 26920.1-2011、GB 26920.2-2015和GB 26920.3-2019，能效门槛大幅收紧（立式冷柜能耗最大允许值降低24%~35%），覆盖范围新增商用制冰机、软冰淇淋机、机械制冷集装箱、公路/铁路冷藏车厢和移动冷库5个品类。,生效,国家市场监督管理总局；国家标准化管理委员会,商用制冷器具,新建,商用冷柜（远置式/自携式制冷陈列柜、冰淇淋冷冻柜、饮料冷藏陈列柜、实体门商用冷柜如厨房冰箱和制冷工作台等）、自携机械制冷自动售货机、商用制冰机（日产冰量10 kg~2000 kg）、软冰淇淋机、机械制冷集装箱、公路运输用机械制冷/加热冷藏车厢、铁路机械冷藏车厢和机械制冷移动冷库。不适用于非蒸汽压缩式制冷设备、常温自动售货机、航空用制冷集装箱、相变储能装置设备等。,N/A,N/A,企业,在中国境内生产、进口或销售商用制冷器具的生产企业和进口商。,生产；销售；进口,商用制冷器具的生产、进口和销售活动。产品须达到标准规定的能效限定值方可进入市场。,3级,能效等级,能效等级分为3级（1级最高），3级为能效限定值即市场准入最低要求。以年耗电量或日耗电量为评价指标，按产品类型、容积和温度等级分级设定限值。实体门冷藏柜预计淘汰率超35%，冷冻柜超25%。,1）商用制冷器具须达到标准规定的能效限定值（3级）方可生产、进口或销售；2）产品须标注能效等级标识；3）能效等级分为1级（最高）、2级、3级，3级为市场准入最低要求。,N/A,N/A,政府机构开展的监督检查,市场监督管理部门对商用制冷器具产品进行能效标识监督检查和产品质量监督抽查。,合规命令；罚款,对生产、进口、销售不符合强制性能效标准的商用制冷器具产品的，由市场监督管理部门责令停止生产、进口、销售，没收违法所得，并处罚款；情节严重的，吊销营业执照。,其他激励或支持,国家鼓励生产和使用1级、2级高效商用制冷器具；通过节能产品认证和绿色商场、绿色餐饮推广引导高效商用制冷设备市场应用。,N/A,N/A,C27; C28,CO2,正向,商用制冷能效提升；商业和冷链用电减少；推动R290等环保制冷剂应用；高效商用制冷设备产业升级,GB 26920-2024 商用制冷器具能效限定值及能效等级,https://openstd.samr.gov.cn/bzgk/std/newGbInfo?hcno=D31D3F0141DC29FC6A4FFA51B09CAF0C,GB 26920.3-2019（旧版）：https://openstd.samr.gov.cn/bzgk/std/newGbInfo?hcno=F47A3F40107AD767BF38BB5A0033437F
CHNPRFEILI01S000,工具,绩效标准,单位产品能源消耗限额,工业,炼油；煤制焦炭；煤制甲醇；煤制烯烃；煤制乙二醇；烧碱；纯碱；电石；乙烯；对二甲苯；黄磷；合成氨；磷酸一铵；磷酸二铵；水泥熟料；平板玻璃；建筑陶瓷；卫生陶瓷；炼铁；炼钢；铁合金冶炼；铜冶炼；铅冶炼；锌冶炼；电解铝；乙二醇；尿素；钛白粉；聚氯乙烯；精对苯二甲酸；子午线轮胎；工业硅；卫生纸原纸/纸巾原纸；棉/化纤及混纺机织物；针织物/纱线；粘胶短纤维,工业重点领域能效标杆水平和基准水平,Energy Efficiency Benchmark and Baseline Levels for Key Industrial Sectors,N/A,工业重点领域能效标杆水平和基准水平是由国家发展改革委会同工业和信息化部、生态环境部、市场监管总局、国家能源局联合发布的能效绩效标准类工具，对重点工业领域分别设定能效标杆水平和基准水平，实行分类限期改造升级。标杆水平本着“就高不就低”原则，对标国内外先进能效水平确定，作为企业技术改造提升的目标方向；基准水平以现行国家强制性节能标准的准入值或限定值为基础确定，作为企业必须达到的最低能效要求。对能效介于标杆和基准之间的存量项目，鼓励应改尽改、应提尽提；对能效低于基准水平的存量项目，须在规定时限内改造升级至基准水平以上，不能按期完成的予以淘汰退出；对拟建和在建项目，要求对照标杆水平建设实施，力争全面达到标杆水平。工具建设可追溯至2021年11月15日《高耗能行业重点领域能效标杆水平和基准水平（2021年版）》（发改产业〔2021〕1609号），由五部门联合发布，覆盖炼油、煤制焦炭、煤制甲醇、煤制烯烃、煤制乙二醇、烧碱、纯碱、电石、乙烯、对二甲苯、黄磷、合成氨、磷酸一铵、磷酸二铵、水泥熟料、平板玻璃、建筑陶瓷、卫生陶瓷、炼铁、炼钢、铁合金冶炼、铜冶炼、铅冶炼、锌冶炼、电解铝等25个重点领域，自2022年1月1日起执行。2023年修订为《工业重点领域能效标杆水平和基准水平（2023年版）》（发改产业〔2023〕723号，成文2023年6月6日，发布2023年7月4日），由同五部门联合发布，在原有25个领域基础上新增乙二醇、尿素、钛白粉、聚氯乙烯、精对苯二甲酸、子午线轮胎、工业硅、卫生纸原纸/纸巾原纸、棉/化纤及混纺机织物、针织物/纱线、粘胶短纤维等11个领域（共36个重点领域），原有领域限期2025年底前完成改造升级，新增领域限期2026年底前完成。配套政策包括中长期贷款、绿色信贷、绿色债券、气候投融资、阶梯电价、工业节能监察、环保监督执法、税收优惠等，通过分类管理和限期改造推动工业领域节能降碳。,推动重点领域节能降碳；提升工业能效水平；淘汰落后产能；加快制造业绿色低碳转型,直接,供给侧,中国,国家,N/A,15/11/2021,01/01/2022,N/A,04/07/2023,首次制定于2021年11月15日《高耗能行业重点领域能效标杆水平和基准水平（2021年版）》（发改产业〔2021〕1609号，五部门联合发布，自2022年1月1日起执行），以《关于严格能效约束推动重点领域节能降碳的若干意见》（发改产业〔2021〕1464号，2021年10月18日发布）为政策框架，覆盖25个重点领域。2023年修订为《工业重点领域能效标杆水平和基准水平（2023年版）》（发改产业〔2023〕723号，成文2023年6月6日，发布2023年7月4日），由同五部门联合发布，扩展至36个重点领域，新增11个领域，并分类设定2025年底前和2026年底前两个改造升级时限，同时废止2021年版。,生效,国家发展改革委、工业和信息化部、生态环境部、市场监管总局、国家能源局,工业生产线/生产设施,新建；既有,本工具适用于36个重点工业领域的生产线及生产设施，涵盖炼油、煤制焦炭、煤制甲醇、煤制烯烃、煤制乙二醇、烧碱、纯碱、电石、乙烯、对二甲苯、黄磷、合成氨、磷酸一铵、磷酸二铵、水泥熟料、平板玻璃、建筑陶瓷、卫生陶瓷、炼铁、炼钢、铁合金冶炼、铜冶炼、铅冶炼、锌冶炼、电解铝（原25个领域，限期2025年底前完成改造升级或淘汰退出）以及乙二醇、尿素、钛白粉、聚氯乙烯、精对苯二甲酸、子午线轮胎、工业硅、卫生纸原纸/纸巾原纸、棉/化纤及混纺机织物、针织物/纱线、粘胶短纤维（新增11个领域，限期2026年底前完成改造升级或淘汰退出）。对存量设施以基准水平为最低准入门槛，对拟建和在建项目以标杆水平为设计建设标准。,N/A,N/A,企业,上述36个重点工业领域内各类工业企业的经营者，包括各类所有制形式的生产企业。其中：能效低于基准水平的存量企业须在规定时限内（原25个领域为2025年底前，新增11个领域为2026年底前）改造升级至基准水平以上或淘汰退出；拟建和在建企业须对标标杆水平建设实施。,生产,本工具规范的受规制活动为上述36个重点工业领域的工业产品生产活动。对存量生产设施，以能效基准水平为最低准入要求，低于基准水平的须限期改造升级或淘汰退出；对拟建和在建生产设施，要求对照能效标杆水平设计建设；对介于标杆和基准之间的现有生产活动，鼓励应改尽改、应提尽提。,N/A,N/A,本工具对各重点领域分别设定标杆水平和基准水平的具体数值，以不同的能源消耗指标衡量（如千克标准煤/吨产品、千克标准油/吨·能量因数、千瓦时/吨等），各项数值详见通知附件表格（发改产业〔2023〕723号附表）。,1）对拟建和在建项目，应对照能效标杆水平建设实施，力争全面达到标杆水平；2）对能效介于标杆水平和基准水平之间的存量项目，鼓励应改尽改、应提尽提；3）对能效低于基准水平的存量项目，须在规定时限内改造升级至基准水平以上，不能按期改造完毕的予以淘汰退出（原25个领域限期2025年底前，新增11个领域限期2026年底前）；4）依据能效水平分类施策，避免“一刀切”和“运动式”减碳”；5）各地方依据本通知组织制定本地区工作方案并督促落实。,N/A,N/A,政府机构开展的监督检查；企业能耗数据报告,省级工业和信息化主管部门会同发展改革等部门依据国家标准和通知附件规定的能效标杆水平和基准水平，对辖区内重点领域企业开展能效水平核查；企业应按规定报送能源消耗数据，接受节能监察和环保监督执法检查。对低于基准水平的企业限期整改并跟踪复查。,合规命令；罚款；差别化电价；淘汰关停,对能效低于基准水平的存量企业，在规定时限内未完成改造升级的，由地方工业和信息化主管部门会同发展改革等部门予以淘汰关停；对不执行能效提升要求的企业，可采取约谈、公开曝光、差别化电价、罚款等措施；未按期改造完毕的企业不得参与产能置换指标交易。,其他激励或支持,通过中长期贷款、绿色信贷、绿色债券、气候投融资等金融政策支持企业节能降碳改造；落实节能专用装备、技术改造、资源综合利用等税收优惠政策；与阶梯电价制度联动，对能效水平领先的企业给予电价优惠。对达到标杆水平的企业在行业评优、产能核增、用能权交易等方面给予支持。,N/A,N/A,C13; C17; C19; C20; C22; C23; C24,CO2,正向,能源消耗减少；技术创新；污染防治；绿色产业发展；资源节约,国家发展改革委等部门关于发布《工业重点领域能效标杆水平和基准水平（2023年版）》的通知（发改产业〔2023〕723号）,https://www.ndrc.gov.cn/xwdt/tzgg/202307/t20230704_1358115_ext.html,https://www.ndrc.gov.cn/xxgk/zcfb/tz/202111/t20211115_1304012_ext.html
CHNPRFEILI02S000,工具,绩效标准,单位产品能源消耗限额,工业,化工,甲醛单位产品能源消耗限额,Norm of Energy Consumption per Unit Production of Formaldehyde,N/A,GB 46029-2025《甲醛单位产品能源消耗限额》是强制性国家标准，于2025年8月1日发布，2026年8月1日实施。适用于以甲醇为原料、通过银法和铁钼法生产甲醛的企业。能耗限额等级分为3级（1级最低），其中3级为限定值（存量企业最低要求）、2级为准入值（新建及改扩建项目要求）、1级为先进值。银法甲醛3级≤740 kgce/t，2级≤700 kgce/t，1级≤680 kgce/t；铁钼法甲醛3级≤670 kgce/t，2级≤635 kgce/t，1级≤615 kgce/t。,提高能效；减少能耗,直接,供给侧,中国,国家,N/A,01/08/2025,01/08/2026,N/A,N/A,N/A,生效,国家市场监督管理总局；国家标准化管理委员会,甲醛生产装置,新建；既有,以甲醇为原料，采用银法或铁钼法工艺生产甲醛的装置。,N/A,N/A,企业,在中国境内运营甲醛生产装置的企业。,生产,甲醛生产装置的运行活动。现有企业须达到3级限定值，新建及改扩建企业须达到2级准入值。,3级,能耗限额等级,能耗限额等级分为3级（1级最低即最先进），3级为限定值（存量企业最低要求），2级为准入值（新建及改扩建项目要求），1级为先进值。以单位产品综合能耗（kgce/t）为评价指标。银法：3级≤740，2级≤700，1级≤680；铁钼法：3级≤670，2级≤635，1级≤615。,1）现有甲醛生产企业须达到3级限定值方可继续运营，未达标者须限期改造或淘汰；2）新建及改扩建甲醛项目须达到2级准入值方可投产；3）1级先进值用于引导行业节能标杆。,N/A,N/A,政府机构开展的监督检查；企业能耗数据报告,市场监督管理部门对甲醛生产企业进行能耗限额标准执行情况监督检查；企业须按规定报送年度能源消耗数据，接受节能监察。,合规命令；罚款；差别化电价；淘汰关停,对不符合强制性能耗限额标准的甲醛生产企业，由市场监督管理部门或节能主管部门责令限期整改，逾期未完成整改或整改后仍不达标的，纳入差别化电价范围并依法予以淘汰关停。,其他激励或支持,国家鼓励甲醛生产企业对标1级先进值开展节能降碳改造，通过节能审查、绿色工厂认定和重点行业节能降碳改造攻坚行动引导和支持先进产能提升。,N/A,N/A,C20,CO2,正向,工业能效提升；工业能源消耗减少,GB 46029-2025 甲醛单位产品能源消耗限额,https://openstd.samr.gov.cn/bzgk/std/newGbInfo?hcno=48412ECEBF7578E4EDFA26F06CC3DF37,N/A
CHNPRFEILI03S000,工具,绩效标准,单位产品能源消耗限额,能源,燃煤发电,燃煤发电机组单位产品能源消耗限额,Norm of Energy Consumption per Unit Production of Coal-Fired Power Generation Units,N/A,GB 21258-2024《燃煤发电机组单位产品能源消耗限额》是强制性国家标准，替代GB 21258-2017。适用于燃煤发电机组单位产品能耗的计算、控制和考核，包括供电煤耗和供热煤耗指标。能耗限额等级分为3级（1级最低），其中3级为限定值（现有机组最低要求）、2级为准入值（新建机组要求）、1级为先进值。标准根据机组容量和参数（超超临界、超临界、亚临界等）分级设定供电煤耗限值。,提高能效；减少能耗,直接,供给侧,中国,国家,N/A,03/12/2007,01/06/2008,N/A,29/09/2024,2024年9月29日发布GB 21258-2024替代GB 21258-2017和GB 35574-2017，更新各级能耗限额指标，将循环流化床机组纳入覆盖范围，基本实现煤电全覆盖。,生效,国家市场监督管理总局；国家标准化管理委员会,燃煤发电机组,新建；既有,常规燃煤发电机组，包括纯凝机组和热电联产机组，按容量和蒸汽参数（超超临界、超临界、亚临界、超高压等）分类。,N/A,N/A,企业,在中国境内运营燃煤发电机组的企业。,生产,燃煤发电机组的运行活动。现有机组须达到3级限定值，新建机组须达到2级准入值。,3级,能耗限额等级,能耗限额等级分为3级（1级最低即最先进），3级为限定值（现有机组最低要求），2级为准入值（新建机组要求），1级为先进值。以供电标准煤耗（gce/kWh）和供热标准煤耗（kgce/GJ）为评价指标，按机组容量和蒸汽参数分级设定限值。,1）现有燃煤发电机组须达到3级限定值方可继续运行，未达标者须实施节能改造或关停；2）新建燃煤发电项目须达到2级准入值方可核准投产；3）1级先进值用于引导行业节能标杆。,N/A,N/A,政府机构开展的监督检查；企业能耗数据报告,市场监督管理部门和能源主管部门对燃煤发电企业进行能耗限额标准执行情况监督检查；企业须按规定报送年度能源消耗数据，接受节能监察和电力监管。,合规命令；罚款；差别化电价；淘汰关停,对不符合强制性能耗限额标准的燃煤发电企业，由相关部门责令限期整改，逾期未完成整改或整改后仍不达标的，纳入差别化电价范围并依法采取关停措施。,其他激励或支持,国家鼓励燃煤发电企业对标1级先进值开展节能降碳改造，通过煤电低碳化改造行动、节能审查和绿色电力认证引导和支持先进产能提升。,N/A,N/A,D35,CO2,正向,工业能效提升；工业能源消耗减少；二氧化碳和大气污染物协同减排,GB 21258-2024 燃煤发电机组单位产品能源消耗限额,https://openstd.samr.gov.cn/bzgk/std/newGbInfo?hcno=5ECDC8DD7CCBDCBA21C3103D8473A77F,N/A
CHNPRFEILI04S000,工具,绩效标准,单位产品能源消耗限额,工业,煤炭开采,煤炭开采单位产品能源消耗限额,Norm of Energy Consumption per Unit Production of Coal Mining,N/A,GB 29445-2025《煤炭开采单位产品能源消耗限额》是强制性国家标准，于2025年8月1日发布，2026年8月1日实施，整合替代GB 29444-2012（井工开采）和GB 29445-2012（露天开采）。适用于煤炭开采企业单位产品能耗的计算、考核，以及新建企业的能耗控制。能耗限额等级分为3级（1级最低），其中3级为限定值（存量企业最低要求）、2级为准入值（新建企业要求）、1级为先进值。按开采方式（井工/露天）和矿井生产能力分级设定限值。,提高能效；减少能耗,直接,供给侧,中国,国家,N/A,31/12/2012,01/10/2013,N/A,01/08/2025,2025年8月1日发布GB 29445-2025，整合替代GB 29444-2012和GB 29445-2012，将井工开采和露天开采两部标准合并为一，更新各级能耗限额指标。,生效,国家市场监督管理总局；国家标准化管理委员会,煤炭开采生产系统,新建；既有,煤炭开采企业的井工开采或露天开采生产系统，包括采掘、运输、提升、通风、排水、照明等主要生产环节及辅助生产系统。,N/A,N/A,企业,在中国境内运营煤炭开采企业的运营商。,生产,煤炭开采生产系统的运行活动。现有企业须达到3级限定值，新建企业须达到2级准入值。,3级,能耗限额等级,能耗限额等级分为3级（1级最低即最先进），3级为限定值（存量企业最低要求），2级为准入值（新建企业要求），1级为先进值。以吨原煤综合能耗（kgce/t）为评价指标，按开采方式（井工/露天）和矿井生产能力分级设定限值。,1）现有煤炭开采企业须达到3级限定值方可继续运营，未达标者须限期改造或淘汰；2）新建煤炭开采项目须达到2级准入值方可投产；3）1级先进值用于引导行业节能标杆。,N/A,N/A,政府机构开展的监督检查；企业能耗数据报告,市场监督管理部门和能源主管部门对煤炭开采企业进行能耗限额标准执行情况监督检查；企业须按规定报送年度能源消耗数据，接受节能监察。,合规命令；罚款；差别化电价；淘汰关停,对不符合强制性能耗限额标准的煤炭开采企业，由相关部门责令限期整改，逾期未完成整改或整改后仍不达标的，纳入差别化电价范围并依法予以淘汰关停。,其他激励或支持,国家鼓励煤炭开采企业对标1级先进值开展节能降碳改造，通过节能审查和绿色矿山建设引导和支持先进产能提升。,N/A,N/A,B05,CO2,正向,工业能效提升；工业能源消耗减少,GB 29445-2025 煤炭开采单位产品能源消耗限额,https://openstd.samr.gov.cn/bzgk/std/newGbInfo?hcno=7043EB594BD5ABD2DFA696645B96B0CF,"GB 29444-2012 (superseded, coal mines): https://openstd.samr.gov.cn/bzgk/std/newGbInfo?hcno=F2264FE27AD4688868A72C4DD87F77B0; GB 29445-2012 (superseded, open-pit mining): https://openstd.samr.gov.cn/bzgk/std/newGbInfo?hcno=7C2A5E9D8333A6111451DDFEBECF6A64"
CHNPRFEILI05S000,工具,绩效标准,单位产品能源消耗限额,工业,钢铁行业,粗钢生产主要工序单位产品能源消耗限额,Norm of Energy Consumption per Unit Production of Main Processes of Crude Steel,N/A,GB 21256-2025《粗钢生产主要工序单位产品能源消耗限额》是强制性国家标准，于2025年6月30日发布，2026年7月1日实施，替代GB 21256-2013。适用于钢铁企业的烧结、球团、高炉、转炉和电弧炉工序单位产品能耗的计算、评价以及新建、改建项目的能耗控制。能耗限额等级分为3级（1级最低），其中3级为限定值（存量企业最低要求）、2级为准入值（新建及改扩建项目要求）、1级为先进值。各工序按工艺路线和生产规模分级设定能耗限值。,提高能效；减少能耗,直接,供给侧,中国,国家,N/A,03/12/2007,01/06/2008,N/A,30/06/2025,2025年6月30日发布GB 21256-2025替代GB 21256-2013，更新各级能耗限额指标，新增电弧炉短流程工序限额要求，增加客观因素修正系数体系。,生效,国家市场监督管理总局；国家标准化管理委员会,粗钢生产主要工序,新建；既有,钢铁企业的烧结、球团、高炉炼铁、转炉炼钢和电弧炉炼钢工序的生产装置。,N/A,N/A,企业,在中国境内运营钢铁生产工序的企业。,生产,粗钢生产主要工序（烧结、球团、高炉、转炉、电弧炉）的运行活动。现有工序须达到3级限定值，新建及改扩建工序须达到2级准入值。,3级,能耗限额等级,能耗限额等级分为3级（1级最低即最先进），3级为限定值（存量企业最低要求），2级为准入值（新建及改扩建项目要求），1级为先进值。以单位产品综合能耗（kgce/t）为评价指标，按工序（烧结、球团、高炉、转炉、电弧炉）、工艺路线和产能规模分级设定限值。对影响能耗的客观因素（如原料品位、产品规格等）设有修正系数。,1）现有钢铁企业各主要工序须达到3级限定值方可继续运营，未达标者须限期改造或淘汰；2）新建及改扩建钢铁项目各工序须达到2级准入值方可投产；3）1级先进值用于引导行业节能标杆。,N/A,N/A,政府机构开展的监督检查；企业能耗数据报告,市场监督管理部门和工业和信息化主管部门对钢铁企业进行能耗限额标准执行情况监督检查；企业须按规定报送年度能源消耗数据，接受节能监察和行业监管。,合规命令；罚款；差别化电价；淘汰关停,对不符合强制性能耗限额标准的钢铁企业，由相关部门责令限期整改，逾期未完成整改或整改后仍不达标的，纳入差别化电价范围并依法采取淘汰关停措施。,其他激励或支持,国家鼓励钢铁企业对标1级先进值开展节能降碳改造，通过节能审查、钢铁行业节能降碳改造攻坚行动和产能置换政策引导和支持先进产能提升、落后产能退出。,N/A,N/A,C24,CO2,正向,工业能效提升；工业能源消耗减少；二氧化碳和大气污染物协同减排,GB 21256-2025 粗钢生产主要工序单位产品能源消耗限额,https://openstd.samr.gov.cn/bzgk/std/newGbInfo?hcno=3BB9B7A579C230D931EF7F45E2DA5C05,GB 21256-2013 (superseded): https://openstd.samr.gov.cn/bzgk/std/newGbInfo?hcno=93D6F65AC0C5739DDA47EB0FF9B62D73
CHNPRFEILI06S000,工具,绩效标准,单位产品能源消耗限额,工业,化工；纺织,化学纤维单位产品能源消耗限额,Norm of Energy Consumption per Unit Production of Chemical Fibers,N/A,GB 36889-2025《化学纤维单位产品能源消耗限额》是强制性国家标准，替代GB 36889-2018。适用于各类化学纤维（包括涤纶、锦纶、腈纶、氨纶、粘胶纤维等）生产企业单位产品能耗的计算、考核，以及新建及改扩建项目的能耗控制。能耗限额等级分为3级（1级最低），其中3级为限定值（存量企业最低要求）、2级为准入值（新建及改扩建项目要求）、1级为先进值。按纤维品种和生产工艺路线分级设定能耗限值。,提高能效；减少能耗,直接,供给侧,中国,国家,N/A,19/11/2018,01/12/2019,N/A,30/05/2025,2025年5月30日发布GB 36889-2025替代GB 36889-2018，大幅扩展覆盖纤维品种（新增粘胶纤维、锦纶6、氨纶、维纶、腈纶、丙纶、超高分子量聚乙烯纤维等），更新各级能耗限额指标。,生效,国家市场监督管理总局；国家标准化管理委员会,化学纤维生产装置,新建；既有,各类化学纤维（含涤纶、锦纶、腈纶、氨纶、粘胶纤维等）的生产装置，包括聚合、纺丝、后处理等工序。,N/A,N/A,企业,在中国境内运营化学纤维生产装置的企业。,生产,化学纤维生产装置的运行活动。现有企业须达到3级限定值，新建及改扩建企业须达到2级准入值。,3级,能耗限额等级,能耗限额等级分为3级（1级最低即最先进），3级为限定值（存量企业最低要求），2级为准入值（新建及改扩建项目要求），1级为先进值。以单位产品综合能耗（kgce/t）为评价指标，按纤维品种（涤纶短纤/长丝、锦纶、腈纶、氨纶、粘胶纤维等）和生产工艺路线分级设定限值。,1）现有化学纤维生产企业须达到3级限定值方可继续运营，未达标者须限期改造或淘汰；2）新建及改扩建化学纤维项目须达到2级准入值方可投产；3）1级先进值用于引导行业节能标杆。,N/A,N/A,政府机构开展的监督检查；企业能耗数据报告,市场监督管理部门对化学纤维生产企业进行能耗限额标准执行情况监督检查；企业须按规定报送年度能源消耗数据，接受节能监察。,合规命令；罚款；差别化电价；淘汰关停,对不符合强制性能耗限额标准的化学纤维生产企业，由相关部门责令限期整改，逾期未完成整改或整改后仍不达标的，纳入差别化电价范围并依法予以淘汰关停。,其他激励或支持,国家鼓励化学纤维生产企业对标1级先进值开展节能降碳改造，通过节能审查和绿色工厂认定引导和支持先进产能提升。,N/A,N/A,C20,CO2,正向,工业能效提升；工业能源消耗减少,GB 36889-2025 化学纤维单位产品能源消耗限额,https://openstd.samr.gov.cn/bzgk/std/newGbInfo?hcno=405998A5A2F978987A9B9DA1CFFF4AE3,GB 36889-2018 (superseded): https://openstd.samr.gov.cn/bzgk/std/newGbInfo?hcno=6261C9DF1A3A6283D026FE58AE0CEF73
CHNPRFEILI07S000,工具,绩效标准,单位产品能源消耗限额,工业,炼焦行业,焦炭单位产品能源消耗限额,Norm of Energy Consumption per Unit Production of Coke,N/A,GB 21342-2025《焦炭单位产品能源消耗限额》是强制性国家标准，于2025年4月25日发布，2026年5月1日实施，替代GB 21342-2013。适用于常规焦炉生产企业焦炭单位产品能耗的计算、考核，以及新建及改扩建项目的能耗控制。能耗限额等级分为3级（1级最低），其中3级为限定值（存量企业最低要求）、2级为准入值（新建及改扩建项目要求）、1级为先进值。按焦炉类型和生产规模分级设定能耗限值，并设有影响吨焦能耗的客观因素修正方法。,提高能效；减少能耗,直接,供给侧,中国,国家,N/A,09/01/2008,01/06/2008,N/A,25/04/2025,2025年4月25日发布GB 21342-2025替代GB 21342-2013，更新各级能耗限额指标，新增客观因素修正方法，通过数学模型计算各工序吨焦能耗。,生效,国家市场监督管理总局；国家标准化管理委员会,焦炭生产装置,新建；既有,常规焦炉（顶装焦炉和捣固焦炉）生产焦炭的装置，包括备煤、炼焦、熄焦和煤气净化等工序。,N/A,N/A,企业,在中国境内运营焦炭生产装置的企业。,生产,焦炭生产装置的运行活动。现有企业须达到3级限定值，新建及改扩建企业须达到2级准入值。,3级,能耗限额等级,能耗限额等级分为3级（1级最低即最先进），3级为限定值（存量企业最低要求），2级为准入值（新建及改扩建项目要求），1级为先进值。以单位产品综合能耗（kgce/t）为评价指标，按焦炉类型（顶装/捣固）和生产规模分级设定限值，设有影响吨焦能耗的客观因素修正方法（如原料煤性质、焦炭质量要求等）。,1）现有焦炭生产企业须达到3级限定值方可继续运营，未达标者须限期改造或淘汰；2）新建及改扩建焦炭项目须达到2级准入值方可投产；3）1级先进值用于引导行业节能标杆。,N/A,N/A,政府机构开展的监督检查；企业能耗数据报告,市场监督管理部门和工业和信息化主管部门对焦炭生产企业进行能耗限额标准执行情况监督检查；企业须按规定报送年度能源消耗数据，接受节能监察和行业监管。,合规命令；罚款；差别化电价；淘汰关停,对不符合强制性能耗限额标准的焦炭生产企业，由相关部门责令限期整改，逾期未完成整改或整改后仍不达标的，纳入差别化电价范围并依法予以淘汰关停。,其他激励或支持,国家鼓励焦炭生产企业对标1级先进值开展节能降碳改造，通过节能审查和重点行业节能降碳改造攻坚行动引导和支持先进产能提升。,N/A,N/A,C19,CO2,正向,工业能效提升；工业能源消耗减少,GB 21342-2025 焦炭单位产品能源消耗限额,https://openstd.samr.gov.cn/bzgk/std/newGbInfo?hcno=5DB2AFADA4980285095D82F5A23D947A,GB 21342-2013 (superseded): https://openstd.samr.gov.cn/bzgk/std/newGbInfo?hcno=B2F901BD9AC538D6E8133C123E77E315
CHNPRFEILI08S000,工具,绩效标准,单位产品能源消耗限额,工业,非金属矿采选及加工,石墨和萤石单位产品能源消耗限额,Norm of Energy Consumption per Unit Production of Graphite and Fluorite,N/A,GB 45549-2025《石墨和萤石单位产品能源消耗限额》是强制性国家标准，于2025年3月28日发布，2026年4月1日实施，填补了石墨和萤石行业能耗限额国家标准空白。适用于鳞片石墨、微晶石墨、萤石块矿、萤石粉矿和萤石精矿生产企业单位产品能耗的计算、考核，以及新建及改扩建项目的能耗控制。能耗限额等级分为3级（1级最低），其中3级为限定值（存量企业最低要求）、2级为准入值（新建及改扩建项目要求）、1级为先进值。按产品类型和矿石品位分级设定限值。,提高能效；减少能耗,直接,供给侧,中国,国家,N/A,28/03/2025,01/04/2026,N/A,N/A,N/A,生效,国家市场监督管理总局；国家标准化管理委员会,石墨和萤石采选加工生产系统,新建；既有,石墨采选加工（鳞片石墨和微晶石墨）生产系统，以及萤石采选加工（萤石块矿、萤石粉矿和萤石精矿）生产系统，包括破碎、磨矿、筛分/分级、浮选、浓缩压滤、烘干等主要生产系统及辅助和附属生产系统。,N/A,N/A,企业,在中国境内运营石墨或萤石采选加工生产系统的企业。,生产,石墨和萤石采选加工生产系统的运行活动。现有企业须达到3级限定值，新建及改扩建企业须达到2级准入值。,3级,能耗限额等级,能耗限额等级分为3级（1级最低即最先进），3级为限定值（存量企业最低要求），2级为准入值（新建及改扩建项目要求），1级为先进值。以单位产品综合能耗（kgce/t）为评价指标。鳞片石墨：3级≤215，2级≤150，1级≤80；微晶石墨：3级≤50，2级≤35，1级≤25。萤石块矿：3级≤15，2级≤12，1级≤10；萤石粉矿：3级≤35，2级≤30，1级≤26；萤石精矿：3级≤50，2级≤40，1级≤32。,1）现有石墨和萤石采选加工企业须达到3级限定值方可继续运营，未达标者须限期改造或淘汰；2）新建及改扩建石墨和萤石项目须达到2级准入值方可投产；3）1级先进值用于引导行业节能标杆。,N/A,N/A,政府机构开展的监督检查；企业能耗数据报告,市场监督管理部门对石墨和萤石生产企业进行能耗限额标准执行情况监督检查；企业须按规定报送年度能源消耗数据，接受节能监察。,合规命令；罚款；差别化电价；淘汰关停,对不符合强制性能耗限额标准的石墨和萤石生产企业，由相关部门责令限期整改，逾期未完成整改或整改后仍不达标的，纳入差别化电价范围并依法予以淘汰关停。,其他激励或支持,国家鼓励石墨和萤石生产企业对标1级先进值开展节能降碳改造，通过节能审查和绿色矿山建设引导和支持先进产能提升。实施后预计全行业能耗强度下降15%以上。,N/A,N/A,B08,CO2,正向,工业能效提升；工业能源消耗减少,GB 45549-2025 石墨和萤石单位产品能源消耗限额,https://openstd.samr.gov.cn/bzgk/std/newGbInfo?hcno=065164EA34C008A87E8890885F5A1DCA,N/A
CHNPRFEILI09S000,工具,绩效标准,单位产品能源消耗限额,工业,建材,铝（塑）复合板单位产品能源消耗限额,Norm of Energy Consumption per Unit Production of Aluminum (Plastic) Composite Panel,N/A,GB 30185-2025《铝（塑）复合板单位产品能源消耗限额》是强制性国家标准，于2025年2月28日发布，2026年3月1日实施，替代GB 30185-2013。适用于铝塑复合板、不燃铝复合板和装饰用铝单板生产企业单位产品能耗的计算、考核，以及新建及改扩建项目的能耗控制。能耗限额等级分为3级（1级最低），其中3级为限定值（存量企业最低要求）、2级为准入值（新建及改扩建项目要求）、1级为先进值。按产品类型分级设定能耗限值。,提高能效；减少能耗,直接,供给侧,中国,国家,N/A,31/12/2013,01/12/2014,N/A,28/02/2025,2025年2月28日发布GB 30185-2025替代GB 30185-2013，新增不燃铝复合板和装饰用铝单板两个品类，更新各级能耗限额指标，删除节能管理与措施章节，技术要求纳入正文。,生效,国家市场监督管理总局；国家标准化管理委员会,铝（塑）复合板生产装置,新建；既有,铝塑复合板、不燃铝复合板和装饰用铝单板的生产装置，包括涂装、复合、剪切等主要工序及辅助生产系统。,N/A,N/A,企业,在中国境内运营铝（塑）复合板生产装置的企业。,生产,铝（塑）复合板生产装置的运行活动。现有企业须达到3级限定值，新建及改扩建企业须达到2级准入值。,3级,能耗限额等级,能耗限额等级分为3级（1级最低即最先进），3级为限定值（存量企业最低要求），2级为准入值（新建及改扩建项目要求），1级为先进值。以单位产品综合能耗（kgce/万m²）为评价指标，按产品类型（铝塑复合板/不燃铝复合板/装饰用铝单板）分级设定限值。,1）现有铝（塑）复合板生产企业须达到3级限定值方可继续运营，未达标者须限期改造或淘汰；2）新建及改扩建铝（塑）复合板项目须达到2级准入值方可投产；3）1级先进值用于引导行业节能标杆。,N/A,N/A,政府机构开展的监督检查；企业能耗数据报告,市场监督管理部门对铝（塑）复合板生产企业进行能耗限额标准执行情况监督检查；企业须按规定报送年度能源消耗数据，接受节能监察。,合规命令；罚款；差别化电价；淘汰关停,对不符合强制性能耗限额标准的铝（塑）复合板生产企业，由相关部门责令限期整改，逾期未完成整改或整改后仍不达标的，纳入差别化电价范围并依法予以淘汰关停。,其他激励或支持,国家鼓励铝（塑）复合板生产企业对标1级先进值开展节能降碳改造，通过节能审查和绿色建材认证引导和支持先进产能提升。,N/A,N/A,C25,CO2,正向,工业能效提升；工业能源消耗减少,GB 30185-2025 铝（塑）复合板单位产品能源消耗限额,https://openstd.samr.gov.cn/bzgk/std/newGbInfo?hcno=6748E505890163484CE72741CF7D8D3A,GB 30185-2013 (superseded): https://openstd.samr.gov.cn/bzgk/std/newGbInfo?hcno=560D51C1E285DC30D8E67E5B5CFB6C0F
CHNPRFEILI10S000,工具,绩效标准,单位产品能源消耗限额,工业,食品饮料,啤酒单位产品能源消耗限额,Norm of Energy Consumption per Unit Production of Beer,N/A,GB 32047-2025《啤酒单位产品能源消耗限额》是强制性国家标准，于2025年1月24日发布，2026年8月1日实施，替代GB 32047-2015。适用于啤酒生产企业（不包括工坊啤酒）单位产品能耗的计算、考核，以及新建及改扩建项目的能耗控制。调研覆盖2021-2023年五大啤酒集团及下属165家企业，占全国啤酒产能80%以上。能耗限额等级分为3级（1级最低），其中3级为限定值（存量企业最低要求）、2级为准入值（新建及改扩建项目要求）、1级为先进值。各级能耗指标较2015版下降约13%-23%。预计实施后每年可节约26万吨标准煤，拉动6亿元技术改造投资。,提高能效；减少能耗,直接,供给侧,中国,国家,N/A,11/09/2015,01/10/2016,N/A,24/01/2025,2025年1月24日发布GB 32047-2025替代GB 32047-2015，各级能耗指标较2015版下降约13%-23%，基于2021-2023年五大啤酒集团165家企业调研数据修订。,生效,国家市场监督管理总局；国家标准化管理委员会,啤酒生产装置,新建；既有,啤酒生产企业的糖化、发酵、过滤、包装等全过程生产装置及辅助系统（不包括工坊啤酒）。,N/A,N/A,企业,在中国境内运营啤酒生产装置的企业（不包括工坊啤酒）。,生产,啤酒生产装置的运行活动。现有企业须达到3级限定值，新建及改扩建企业须达到2级准入值。,3级,能耗限额等级,能耗限额等级分为3级（1级最低即最先进），3级为限定值（存量企业最低要求），2级为准入值（新建及改扩建项目要求），1级为先进值。以单位产品综合能耗（kgce/kL）为评价指标。各级能耗指标较2015版下降约13%-23%。计算方法按GB/T 2589执行。,1）现有啤酒生产企业须达到3级限定值方可继续运营，未达标者须限期改造或淘汰；2）新建及改扩建啤酒项目须达到2级准入值方可投产；3）1级先进值用于引导行业节能标杆。,N/A,N/A,政府机构开展的监督检查；企业能耗数据报告,市场监督管理部门对啤酒生产企业进行能耗限额标准执行情况监督检查；企业须按规定报送年度能源消耗数据，接受节能监察。,合规命令；罚款；差别化电价；淘汰关停,对不符合强制性能耗限额标准的啤酒生产企业，由相关部门责令限期整改，逾期未完成整改或整改后仍不达标的，纳入差别化电价范围并依法予以淘汰关停。,其他激励或支持,国家鼓励啤酒生产企业对标1级先进值开展节能降碳改造，通过节能审查和绿色工厂认定引导和支持先进产能提升；预计拉动6亿元技术改造投资。,N/A,N/A,C11,CO2,正向,工业能效提升；工业能源消耗减少,GB 32047-2025 啤酒单位产品能源消耗限额,https://openstd.samr.gov.cn/bzgk/std/newGbInfo?hcno=FD4197AA490DD8F5038521420BB8EAB6,GB 32047-2015 (superseded): https://openstd.samr.gov.cn/bzgk/std/newGbInfo?hcno=C1DFB96F1DEE094771AD9648B5A06D9C
CHNPRFEILI11S000,工具,绩效标准,单位产品能源消耗限额,能源,天然气发电,燃气-蒸汽联合循环发电机组单位产品能源消耗限额,Norm of Energy Consumption per Unit Production of Gas-Steam Combined Cycle Power Generation Units,N/A,GB 45247-2025《燃气-蒸汽联合循环发电机组单位产品能源消耗限额》是强制性国家标准，于2025年1月24日发布，2025年8月1日实施，为首次制定。适用于100 MW及以上容量等级的燃气-蒸汽联合循环发电机组（供电煤耗和供热煤耗的计算、考核，以及新建或改扩建机组的能耗控制），不适用于分布式燃气发电项目。能耗限额等级分为3级（1级最低），其中3级为限定值（现有机组最低要求）、2级为准入值（新建及改扩建机组要求）、1级为先进值。按燃机级别（H级、F级、E级）和容量分级设定供电煤耗和供热煤耗限值。预计'十五五'期间累计节约300万吨标准煤，减少CO₂排放约800万吨。,提高能效；减少能耗,直接,供给侧,中国,国家,N/A,24/01/2025,01/08/2025,N/A,N/A,N/A,生效,国家市场监督管理总局；国家标准化管理委员会,燃气-蒸汽联合循环发电机组,新建；既有,100 MW及以上容量等级的燃气-蒸汽联合循环发电机组，按燃机透平第1级静叶入口温度分为H级（>1500℃）、F级（1250℃-1500℃）、E级（1100℃-1250℃）。不适用于分布式燃气发电项目。,N/A,N/A,企业,在中国境内运营燃气-蒸汽联合循环发电机组的企业。,生产,燃气-蒸汽联合循环发电机组的运行活动。现有机组须达到3级限定值，新建及改扩建机组须达到2级准入值。,3级,能耗限额等级,能耗限额等级分为3级（1级最低即最先进），3级为限定值（现有机组最低要求），2级为准入值（新建及改扩建机组要求），1级为先进值。以供电标准煤耗（gce/kWh）和供热标准煤耗（kgce/GJ）为评价指标。H级（600 MW）：3级≤210，2级≤205，1级≤198；F级（400 MW）：3级≤222，2级≤210，1级≤201；F级（300 MW，供热）：3级供电≤226/供热≤39，2级≤215/≤38.5，1级≤205/≤38；F级（100 MW）：3级≤240，2级≤230，1级≤218；E级（100 MW）：3级≤255，2级≤245，1级≤232。,1）现有燃气-蒸汽联合循环发电机组须达到3级限定值方可继续运行，未达标者须实施节能改造；2）新建及改扩建机组须达到2级准入值方可核准投产；3）1级先进值用于引导行业节能标杆。,N/A,N/A,政府机构开展的监督检查；企业能耗数据报告,市场监督管理部门和能源主管部门对燃气发电企业进行能耗限额标准执行情况监督检查；企业须按规定报送年度能源消耗数据，接受节能监察和电力监管。,合规命令；罚款；差别化电价；淘汰关停,对不符合强制性能耗限额标准的燃气发电企业，由相关部门责令限期整改，逾期未完成整改或整改后仍不达标的，纳入差别化气价/电价范围并依法采取关停措施。,其他激励或支持,国家鼓励燃气发电企业对标1级先进值开展节能降碳改造，通过节能审查和绿色电力认证引导和支持先进产能提升。预计'十五五'期间累计节约300万吨标准煤。,N/A,N/A,D35,CO2,正向,工业能效提升；工业能源消耗减少；二氧化碳和大气污染物协同减排,GB 45247-2025 燃气-蒸汽联合循环发电机组单位产品能源消耗限额,https://openstd.samr.gov.cn/bzgk/std/newGbInfo?hcno=3627D46BC09E598FDFBD4C3870A45CA4,N/A
CHNPRFEILI12S000,工具,绩效标准,单位产品能源消耗限额,工业,木材加工,人造板类主要产品单位产品能源消耗限额,Norm of Energy Consumption per Unit Production of Main Wood-Based Panel Products,N/A,GB 45246-2025《人造板类主要产品单位产品能源消耗限额》是强制性国家标准，于2025年1月24日发布，2026年2月1日实施，为首次制定。适用于以木质材料生产的中密度纤维板、高密度纤维板、普通胶合板和普通型刨花板生产企业的单位产品能耗计算、考核，以及新建和改扩建项目的能耗控制。能耗限额等级分为3级（1级最低），其中3级为限定值（存量企业最低要求）、2级为准入值（新建及改扩建项目要求）、1级为先进值。按产品类型分级设定能耗限值。预计标准全面实施后每年可节能约30万吨标准煤，减少二氧化碳排放约75万吨。,提高能效；减少能耗,直接,供给侧,中国,国家,N/A,24/01/2025,01/02/2026,N/A,N/A,N/A,生效,国家市场监督管理总局；国家标准化管理委员会,人造板生产装置,新建；既有,以木质材料为原料的中密度纤维板、高密度纤维板、普通胶合板和普通型刨花板的生产装置，包括热压、干燥、制胶等主要生产系统及辅助系统。,N/A,N/A,企业,在中国境内运营人造板生产装置的企业。,生产,人造板生产装置的运行活动。现有企业须达到3级限定值，新建及改扩建企业须达到2级准入值。,3级,能耗限额等级,能耗限额等级分为3级（1级最低即最先进），3级为限定值（存量企业最低要求），2级为准入值（新建及改扩建项目要求），1级为先进值。以单位产品综合能耗（kgce/m³）为评价指标，按产品类型分级设定限值。纤维板：3级≤180，2级≤130，1级≤120。普通胶合板（全工序）：3级≤223，2级≤197，1级≤170。普通胶合板（前段工序）：3级≤150，2级≤130，1级≤110。普通胶合板（后段工序）：3级≤73，2级≤67，1级≤60。刨花板（普通型）：3级≤150，2级≤110，1级≤100。,1）现有人造板生产企业须达到3级限定值方可继续运营，未达标者须限期改造或淘汰；2）新建及改扩建人造板项目须达到2级准入值方可投产；3）1级先进值用于引导行业节能标杆。,N/A,N/A,政府机构开展的监督检查；企业能耗数据报告,市场监督管理部门对人造板生产企业进行能耗限额标准执行情况监督检查；企业须按规定报送年度能源消耗数据，接受节能监察。,合规命令；罚款；差别化电价；淘汰关停,对不符合强制性能耗限额标准的人造板生产企业，由相关部门责令限期整改，逾期未完成整改或整改后仍不达标的，纳入差别化电价范围并依法予以淘汰关停。,其他激励或支持,国家鼓励人造板生产企业对标1级先进值开展节能降碳改造，通过节能审查和绿色工厂认定引导和支持先进产能提升。,N/A,N/A,C16,CO2,正向,工业能效提升；工业能源消耗减少,GB 45246-2025 人造板类主要产品单位产品能源消耗限额,https://openstd.samr.gov.cn/bzgk/std/newGbInfo?hcno=414C651F4237CDBA21C70AB30480A56E,N/A
CHNPRFEILI13S000,工具,绩效标准,单位产品能源消耗限额,工业,化工,工业硫酸、稀硝酸和冰醋酸单位产品能源消耗限额,"Norm of Energy Consumption per Unit Production of Industrial Sulfuric Acid, Dilute Nitric Acid and Glacial Acetic Acid",N/A,GB 29141-2024《工业硫酸、稀硝酸和冰醋酸单位产品能源消耗限额》是强制性国家标准，于2024年5月28日发布，2025年6月1日实施，整合替代GB 29141-2012、GB 29437-2012和GB 29441-2012。适用于工业硫酸、稀硝酸和冰醋酸生产企业的单位产品能耗计算、考核，以及新建和改扩建项目的能耗控制。能耗限额等级分为3级（1级最低），其中3级为限定值（存量企业最低要求）、2级为准入值（新建及改扩建项目要求）、1级为先进值。按产品类型和工艺路线（硫磺、硫铁矿、冶炼烟气等）分级设定能耗限值。,提高能效；减少能耗,直接,供给侧,中国,国家,N/A,27/09/2012,01/10/2013,N/A,28/05/2024,2024年5月28日发布GB 29141-2024，整合替代GB 29141-2012、GB 29437-2012和GB 29441-2012，将工业硫酸、稀硝酸和冰醋酸三类产品能耗限额合并为一项标准，更新各级能耗限额指标。,生效,国家市场监督管理总局；国家标准化管理委员会,硫酸、稀硝酸和冰醋酸生产装置,新建；既有,工业硫酸（硫磺法、硫铁矿法、铜冶炼烟气法等）、稀硝酸和冰醋酸的生产装置，包括原料处理、反应、吸收/精馏等主要工艺系统及辅助生产系统。,N/A,N/A,企业,在中国境内运营工业硫酸、稀硝酸或冰醋酸生产装置的企业。,生产,硫酸、稀硝酸和冰醋酸生产装置的运行活动。现有企业须达到3级限定值，新建及改扩建企业须达到2级准入值。,3级,能耗限额等级,能耗限额等级分为3级（1级最低即最先进），3级为限定值（存量企业最低要求），2级为准入值（新建及改扩建项目要求），1级为先进值。以单位产品综合能耗（kgce/t）为评价指标，按产品类型和工艺路线分级设定限值。工业硫酸（硫磺）：3级≤-140，2级≤-190，1级≤-205。工业硫酸（硫铁矿）：3级≤-120，2级≤-130，1级≤-140。工业硫酸（铜冶炼烟气）：3级≤10，2级≤-10，1级≤-50。稀硝酸：3级≤30，2级≤-5，1级≤-20。冰醋酸：3级≤120，2级≤90，1级≤70。,1）现有硫酸、稀硝酸和冰醋酸生产企业须达到3级限定值方可继续运营，未达标者须限期改造或淘汰；2）新建及改扩建项目须达到2级准入值方可投产；3）1级先进值用于引导行业节能标杆。,N/A,N/A,政府机构开展的监督检查；企业能耗数据报告,市场监督管理部门对硫酸、稀硝酸和冰醋酸生产企业进行能耗限额标准执行情况监督检查；企业须按规定报送年度能源消耗数据，接受节能监察。,合规命令；罚款；差别化电价；淘汰关停,对不符合强制性能耗限额标准的硫酸、稀硝酸或冰醋酸生产企业，由相关部门责令限期整改，逾期未完成整改或整改后仍不达标的，纳入差别化电价范围并依法予以淘汰关停。,其他激励或支持,国家鼓励硫酸、稀硝酸和冰醋酸生产企业对标1级先进值开展节能降碳改造，通过节能审查和绿色工厂认定引导和支持先进产能提升。,N/A,N/A,C20,CO2,正向,工业能效提升；工业能源消耗减少,GB 29141-2024 工业硫酸、稀硝酸和冰醋酸单位产品能源消耗限额,https://openstd.samr.gov.cn/bzgk/std/newGbInfo?hcno=8836ECA91BD3B22A28570D35D8B21D41,GB 29141-2012（旧版）：https://openstd.samr.gov.cn/bzgk/std/nd?no=2162
CHNPRFEILI14S000,工具,绩效标准,单位产品能源消耗限额,工业,化工,烧碱、聚氯乙烯树脂和甲烷氯化物单位产品能源消耗限额,"Norm of Energy Consumption per Unit Production of Caustic Soda, PVC and Chlorinated Methanes",N/A,GB 21257-2024《烧碱、聚氯乙烯树脂和甲烷氯化物单位产品能源消耗限额》是强制性国家标准，于2024年4月29日发布，2025年5月1日实施，替代GB 21257-2014和GB 30527-2014。适用于离子膜电解法烧碱、聚氯乙烯树脂和甲烷氯化物生产企业的单位产品能耗计算、考核，以及新建和改扩建项目的能耗控制。能耗限额等级分为3级（1级最低），其中3级为限定值（存量企业最低要求）、2级为准入值（新建及改扩建项目要求）、1级为先进值。与2014版相比，删除隔膜法烧碱装置能耗限额，新增甲烷氯化物产品能耗限额，进一步降低烧碱和聚氯乙烯单位产品综合能耗限额。,提高能效；减少能耗,直接,供给侧,中国,国家,N/A,03/12/2007,01/06/2008,N/A,29/04/2024,2024年4月29日发布GB 21257-2024替代GB 21257-2014和GB 30527-2014，删除隔膜法烧碱装置能耗限额，新增甲烷氯化物产品能耗限额，更改烧碱和聚氯乙烯树脂统计范围，更新各级能耗限额指标。,生效,国家市场监督管理总局；国家标准化管理委员会,烧碱、聚氯乙烯树脂和甲烷氯化物生产装置,新建；既有,离子膜电解法烧碱生产装置、聚氯乙烯树脂（PVC）生产装置和甲烷氯化物生产装置，包括电解、聚合、氯化、精馏等主要工序及辅助生产系统。,N/A,N/A,企业,在中国境内运营烧碱、聚氯乙烯树脂或甲烷氯化物生产装置的企业。,生产,烧碱、聚氯乙烯树脂和甲烷氯化物生产装置的运行活动。现有企业须达到3级限定值，新建及改扩建企业须达到2级准入值。,3级,能耗限额等级,能耗限额等级分为3级（1级最低即最先进），3级为限定值（存量企业最低要求），2级为准入值（新建及改扩建项目要求），1级为先进值。以单位产品综合能耗（kgce/t）为评价指标，按产品类型分级设定限值。离子膜法液碱（质量分数≥30.0%）：3级≤350，2级≤325，1级≤308。聚氯乙烯树脂（通用型）：3级≤220，2级≤200，1级≤185。甲烷氯化物：按产品品种分级设定限值。,1）现有烧碱、聚氯乙烯树脂和甲烷氯化物生产企业须达到3级限定值方可继续运营，未达标者须限期改造或淘汰；2）新建及改扩建项目须达到2级准入值方可投产；3）1级先进值用于引导行业节能标杆。,N/A,N/A,政府机构开展的监督检查；企业能耗数据报告,市场监督管理部门对烧碱、聚氯乙烯树脂和甲烷氯化物生产企业进行能耗限额标准执行情况监督检查；企业须按规定报送年度能源消耗数据，接受节能监察。,合规命令；罚款；差别化电价；淘汰关停,对不符合强制性能耗限额标准的烧碱、聚氯乙烯树脂或甲烷氯化物生产企业，由相关部门责令限期整改，逾期未完成整改或整改后仍不达标的，纳入差别化电价范围并依法予以淘汰关停。,其他激励或支持,国家鼓励烧碱、聚氯乙烯树脂和甲烷氯化物生产企业对标1级先进值开展节能降碳改造，通过节能审查和绿色工厂认定引导和支持先进产能提升。,N/A,N/A,C20,CO2,正向,工业能效提升；工业能源消耗减少,GB 21257-2024 烧碱、聚氯乙烯树脂和甲烷氯化物单位产品能源消耗限额,https://openstd.samr.gov.cn/bzgk/std/newGbInfo?hcno=E49F11C43C31BD89386C871B3D75F054,GB 21257-2014（旧版）：https://openstd.samr.gov.cn/bzgk/std/nd?no=2142
CHNPRFEILI15S000,工具,绩效标准,单位产品能源消耗限额,工业,化工,钛白粉和氧化铁颜料单位产品能源消耗限额,Norm of Energy Consumption per Unit Production of Titanium Dioxide and Iron Oxide Pigments,N/A,GB 32051-2024《钛白粉和氧化铁颜料单位产品能源消耗限额》是强制性国家标准，于2024年4月29日发布，2025年5月1日实施，替代GB 32051-2015。适用于硫酸法和氯化法钛白粉（不包括盐酸法氯化钛白粉和低品位高炉含钛渣低温氯化工艺）以及氧化铁颜料生产企业的单位产品能耗计算、考核，以及新建和改扩建项目的能耗控制。能耗限额等级分为3级（1级最低），其中3级为限定值（存量企业最低要求）、2级为准入值（新建及改扩建项目要求）、1级为先进值。与2015版相比，新增了氧化铁颜料的能耗限额要求。,提高能效；减少能耗,直接,供给侧,中国,国家,N/A,11/09/2015,01/10/2016,N/A,29/04/2024,2024年4月29日发布GB 32051-2024替代GB 32051-2015，新增氧化铁颜料能耗限额要求，更新钛白粉各级能耗限额指标。,生效,国家市场监督管理总局；国家标准化管理委员会,钛白粉和氧化铁颜料生产装置,新建；既有,硫酸法钛白粉（以钛铁矿、钛精矿或酸溶性钛渣为原料）、氯化法钛白粉（以天然金红石、人造金红石或氯化高钛渣及氯气为原料）和氧化铁颜料（以废铁、硫酸亚铁、硝酸、硫酸为原料）的生产装置。不包括盐酸法氯化钛白粉和低品位高炉含钛渣低温氯化钛白粉生产工艺。,N/A,N/A,企业,在中国境内运营钛白粉或氧化铁颜料生产装置的企业。,生产,钛白粉和氧化铁颜料生产装置的运行活动。现有企业须达到3级限定值，新建及改扩建企业须达到2级准入值。,3级,能耗限额等级,能耗限额等级分为3级（1级最低即最先进），3级为限定值（存量企业最低要求），2级为准入值（新建及改扩建项目要求），1级为先进值。以单位产品综合能耗（kgce/t）为评价指标，按产品类型和工艺路线分级设定限值。硫酸法钛白粉（金红石型）：3级≤1300，2级≤1000，1级≤860。硫酸法钛白粉（锐钛型）：3级≤1000，2级≤800，1级≤700。氯化法钛白粉：3级≤950，2级≤900，1级≤700。氧化铁红：3级≤780，2级≤650，1级≤580。氧化铁黄：3级≤900，2级≤750，1级≤600。氧化铁黑：3级≤600，2级≤460，1级≤410。,1）现有钛白粉和氧化铁颜料生产企业须达到3级限定值方可继续运营，未达标者须限期改造或淘汰；2）新建及改扩建项目须达到2级准入值方可投产；3）1级先进值用于引导行业节能标杆。,N/A,N/A,政府机构开展的监督检查；企业能耗数据报告,市场监督管理部门对钛白粉和氧化铁颜料生产企业进行能耗限额标准执行情况监督检查；企业须按规定报送年度能源消耗数据，接受节能监察。,合规命令；罚款；差别化电价；淘汰关停,对不符合强制性能耗限额标准的钛白粉或氧化铁颜料生产企业，由相关部门责令限期整改，逾期未完成整改或整改后仍不达标的，纳入差别化电价范围并依法予以淘汰关停。,其他激励或支持,国家鼓励钛白粉和氧化铁颜料生产企业对标1级先进值开展节能降碳改造，通过节能审查和绿色工厂认定引导和支持先进产能提升。,N/A,N/A,C20,CO2,正向,工业能效提升；工业能源消耗减少,GB 32051-2024 钛白粉和氧化铁颜料单位产品能源消耗限额,https://openstd.samr.gov.cn/bzgk/std/newGbInfo?hcno=DAC18F2C6C2B3B9C47F34CC093434B82,GB 32051-2015（旧版）：https://openstd.samr.gov.cn/bzgk/std/nd?no=2142
CHNPRFEILI16S000,工具,绩效标准,单位产品能源消耗限额,能源；工业,煤化工,煤制烯烃、煤制天然气和煤制油单位产品能源消耗限额,"Norm of Energy Consumption per Unit Production of Coal-to-Olefins, Coal-to-Synthetic Natural Gas and Coal-to-Liquids",N/A,GB 30180-2024《煤制烯烃、煤制天然气和煤制油单位产品能源消耗限额》是强制性国家标准，于2024年4月29日发布，2025年5月1日实施，整合替代GB 30178-2013、GB 30179-2013和GB 30180-2013。适用于煤（经甲醇）制烯烃、煤制天然气、煤直接液化制油和煤间接液化制油生产企业的单位产品能耗计算、考核，以及新建和改扩建项目的能耗控制。不适用于以焦炉煤气或多元原料生产烯烃的企业，以及外购甲醇生产烯烃的企业。能耗限额等级分为3级（1级最低），其中3级为限定值（存量企业最低要求）、2级为准入值（新建及改扩建项目要求）、1级为先进值。与2013版相比，核心修订为将原料用能与非原料用能区分统计，原料用能可扣除。,提高能效；减少能耗,直接,供给侧,中国,国家,N/A,31/12/2013,01/12/2014,N/A,29/04/2024,2024年4月29日发布GB 30180-2024替代GB 30178-2013、GB 30179-2013和GB 30180-2013，将原料用能与非原料用能区分统计，删除先进值改为能耗限额等级体系，更新各级能耗限额指标。,生效,国家市场监督管理总局；国家标准化管理委员会,煤制烯烃、煤制天然气和煤制油生产装置,新建；既有,以煤为原料经甲醇制烯烃（MTO/MTP）生产装置、煤制天然气（甲烷化）生产装置、煤直接液化制油和煤间接液化（费托合成）制油生产装置。不包括以焦炉煤气或多元原料生产烯烃的装置，以及外购甲醇生产烯烃的装置。,N/A,N/A,企业,在中国境内运营煤制烯烃、煤制天然气或煤制油生产装置的企业。,生产,煤制烯烃、煤制天然气和煤制油生产装置的运行活动。现有企业须达到3级限定值，新建及改扩建企业须达到2级准入值。,3级,能耗限额等级,能耗限额等级分为3级（1级最低即最先进），3级为限定值（存量企业最低要求），2级为准入值（新建及改扩建项目要求），1级为先进值。以单位产品综合能耗（非原料用能）为评价指标，按产品类型和工艺路线分级设定限值。原料用能（用作原料的煤、天然气等）可扣除，更科学反映煤化工实际能效水平。按煤制烯烃、煤制天然气、煤直接液化制油和煤间接液化制油分别设定能耗限额指标。,1）现有煤制烯烃、煤制天然气和煤制油生产企业须达到3级限定值方可继续运营，未达标者须限期改造或淘汰；2）新建及改扩建项目须达到2级准入值方可投产；3）1级先进值用于引导行业节能标杆。,N/A,N/A,政府机构开展的监督检查；企业能耗数据报告,市场监督管理部门和能源主管部门对煤制烯烃、煤制天然气和煤制油生产企业进行能耗限额标准执行情况监督检查；企业须按规定报送年度能源消耗数据，接受节能监察。,合规命令；罚款；差别化电价；淘汰关停,对不符合强制性能耗限额标准的煤制烯烃、煤制天然气或煤制油生产企业，由相关部门责令限期整改，逾期未完成整改或整改后仍不达标的，纳入差别化电价范围并依法予以淘汰关停。,其他激励或支持,国家鼓励煤制烯烃、煤制天然气和煤制油生产企业对标1级先进值开展节能降碳改造，通过节能审查和行业能效领跑者引导和支持先进产能提升。,N/A,N/A,C20,CO2,正向,工业能效提升；工业能源消耗减少；二氧化碳和大气污染物协同减排,GB 30180-2024 煤制烯烃、煤制天然气和煤制油单位产品能源消耗限额,https://openstd.samr.gov.cn/bzgk/std/newGbInfo?hcno=6142C24B8C115E93984C89692BCBB70F,GB 30178-2013（旧版，煤直接液化制油）、GB 30179-2013（旧版，煤制天然气）、GB 30180-2013（旧版，煤制烯烃）：https://openstd.samr.gov.cn/bzgk/std/nd?no=2142
CHNPRFEILI17S000,工具,绩效标准,单位产品能源消耗限额,工业,金矿开采及冶炼,金矿开采、选冶和金精炼单位产品能源消耗限额,"Norm of Energy Consumption per Unit Production for Gold Mining, Mineral Processing, Metallurgy and Refining of Gold",N/A,GB 32032-2024《金矿开采、选冶和金精炼单位产品能源消耗限额》是强制性国家标准，于2024年4月29日发布，2025年5月1日实施，整合替代GB 32032-2015、GB 32033-2015和GB 32034-2015。适用于金矿开采、选冶和金精炼生产企业的单位产品能耗计算、考核，以及新建和改扩建项目的能耗控制。能耗限额等级分为3级（1级最低），其中3级为限定值（存量企业最低要求）、2级为准入值（新建及改扩建项目要求）、1级为先进值。按开采方式（露天/地下）、选冶工艺（生物氧化、焙烧氧化等）和金精炼工艺（化学法、电解法）分级设定能耗限值。,提高能效；减少能耗,直接,供给侧,中国,国家,N/A,11/09/2015,01/10/2016,N/A,29/04/2024,2024年4月29日发布GB 32032-2024替代GB 32032-2015、GB 32033-2015和GB 32034-2015，将金矿开采、选冶和金精炼三部标准整合为一，更新各级能耗限额指标。,生效,国家市场监督管理总局；国家标准化管理委员会,金矿开采、选冶和金精炼生产系统,新建；既有,金矿开采（露天或地下开采）、金矿选冶（生物氧化、焙烧氧化、氰化浸出等工艺）和金精炼（化学法或电解法）的生产系统，包括采矿、破碎磨矿、浸出、冶炼、精炼等主要工序及辅助生产系统。,N/A,N/A,企业,在中国境内运营金矿开采、选冶或金精炼生产系统的企业。,生产,金矿开采、选冶和金精炼生产系统的运行活动。现有企业须达到3级限定值，新建及改扩建企业须达到2级准入值。,3级,能耗限额等级,能耗限额等级分为3级（1级最低即最先进），3级为限定值（存量企业最低要求），2级为准入值（新建及改扩建项目要求），1级为先进值。以单位产品综合能耗（kgce/t矿或kgce/kg金）为评价指标，按开采方式、选冶工艺和金精炼工艺分级设定限值。金矿选冶（生物氧化工艺）：3级≤65.60，2级≤60.35，1级≤52.00 kgce/t。金精炼（化学法）：3级≤5.40，2级≤4.85，1级≤4.20 kgce/kg。金精炼（电解法）：3级≤4.55，2级≤4.35，1级≤4.10 kgce/kg。金矿开采按露天和地下分别设定能耗限额。,1）现有金矿开采、选冶和金精炼企业须达到3级限定值方可继续运营，未达标者须限期改造或淘汰；2）新建及改扩建项目须达到2级准入值方可投产；3）1级先进值用于引导行业节能标杆。,N/A,N/A,政府机构开展的监督检查；企业能耗数据报告,市场监督管理部门和自然资源主管部门对金矿开采、选冶和金精炼企业进行能耗限额标准执行情况监督检查；企业须按规定报送年度能源消耗数据，接受节能监察。,合规命令；罚款；差别化电价；淘汰关停,对不符合强制性能耗限额标准的金矿开采、选冶或金精炼企业，由相关部门责令限期整改，逾期未完成整改或整改后仍不达标的，纳入差别化电价范围并依法予以淘汰关停。,其他激励或支持,国家鼓励金矿开采、选冶和金精炼企业对标1级先进值开展节能降碳改造，通过节能审查和绿色矿山建设引导和支持先进产能提升。,N/A,N/A,B07,CO2,正向,工业能效提升；工业能源消耗减少,GB 32032-2024 金矿开采、选冶和金精炼单位产品能源消耗限额,https://openstd.samr.gov.cn/bzgk/std/newGbInfo?hcno=B268E46CD43CCE0EF203B95F3993D6FC,GB 32032-2015（旧版）、GB 32033-2015（旧版）、GB 32034-2015（旧版）：https://openstd.samr.gov.cn/bzgk/std/nd?no=2142
CHNPRFEILI18S000,工具,绩效标准,单位产品能源消耗限额,工业,化工,黄磷单位产品能源消耗限额,Norm of Energy Consumption per Unit Production of Yellow Phosphorus,N/A,GB 21345-2024《黄磷单位产品能源消耗限额》是强制性国家标准，于2024年4月29日发布，2025年5月1日实施，替代GB 21345-2015。适用于电炉法黄磷生产企业的单位产品能耗计算、考核，以及新建和改扩建项目的能耗控制。能耗限额等级分为3级（1级最低），其中3级为限定值（存量企业最低要求）、2级为准入值（新建及改扩建项目要求）、1级为先进值。以单位产品综合能耗和单位产品电炉电耗为双重评价指标。,提高能效；减少能耗,直接,供给侧,中国,国家,N/A,09/01/2008,01/07/2008,N/A,29/04/2024,2024年4月29日发布GB 21345-2024替代GB 21345-2015，更新各级能耗限额指标，进一步降低单位产品综合能耗和电炉电耗限额。,生效,国家市场监督管理总局；国家标准化管理委员会,黄磷生产装置,新建；既有,采用电炉法以磷矿石为原料生产黄磷的装置，包括原料处理、电炉还原、磷蒸冷凝等主要工序及辅助生产系统。,N/A,N/A,企业,在中国境内运营电炉法黄磷生产装置的企业。,生产,黄磷生产装置的运行活动。现有企业须达到3级限定值，新建及改扩建企业须达到2级准入值。,3级,能耗限额等级,能耗限额等级分为3级（1级最低即最先进），3级为限定值（存量企业最低要求），2级为准入值（新建及改扩建项目要求），1级为先进值。以单位产品综合能耗（kgce/t）和单位产品电炉电耗（kW·h/t）为双重评价指标。单位产品综合能耗：3级≤2800，2级≤2600，1级≤2300。单位产品电炉电耗：3级≤13300，2级≤12500，1级≤12000。,1）现有黄磷生产企业须达到3级限定值方可继续运营，未达标者须限期改造或淘汰；2）新建及改扩建黄磷项目须达到2级准入值方可投产；3）1级先进值用于引导行业节能标杆。,N/A,N/A,政府机构开展的监督检查；企业能耗数据报告,市场监督管理部门对黄磷生产企业进行能耗限额标准执行情况监督检查；企业须按规定报送年度能源消耗数据，接受节能监察。,合规命令；罚款；差别化电价；淘汰关停,对不符合强制性能耗限额标准的黄磷生产企业，由相关部门责令限期整改，逾期未完成整改或整改后仍不达标的，纳入差别化电价范围并依法予以淘汰关停。,其他激励或支持,国家鼓励黄磷生产企业对标1级先进值开展节能降碳改造，通过节能审查和绿色工厂认定引导和支持先进产能提升。,N/A,N/A,C20,CO2,正向,工业能效提升；工业能源消耗减少,GB 21345-2024 黄磷单位产品能源消耗限额,https://openstd.samr.gov.cn/bzgk/std/newGbInfo?hcno=C3476FF3135DC1131ED69638176BDB8B,GB 21345-2015（旧版）：https://openstd.samr.gov.cn/bzgk/std/nd?no=2142
CHNPRFEILI19S000,工具,绩效标准,单位产品能源消耗限额,工业,橡胶加工；化工,轮胎和炭黑单位产品能源消耗限额,Norm of Energy Consumption per Unit Production of Tyres and Carbon Black,N/A,GB 29449-2024《轮胎和炭黑单位产品能源消耗限额》是强制性国家标准，于2024年4月29日发布，2025年5月1日实施，整合替代GB 29449-2012和GB 29440-2012。适用于全钢子午线轮胎、半钢子午线轮胎、工程机械轮胎、斜交轮胎和橡胶行业用炭黑生产企业的单位产品能耗计算、考核，以及新建和改扩建项目的能耗控制。能耗限额等级分为3级（1级最低），其中3级为限定值（存量企业最低要求）、2级为准入值（新建及改扩建项目要求）、1级为先进值。与2012版相比，部分轮胎产品能耗限额降低20%-30%，炭黑能耗指标达国际领先水平。,提高能效；减少能耗,直接,供给侧,中国,国家,N/A,31/12/2012,01/10/2013,N/A,29/04/2024,2024年4月29日发布GB 29449-2024替代GB 29449-2012和GB 29440-2012，将轮胎和炭黑两部标准整合为一，部分轮胎产品能耗限额降低20%-30%，炭黑单位产品能耗值预计降低80%以上。,生效,国家市场监督管理总局；国家标准化管理委员会,轮胎和炭黑生产装置,新建；既有,全钢子午线轮胎、半钢子午线轮胎、工程机械轮胎和斜交轮胎的生产装置（包括密炼、压延、成型、硫化等主要工序），以及橡胶行业用炭黑生产装置（包括反应、收集、造粒、干燥等主要工序）。,N/A,N/A,企业,在中国境内运营轮胎或炭黑生产装置的企业。,生产,轮胎和炭黑生产装置的运行活动。现有企业须达到3级限定值，新建及改扩建企业须达到2级准入值。,3级,能耗限额等级,能耗限额等级分为3级（1级最低即最先进），3级为限定值（存量企业最低要求），2级为准入值（新建及改扩建项目要求），1级为先进值。以单位产品综合能耗（kgce/t）为评价指标，按产品类型分级设定限值。全钢子午线轮胎：3级≤340，2级≤235，1级≤215。半钢子午线轮胎：3级≤430，2级≤290，1级≤255。工程机械轮胎：3级≤560，2级≤330，1级≤290。斜交轮胎：3级≤515（仅设限定值）。炭黑：3级≤445，2级≤330，1级≤300。,1）现有轮胎和炭黑生产企业须达到3级限定值方可继续运营，未达标者须限期改造或淘汰；2）新建及改扩建项目须达到2级准入值方可投产；3）1级先进值用于引导行业节能标杆。,N/A,N/A,政府机构开展的监督检查；企业能耗数据报告,市场监督管理部门对轮胎和炭黑生产企业进行能耗限额标准执行情况监督检查；企业须按规定报送年度能源消耗数据，接受节能监察。,合规命令；罚款；差别化电价；淘汰关停,对不符合强制性能耗限额标准的轮胎或炭黑生产企业，由相关部门责令限期整改，逾期未完成整改或整改后仍不达标的，纳入差别化电价范围并依法予以淘汰关停。,其他激励或支持,国家鼓励轮胎和炭黑生产企业对标1级先进值开展节能降碳改造，通过节能审查和绿色工厂认定引导和支持先进产能提升。,N/A,N/A,C22,CO2,正向,工业能效提升；工业能源消耗减少,GB 29449-2024 轮胎和炭黑单位产品能源消耗限额,https://openstd.samr.gov.cn/bzgk/std/newGbInfo?hcno=C7F141BA9B677EA49B85D0C3DFF7B10C,GB 29449-2012（旧版）、GB 29440-2012（旧版）：https://openstd.samr.gov.cn/bzgk/std/nd?no=2142
CHNPRFEILI20S000,工具,绩效标准,单位产品能源消耗限额,工业,煤化工,煤基活性炭和兰炭单位产品能源消耗限额,Norm of Energy Consumption per Unit Production of Coal-Based Activated Carbon and Semi-Coke,N/A,GB 29995-2024《煤基活性炭和兰炭单位产品能源消耗限额》是强制性国家标准，于2024年4月29日发布，2025年5月1日实施，整合替代GB 29994-2013、GB 29995-2013和GB 29996-2013。适用于煤基活性炭和兰炭生产企业的单位产品能耗计算、考核，以及新建和改扩建项目的能耗控制。能耗限额等级分为3级（1级最低），其中3级为限定值（存量企业最低要求）、2级为准入值（新建及改扩建项目要求）、1级为先进值。与2013版相比，更改了适用范围、统计范围及计算方法，删除了节能技术与管理措施章节。,提高能效；减少能耗,直接,供给侧,中国,国家,N/A,31/12/2013,01/09/2014,N/A,29/04/2024,2024年4月29日发布GB 29995-2024替代GB 29994-2013、GB 29995-2013和GB 29996-2013，更改了适用范围和能源消耗量统计范围及计算方法，增加了能耗限额等级。,生效,国家市场监督管理总局；国家标准化管理委员会,煤基活性炭和兰炭生产装置,新建；既有,以煤为原料的活性炭生产装置（包括炭化、活化等工序）和兰炭（半焦）生产装置（包括备煤、炭化、煤气净化等工序）。,N/A,N/A,企业,在中国境内运营煤基活性炭或兰炭生产装置的企业。,生产,煤基活性炭和兰炭生产装置的运行活动。现有企业须达到3级限定值，新建及改扩建企业须达到2级准入值。,3级,能耗限额等级,能耗限额等级分为3级（1级最低即最先进），3级为限定值（存量企业最低要求），2级为准入值（新建及改扩建项目要求），1级为先进值。以单位产品综合能耗（kgce/t）为评价指标，按产品类型（煤基活性炭/兰炭）和工艺路线分级设定限值。,1）现有煤基活性炭和兰炭生产企业须达到3级限定值方可继续运营，未达标者须限期改造或淘汰；2）新建及改扩建项目须达到2级准入值方可投产；3）1级先进值用于引导行业节能标杆。,N/A,N/A,政府机构开展的监督检查；企业能耗数据报告,市场监督管理部门对煤基活性炭和兰炭生产企业进行能耗限额标准执行情况监督检查；企业须按规定报送年度能源消耗数据，接受节能监察。,合规命令；罚款；差别化电价；淘汰关停,对不符合强制性能耗限额标准的煤基活性炭或兰炭生产企业，由相关部门责令限期整改，逾期未完成整改或整改后仍不达标的，纳入差别化电价范围并依法予以淘汰关停。,其他激励或支持,国家鼓励煤基活性炭和兰炭生产企业对标1级先进值开展节能降碳改造，通过节能审查和行业能效领跑者引导和支持先进产能提升。,N/A,N/A,C19,CO2,正向,工业能效提升；工业能源消耗减少,GB 29995-2024 煤基活性炭和兰炭单位产品能源消耗限额,https://openstd.samr.gov.cn/bzgk/std/newGbInfo?hcno=5B85C53847B2E9A539178E125400CAA4,GB 29994-2013（旧版）、GB 29995-2013（旧版）、GB 29996-2013（旧版）：https://openstd.samr.gov.cn/bzgk/std/nd?no=2142
CHNPRFEILI21S000,工具,绩效标准,单位产品能源消耗限额,工业,化工,甲苯二异氰酸酯和二苯基甲烷二异氰酸酯单位产品能源消耗限额,Norm of Energy Consumption per Unit Production of Toluene Diisocyanate and Diphenylmethane Diisocyanate,N/A,GB 31830-2024《甲苯二异氰酸酯和二苯基甲烷二异氰酸酯单位产品能源消耗限额》是强制性国家标准，于2024年4月29日发布，2025年5月1日实施，整合替代GB 31828-2015和GB 31830-2015。适用于以二硝基甲苯（DNT）、氢气、氯气、一氧化碳为原料生产的甲苯二异氰酸酯（TDI），以及以苯胺、甲醛、氯气、一氧化碳为原料生产的二苯基甲烷二异氰酸酯（MDI）的单位产品能耗计算、考核，以及新建和改扩建项目的能耗控制。能耗限额等级分为3级（1级最低），其中3级为限定值（存量企业最低要求）、2级为准入值（新建及改扩建项目要求）、1级为先进值。,提高能效；减少能耗,直接,供给侧,中国,国家,N/A,11/09/2015,01/04/2016,N/A,29/04/2024,2024年4月29日发布GB 31830-2024替代GB 31828-2015和GB 31830-2015，将TDI和MDI两部能耗限额标准整合为一，更新各级能耗限额指标，删除先进值改为能耗限额等级体系。,生效,国家市场监督管理总局；国家标准化管理委员会,TDI和MDI生产装置,新建；既有,以DNT、氢气、氯气、一氧化碳为原料的TDI生产装置（包括硝化、加氢、光气化等工序），以及以苯胺、甲醛、氯气、一氧化碳为原料的MDI生产装置（包括缩合、光气化、精馏等工序）。,N/A,N/A,企业,在中国境内运营TDI或MDI生产装置的企业。,生产,TDI和MDI生产装置的运行活动。现有企业须达到3级限定值，新建及改扩建企业须达到2级准入值。,3级,能耗限额等级,能耗限额等级分为3级（1级最低即最先进），3级为限定值（存量企业最低要求），2级为准入值（新建及改扩建项目要求），1级为先进值。以单位产品综合能耗（kgce/t）为评价指标，按产品（TDI/MDI）分级设定限值。TDI：3级≤950，2级≤500，1级≤340。MDI：3级≤190，2级≤180，1级≤175。,1）现有TDI和MDI生产企业须达到3级限定值方可继续运营，未达标者须限期改造或淘汰；2）新建及改扩建项目须达到2级准入值方可投产；3）1级先进值用于引导行业节能标杆。,N/A,N/A,政府机构开展的监督检查；企业能耗数据报告,市场监督管理部门对TDI和MDI生产企业进行能耗限额标准执行情况监督检查；企业须按规定报送年度能源消耗数据，接受节能监察。,合规命令；罚款；差别化电价；淘汰关停,对不符合强制性能耗限额标准的TDI或MDI生产企业，由相关部门责令限期整改，逾期未完成整改或整改后仍不达标的，纳入差别化电价范围并依法予以淘汰关停。,其他激励或支持,国家鼓励TDI和MDI生产企业对标1级先进值开展节能降碳改造，通过节能审查和绿色工厂认定引导和支持先进产能提升。,N/A,N/A,C20,CO2,正向,工业能效提升；工业能源消耗减少,GB 31830-2024 甲苯二异氰酸酯和二苯基甲烷二异氰酸酯单位产品能源消耗限额,https://openstd.samr.gov.cn/bzgk/std/newGbInfo?hcno=4C885FEDCCAA79384C369B4CB7A3A1A4,GB 31828-2015（旧版）、GB 31830-2015（旧版）：https://openstd.samr.gov.cn/bzgk/std/nd?no=2142
CHNPRFEILI22S000,工具,绩效标准,单位产品能源消耗限额,工业,铁矿开采和选矿,铁矿开采和选矿单位产品能源消耗限额,Norm of Energy Consumption per Unit Production of Iron Ore Mining and Dressing,N/A,GB 31335-2024《铁矿开采和选矿单位产品能源消耗限额》是强制性国家标准，于2024年4月29日发布，2025年5月1日实施，整合替代GB 31335-2014、GB 31336-2014和GB 31337-2014。适用于铁矿露天开采、地下开采和选矿生产企业的单位产品能耗计算、考核，以及新建和改扩建项目的能耗控制。能耗限额等级分为3级（1级最低），其中3级为限定值（存量企业最低要求）、2级为准入值（新建及改扩建项目要求）、1级为先进值。与2014版相比，将铁矿露天开采、地下开采和选矿三部独立标准整合为一，增加了能耗限额等级体系，更改了统计范围和计算方法。,提高能效；减少能耗,直接,供给侧,中国,国家,N/A,31/12/2014,01/01/2016,N/A,29/04/2024,2024年4月29日发布GB 31335-2024，整合替代GB 31335-2014、GB 31336-2014和GB 31337-2014，将铁矿露天开采、地下开采和选矿三部标准合并为一项，增加能耗限额等级，更新各级能耗限额指标。,生效,国家市场监督管理总局；国家标准化管理委员会,铁矿开采和选矿生产系统,新建；既有,铁矿露天开采系统、地下开采系统和选矿系统（包括破碎、磨矿、磁选/浮选等工序及辅助生产系统）。按开采方式（露天/地下）和矿石类型分别设定能耗限额。,N/A,N/A,企业,在中国境内运营铁矿开采或选矿生产系统的企业。,生产,铁矿开采和选矿生产系统的运行活动。现有企业须达到3级限定值，新建及改扩建企业须达到2级准入值。,3级,能耗限额等级,能耗限额等级分为3级（1级最低即最先进），3级为限定值（存量企业最低要求），2级为准入值（新建及改扩建项目要求），1级为先进值。以单位产品综合能耗（kgce/t）为评价指标，按开采方式（露天/地下）和选矿类型分级设定限值。铁矿露天开采：3级≤2.18，2级≤2.11，1级≤2.03。铁矿地下开采：3级≤5.22，2级≤5.06，1级≤4.89。铁矿选矿（磁铁矿）：3级≤10.50，2级≤8.70，1级≤7.80。铁矿选矿（赤铁矿）：3级≤15.50，2级≤13.50，1级≤12.00。铁矿选矿（混合矿）：3级≤13.00，2级≤11.10，1级≤9.90。,1）现有铁矿开采和选矿企业须达到3级限定值方可继续运营，未达标者须限期改造或淘汰；2）新建及改扩建项目须达到2级准入值方可投产；3）1级先进值用于引导行业节能标杆。,N/A,N/A,政府机构开展的监督检查；企业能耗数据报告,市场监督管理部门对铁矿开采和选矿企业进行能耗限额标准执行情况监督检查；企业须按规定报送年度能源消耗数据，接受节能监察。,合规命令；罚款；差别化电价；淘汰关停,对不符合强制性能耗限额标准的铁矿开采或选矿企业，由相关部门责令限期整改，逾期未完成整改或整改后仍不达标的，纳入差别化电价范围并依法予以淘汰关停。,其他激励或支持,国家鼓励铁矿开采和选矿企业对标1级先进值开展节能降碳改造，通过节能审查和绿色矿山建设引导和支持先进产能提升。,N/A,N/A,B07,CO2,正向,工业能效提升；工业能源消耗减少,GB 31335-2024 铁矿开采和选矿单位产品能源消耗限额,https://openstd.samr.gov.cn/bzgk/std/newGbInfo?hcno=B985E2A3DA5542C77F6E914DA69908C4,GB 31335-2014（旧版，铁矿露天开采）、GB 31336-2014（旧版，铁矿地下开采）、GB 31337-2014（旧版，铁矿选矿）：https://openstd.samr.gov.cn/bzgk/std/nd?no=2142
CHNPRFEILI23S000,工具,绩效标准,单位产品能源消耗限额,工业,制浆造纸,制浆造纸单位产品能源消耗限额,Norm of Energy Consumption per Unit Production of Pulp and Paper,N/A,GB 31825-2024《制浆造纸单位产品能源消耗限额》是强制性国家标准，于2024年4月29日发布，2025年5月1日实施，替代GB 31825-2015。适用于以植物纤维为主要原料的纸浆、机制纸和纸板生产企业的单位产品能耗计算、考核，以及新建和改扩建项目的能耗控制。能耗限额等级分为3级（1级最低），其中3级为限定值（存量企业最低要求）、2级为准入值（新建及改扩建项目要求）、1级为先进值。与2015版相比，增加了溶解木浆、溶解非木浆、纸管纸板、灰纸板、装饰原纸、格拉辛纸、卷烟纸、热敏纸、医用包装纸等多种产品的能耗限额。,提高能效；减少能耗,直接,供给侧,中国,国家,N/A,30/06/2015,01/07/2016,N/A,29/04/2024,2024年4月29日发布GB 31825-2024替代GB 31825-2015，将先进值/准入值/限定值改为1级/2级/3级，新增溶解木浆、溶解非木浆、纸管纸板、灰纸板、装饰原纸、格拉辛纸、卷烟纸、热敏纸、医用包装纸等多种产品能耗限额，删除节能管理与措施章节。,生效,国家市场监督管理总局；国家标准化管理委员会,制浆造纸生产装置,新建；既有,以植物纤维为主要原料的化学浆、机械浆、化学机械浆和废纸浆等纸浆生产装置，以及机制纸和纸板生产装置，包括备料、蒸煮/磨浆、洗涤筛选、漂白、造纸等主要工序及辅助生产系统。,N/A,N/A,企业,在中国境内运营制浆造纸生产装置的企业。,生产,制浆造纸生产装置的运行活动。现有企业须达到3级限定值，新建及改扩建企业须达到2级准入值。,3级,能耗限额等级,能耗限额等级分为3级（1级最低即最先进），3级为限定值（存量企业最低要求），2级为准入值（新建及改扩建项目要求），1级为先进值。以单位产品综合能耗（kgce/t）为评价指标，按纸浆和纸产品类型分级设定限值。漂白化学木浆：3级≤430，2级≤400，1级≤360。漂白化学非木浆（竹浆）：3级≤580，2级≤520，1级≤460。废纸浆：3级≤200，2级≤180，1级≤160。新闻纸：3级≤380，2级≤350，1级≤320。未涂布文化用纸：3级≤420，2级≤380，1级≤340。生活用纸（纸巾原纸）：3级≤550，2级≤500，1级≤450。白纸板：3级≤400，2级≤360，1级≤320。瓦楞原纸：3级≤330，2级≤300，1级≤270。箱纸板：3级≤360，2级≤330，1级≤290。,1）现有制浆造纸企业须达到3级限定值方可继续运营，未达标者须限期改造或淘汰；2）新建及改扩建项目须达到2级准入值方可投产；3）1级先进值用于引导行业节能标杆。,N/A,N/A,政府机构开展的监督检查；企业能耗数据报告,市场监督管理部门对制浆造纸生产企业进行能耗限额标准执行情况监督检查；企业须按规定报送年度能源消耗数据，接受节能监察。,合规命令；罚款；差别化电价；淘汰关停,对不符合强制性能耗限额标准的制浆造纸生产企业，由相关部门责令限期整改，逾期未完成整改或整改后仍不达标的，纳入差别化电价范围并依法予以淘汰关停。,其他激励或支持,国家鼓励制浆造纸生产企业对标1级先进值开展节能降碳改造，通过节能审查和绿色工厂认定引导和支持先进产能提升。,N/A,N/A,C17,CO2,正向,工业能效提升；工业能源消耗减少,GB 31825-2024 制浆造纸单位产品能源消耗限额,https://openstd.samr.gov.cn/bzgk/std/newGbInfo?hcno=27B824B792BB0BC1CF30980AE3411F9B,GB 31825-2015（旧版）：https://openstd.samr.gov.cn/bzgk/std/nd?no=2142
CHNPRFEILI24S000,工具,绩效标准,单位产品能源消耗限额,工业,化工,纯碱单位产品能源消耗限额,Norm of Energy Consumption per Unit Production of Soda Ash,N/A,GB 29140-2024《纯碱单位产品能源消耗限额》是强制性国家标准，于2024年4月29日发布，2025年5月1日实施，替代GB 29140-2012。适用于氨碱法、联碱法和天然碱法纯碱（包括轻质纯碱和重质纯碱）生产企业的单位产品能耗计算、考核，以及新建和改扩建项目的能耗控制。能耗限额等级分为3级（1级最低），其中3级为限定值（存量企业最低要求）、2级为准入值（新建及改扩建项目要求）、1级为先进值。与2012版相比，增加了天然碱法产品能耗限额，删除了先进值改为能耗限额等级体系。,提高能效；减少能耗,直接,供给侧,中国,国家,N/A,31/12/2012,01/10/2013,N/A,29/04/2024,2024年4月29日发布GB 29140-2024替代GB 29140-2012，增加天然碱法产品能耗限额要求，增加能耗限额等级，更改能耗统计范围及计算方法，删除节能管理与措施章节。,生效,国家市场监督管理总局；国家标准化管理委员会,纯碱生产装置,新建；既有,氨碱法纯碱生产装置（包括盐水精制、吸氨、碳化、过滤、煅烧等主要工序）、联碱法纯碱生产装置（包括盐水精制、吸氨、碳化、过滤、煅烧、氯化铵结晶等主要工序）和天然碱法纯碱生产装置。产品包括轻质纯碱和重质纯碱。,N/A,N/A,企业,在中国境内运营纯碱生产装置的企业。,生产,纯碱生产装置的运行活动。现有企业须达到3级限定值，新建及改扩建企业须达到2级准入值。,3级,能耗限额等级,能耗限额等级分为3级（1级最低即最先进），3级为限定值（存量企业最低要求），2级为准入值（新建及改扩建项目要求），1级为先进值。以单位产品综合能耗（kgce/t）为评价指标，按生产方法和产品类型分级设定限值。氨碱法轻质纯碱：3级≤370，2级≤320，1级≤310。氨碱法重质纯碱：3级≤420，2级≤365，1级≤350。联碱法（精制工业盐）轻质纯碱：3级≤200，2级≤160，1级≤145。联碱法（精制工业盐）重质纯碱：3级≤250，2级≤205，1级≤185。天然碱法（碳化法）轻质纯碱：3级≤440，2级≤410，1级≤390。天然碱法（蒸发法）轻质纯碱：3级≤390，2级≤360，1级≤340。,1）现有纯碱生产企业须达到3级限定值方可继续运营，未达标者须限期改造或淘汰；2）新建及改扩建项目须达到2级准入值方可投产；3）1级先进值用于引导行业节能标杆。,N/A,N/A,政府机构开展的监督检查；企业能耗数据报告,市场监督管理部门对纯碱生产企业进行能耗限额标准执行情况监督检查；企业须按规定报送年度能源消耗数据，接受节能监察。,合规命令；罚款；差别化电价；淘汰关停,对不符合强制性能耗限额标准的纯碱生产企业，由相关部门责令限期整改，逾期未完成整改或整改后仍不达标的，纳入差别化电价范围并依法予以淘汰关停。,其他激励或支持,国家鼓励纯碱生产企业对标1级先进值开展节能降碳改造，通过节能审查和绿色工厂认定引导和支持先进产能提升。,N/A,N/A,C20,CO2,正向,工业能效提升；工业能源消耗减少,GB 29140-2024 纯碱单位产品能源消耗限额,https://openstd.samr.gov.cn/bzgk/std/newGbInfo?hcno=443C1068D42AF5D7B5F73076352B5068,GB 29140-2012（旧版）：https://openstd.samr.gov.cn/bzgk/std/nd?no=2142
CHNPRFEILI25S000,工具,绩效标准,单位产品能源消耗限额,工业,化工,二甲基硅氧烷单位产品能源消耗限额,Norm of Energy Consumption per Unit Production of Dimethyl Siloxane,N/A,GB 30530-2024《二甲基硅氧烷单位产品能源消耗限额》是强制性国家标准，于2024年4月29日发布，2025年5月1日实施，替代GB 30530-2014。适用于以硅粉、氯甲烷等为原料生产的有机硅环体（二甲基环硅氧烷，即二甲基硅氧烷）生产企业的单位产品能耗计算、考核，以及新建和改扩建项目的能耗控制。能耗限额等级分为3级（1级最低），其中3级为限定值（存量企业最低要求）、2级为准入值（新建及改扩建项目要求）、1级为先进值。与2014版相比，标准名称由《有机硅环体单位产品能源消耗限额》更名为《二甲基硅氧烷单位产品能源消耗限额》，更新了各级能耗限额指标。,提高能效；减少能耗,直接,供给侧,中国,国家,N/A,28/04/2014,01/01/2015,N/A,29/04/2024,2024年4月29日发布GB 30530-2024替代GB 30530-2014，标准名称由《有机硅环体单位产品能源消耗限额》更改为《二甲基硅氧烷单位产品能源消耗限额》，增加能耗限额等级，更新各级能耗限额指标，删除节能管理与措施章节。,生效,国家市场监督管理总局；国家标准化管理委员会,二甲基硅氧烷生产装置,新建；既有,以硅粉、氯甲烷等为原料，通过直接法合成甲基氯硅烷、经精馏、水解、裂解等工序生产有机硅环体（二甲基环硅氧烷，DMC）的生产装置，包括单体合成、精馏、水解、裂解等主要工序及辅助生产系统。,N/A,N/A,企业,在中国境内运营二甲基硅氧烷生产装置的企业。,生产,二甲基硅氧烷生产装置的运行活动。现有企业须达到3级限定值，新建及改扩建企业须达到2级准入值。,3级,能耗限额等级,能耗限额等级分为3级（1级最低即最先进），3级为限定值（存量企业最低要求），2级为准入值（新建及改扩建项目要求），1级为先进值。以单位产品综合能耗（kgce/t）为评价指标。二甲基硅氧烷（DMC）：3级≤1100，2级≤970，1级≤870。,1）现有二甲基硅氧烷生产企业须达到3级限定值方可继续运营，未达标者须限期改造或淘汰；2）新建及改扩建项目须达到2级准入值方可投产；3）1级先进值用于引导行业节能标杆。,N/A,N/A,政府机构开展的监督检查；企业能耗数据报告,市场监督管理部门对二甲基硅氧烷生产企业进行能耗限额标准执行情况监督检查；企业须按规定报送年度能源消耗数据，接受节能监察。,合规命令；罚款；差别化电价；淘汰关停,对不符合强制性能耗限额标准的二甲基硅氧烷生产企业，由相关部门责令限期整改，逾期未完成整改或整改后仍不达标的，纳入差别化电价范围并依法予以淘汰关停。,其他激励或支持,国家鼓励二甲基硅氧烷生产企业对标1级先进值开展节能降碳改造，通过节能审查和绿色工厂认定引导和支持先进产能提升。,N/A,N/A,C20,CO2,正向,工业能效提升；工业能源消耗减少,GB 30530-2024 二甲基硅氧烷单位产品能源消耗限额,https://openstd.samr.gov.cn/bzgk/std/newGbInfo?hcno=148219F6F63F168626D4CDDFD525F9D2,GB 30530-2014（旧版，称《有机硅环体单位产品能源消耗限额》）：https://openstd.samr.gov.cn/bzgk/std/nd?no=2142
CHNPRFEILI26S000,工具,绩效标准,单位产品能源消耗限额,工业,炼油；化工,炼化行业单位产品能源消耗限额,Norm of Energy Consumption per Unit Production of Refining and Chemical Industry,N/A,GB 30251-2024《炼化行业单位产品能源消耗限额》是强制性国家标准，于2024年4月29日发布，2025年5月1日实施，整合替代GB 30251-2013、GB 30250-2013、GB 31533-2015、GB 31534-2015、GB 31826-2015和GB 32053-2015。适用于炼油、乙烯、聚丙烯、苯乙烯、精对苯二甲酸（PTA）、对二甲苯（PX）、环氧丙烷和邻苯二甲酸酐生产企业的单位产品能耗计算、考核，以及新建和改扩建项目的能耗控制。能耗限额等级分为3级（1级最低），其中3级为限定值（存量企业最低要求）、2级为准入值（新建及改扩建项目要求）、1级为先进值。该标准首次将炼油和主要石化产品能耗限额整合为一项标准，覆盖炼化全产业链。,提高能效；减少能耗,直接,供给侧,中国,国家,N/A,18/12/2013,01/09/2014,N/A,29/04/2024,2024年4月29日发布GB 30251-2024，整合替代GB 30251-2013（炼油）、GB 30250-2013（乙烯）、GB 31533-2015（PTA）、GB 31534-2015（PX）、GB 31826-2015（聚丙烯）、GB 32053-2015（苯乙烯）六项标准，新增环氧丙烷和邻苯二甲酸酐能耗限额要求，首次将炼油和主要石化产品能耗限额合并为一项综合标准。,生效,国家市场监督管理总局；国家标准化管理委员会,炼油和石化生产装置,新建；既有,常减压蒸馏、催化裂化、加氢裂化、延迟焦化等炼油装置，乙烯裂解装置，聚丙烯装置，苯乙烯装置，精对苯二甲酸（PTA）装置，对二甲苯（PX）装置，环氧丙烷装置和邻苯二甲酸酐装置。包括原料处理、反应、精馏/分离、公用工程等主要系统。,N/A,N/A,企业,在中国境内运营炼油或石化生产装置的企业。,生产,炼油和石化生产装置的运行活动。现有企业须达到3级限定值，新建及改扩建企业须达到2级准入值。,3级,能耗限额等级,能耗限额等级分为3级（1级最低即最先进），3级为限定值（存量企业最低要求），2级为准入值（新建及改扩建项目要求），1级为先进值。以单位产品综合能耗（kgce/t或kgce/吨原料）为评价指标，按炼油和各类石化产品分级设定限值。炼油（单位能量因数能耗）：3级≤7.5，2级≤7.0，1级≤6.5 kgce/(t·因数)。乙烯：3级≤590，2级≤575，1级≤560。聚丙烯：3级≤110，2级≤80，1级≤55。苯乙烯：3级≤260，2级≤240，1级≤210。PTA：3级≤155，2级≤120，1级≤90。PX：3级≤480，2级≤380，1级≤300。,1）现有炼油和石化生产企业须达到3级限定值方可继续运营，未达标者须限期改造或淘汰；2）新建及改扩建项目须达到2级准入值方可投产；3）1级先进值用于引导行业节能标杆。,N/A,N/A,政府机构开展的监督检查；企业能耗数据报告,市场监督管理部门和能源主管部门对炼油和石化生产企业进行能耗限额标准执行情况监督检查；企业须按规定报送年度能源消耗数据，接受节能监察。,合规命令；罚款；差别化电价；淘汰关停,对不符合强制性能耗限额标准的炼油或石化生产企业，由相关部门责令限期整改，逾期未完成整改或整改后仍不达标的，纳入差别化电价范围并依法予以淘汰关停。,其他激励或支持,国家鼓励炼油和石化生产企业对标1级先进值开展节能降碳改造，通过节能审查和行业能效领跑者引导和支持先进产能提升。,N/A,N/A,C19,CO2,正向,工业能效提升；工业能源消耗减少；二氧化碳和大气污染物协同减排,GB 30251-2024 炼化行业单位产品能源消耗限额,https://openstd.samr.gov.cn/bzgk/std/newGbInfo?hcno=C435B949AC4E107A19887F687477642F,GB 30251-2013（旧版，炼油）、GB 30250-2013（旧版，乙烯）、GB 31533-2015（旧版，PTA）、GB 31534-2015（旧版，PX）、GB 31826-2015（旧版，聚丙烯）、GB 32053-2015（旧版，苯乙烯）：https://openstd.samr.gov.cn/bzgk/std/nd?no=2142
CHNPRFEILI27S000,工具,绩效标准,单位产品能源消耗限额,工业,化工,电石、乙酸乙烯酯、聚乙烯醇、1，4-丁二醇、双氰胺和单氰胺单位产品能源消耗限额,"Norm of Energy Consumption per Unit Production of Calcium Carbide, Vinyl Acetate, Polyvinyl Alcohol, 1,4-Butanediol, Dicyandiamide and Monocyanamide",N/A,"GB 21343-2023《电石、乙酸乙烯酯、聚乙烯醇、1，4-丁二醇、双氰胺和单氰胺单位产品能源消耗限额》是强制性国家标准，于2023年11月27日发布，2024年12月1日实施，整合替代GB 21343-2015、GB 30528-2014、GB 30529-2014和GB 31824-2015。适用于电石、乙酸乙烯酯、聚乙烯醇、1,4-丁二醇（BDO）、双氰胺和单氰胺生产企业的单位产品能耗计算、考核，以及新建和改扩建项目的能耗控制。能耗限额等级分为3级（1级最低），其中3级为限定值（存量企业最低要求）、2级为准入值（新建及改扩建项目要求）、1级为先进值。与上一版相比，新增了双氰胺和单氰胺产品的能耗限额要求。",提高能效；减少能耗,直接,供给侧,中国,国家,N/A,09/01/2008,01/06/2008,N/A,27/11/2023,2023年11月27日发布GB 21343-2023，替代GB 21343-2015、GB 30528-2014、GB 30529-2014和GB 31824-2015，首次将电石和四种下游产品（乙酸乙烯酯、聚乙烯醇、BDO、双氰胺和单氰胺）的能耗限额整合为一项标准，新增双氰胺和单氰胺产品能耗限额要求。,生效,国家市场监督管理总局；国家标准化管理委员会,电石、乙酸乙烯酯、聚乙烯醇、BDO、双氰胺和单氰胺生产装置,新建；既有,"电石生产装置（电炉法，以石灰和碳素原料生产电石）、乙酸乙烯酯生产装置（以乙烯或乙炔为原料）、聚乙烯醇生产装置（以乙酸乙烯酯为原料，经聚合、醇解等工序）、1,4-丁二醇生产装置（以乙炔和甲醛或正丁烷为原料）、双氰胺生产装置和单氰胺生产装置。",N/A,N/A,企业,在中国境内运营电石、乙酸乙烯酯、聚乙烯醇、BDO、双氰胺或单氰胺生产装置的企业。,生产,电石、乙酸乙烯酯、聚乙烯醇、BDO、双氰胺和单氰胺生产装置的运行活动。现有企业须达到3级限定值，新建及改扩建企业须达到2级准入值。,3级,能耗限额等级,"能耗限额等级分为3级（1级最低即最先进），3级为限定值（存量企业最低要求），2级为准入值（新建及改扩建项目要求），1级为先进值。以单位产品综合能耗（kgce/t）为评价指标，按产品类型分级设定限值。电石：3级≤3000，2级≤2800，1级≤2600。乙酸乙烯酯（乙烯法）：3级≤700，2级≤600，1级≤500。乙酸乙烯酯（乙炔法）：3级≤1900，2级≤1700，1级≤1500。聚乙烯醇：3级≤2300，2级≤2000，1级≤1700。1,4-丁二醇：3级≤1350，2级≤1150，1级≤950。双氰胺：3级≤1200，2级≤950，1级≤750。单氰胺：3级≤330，2级≤280，1级≤240。",1）现有电石、乙酸乙烯酯、聚乙烯醇、BDO、双氰胺和单氰胺生产企业须达到3级限定值方可继续运营，未达标者须限期改造或淘汰；2）新建及改扩建项目须达到2级准入值方可投产；3）1级先进值用于引导行业节能标杆。,N/A,N/A,政府机构开展的监督检查；企业能耗数据报告,市场监督管理部门对电石、乙酸乙烯酯、聚乙烯醇、BDO、双氰胺和单氰胺生产企业进行能耗限额标准执行情况监督检查；企业须按规定报送年度能源消耗数据，接受节能监察。,合规命令；罚款；差别化电价；淘汰关停,对不符合强制性能耗限额标准的电石、乙酸乙烯酯、聚乙烯醇、BDO、双氰胺或单氰胺生产企业，由相关部门责令限期整改，逾期未完成整改或整改后仍不达标的，纳入差别化电价范围并依法予以淘汰关停。,其他激励或支持,国家鼓励电石及下游产品生产企业对标1级先进值开展节能降碳改造，通过节能审查和绿色工厂认定引导和支持先进产能提升。,N/A,N/A,C20,CO2,正向,工业能效提升；工业能源消耗减少,GB 21343-2023 电石、乙酸乙烯酯、聚乙烯醇、1，4-丁二醇、双氰胺和单氰胺单位产品能源消耗限额,https://openstd.samr.gov.cn/bzgk/std/newGbInfo?hcno=FF563286A9D6FB07A9EF006AC64EA266,"GB 21343-2015（旧版，电石）、GB 30528-2014（旧版，聚乙烯醇）、GB 30529-2014（旧版，乙酸乙烯酯）、GB 31824-2015（旧版，1,4-丁二醇）：https://openstd.samr.gov.cn/bzgk/std/nd?no=2142"
CHNPRFEILI28S000,工具,绩效标准,单位产品能源消耗限额,工业,化肥,化肥行业单位产品能源消耗限额,Norm of Energy Consumption per Unit Production of Fertilizer Industry,N/A,GB 21344-2023《化肥行业单位产品能源消耗限额》是强制性国家标准，于2023年11月27日发布，2024年12月1日实施，整合替代GB 21344-2015、GB 32035-2015、GB 31829-2015、GB 29138-2012、GB 29139-2012和GB 29439-2012。适用于合成氨、尿素、碳酸氢铵、磷酸一铵、磷酸二铵和硫酸钾生产企业的单位产品能耗计算、考核，以及新建和改扩建项目的能耗控制。能耗限额等级分为3级（1级最低），其中3级为限定值（存量企业最低要求）、2级为准入值（新建及改扩建项目要求）、1级为先进值。该标准首次将六种主要化肥产品的能耗限额整合为一项综合标准。,提高能效；减少能耗,直接,供给侧,中国,国家,N/A,09/01/2008,01/06/2008,N/A,27/11/2023,2023年11月27日发布GB 21344-2023，整合替代GB 21344-2015（合成氨）、GB 32035-2015（尿素）、GB 31829-2015（碳酸氢铵）、GB 29138-2012（磷酸一铵）、GB 29139-2012（磷酸二铵）和GB 29439-2012（硫酸钾）六项标准，将化肥行业主要产品的能耗限额整合为一，更新各级能耗限额指标。,生效,国家市场监督管理总局；国家标准化管理委员会,化肥生产装置,新建；既有,合成氨生产装置（以无烟煤、烟煤、褐煤、天然气等为原料）、尿素生产装置、碳酸氢铵生产装置、磷酸一铵生产装置、磷酸二铵生产装置和硫酸钾生产装置。,N/A,N/A,企业,在中国境内运营合成氨、尿素、碳酸氢铵、磷酸一铵、磷酸二铵或硫酸钾生产装置的企业。,生产,化肥生产装置的运行活动。现有企业须达到3级限定值，新建及改扩建企业须达到2级准入值。,3级,能耗限额等级,能耗限额等级分为3级（1级最低即最先进），3级为限定值（存量企业最低要求），2级为准入值（新建及改扩建项目要求），1级为先进值。以单位产品综合能耗（kgce/t）为评价指标，按产品类型和原料路线分级设定限值。合成氨（优质无烟块煤）：3级≤1230，2级≤1240，1级≤1150。合成氨（非优质无烟块煤）：3级≤1350，2级≤1320，1级≤1200。合成氨（烟煤/褐煤）：3级≤1530，2级≤1470，1级≤1350。合成氨（天然气）：3级≤1060，2级≤1030，1级≤1000。尿素（气头）：3级≤170，2级≤165，1级≤160。尿素（煤头）：3级≤210，2级≤200，1级≤190。碳酸氢铵：3级≤170，2级≤160，1级≤150。磷酸一铵（料浆法）：3级≤230，2级≤220，1级≤210。磷酸二铵（传统法）：3级≤270，2级≤255，1级≤240。硫酸钾（曼海姆法）：3级≤85，2级≤72，1级≤63。,1）现有化肥生产企业须达到3级限定值方可继续运营，未达标者须限期改造或淘汰；2）新建及改扩建项目须达到2级准入值方可投产；3）1级先进值用于引导行业节能标杆。,N/A,N/A,政府机构开展的监督检查；企业能耗数据报告,市场监督管理部门对化肥生产企业进行能耗限额标准执行情况监督检查；企业须按规定报送年度能源消耗数据，接受节能监察。,合规命令；罚款；差别化电价；淘汰关停,对不符合强制性能耗限额标准的化肥生产企业，由相关部门责令限期整改，逾期未完成整改或整改后仍不达标的，纳入差别化电价范围并依法予以淘汰关停。,其他激励或支持,国家鼓励化肥生产企业对标1级先进值开展节能降碳改造，通过节能审查和绿色工厂认定引导和支持先进产能提升。,N/A,N/A,C20,CO2,正向,工业能效提升；工业能源消耗减少,GB 21344-2023 化肥行业单位产品能源消耗限额,https://openstd.samr.gov.cn/bzgk/std/newGbInfo?hcno=4379F13AECC2F445EFDB629CDEB4A870,GB 21344-2015（旧版，合成氨）、GB 32035-2015（旧版，尿素）、GB 31829-2015（旧版，碳酸氢铵）、GB 29138-2012（旧版，磷酸一铵）、GB 29139-2012（旧版，磷酸二铵）、GB 29439-2012（旧版，硫酸钾）：https://openstd.samr.gov.cn/bzgk/std/nd?no=2142
CHNPRFEILI29S000,工具,绩效标准,单位产品能源消耗限额,工业,钨钼矿采选及冶炼,钨精矿、钼精矿和焙烧钼精矿单位产品能源消耗限额,"Norm of Energy Consumption per Unit Production of Tungsten Concentrate, Molybdenum Concentrate and Roasted Molybdenum Concentrate",N/A,GB 29145-2023《钨精矿、钼精矿和焙烧钼精矿单位产品能源消耗限额》是强制性国家标准，于2023年11月27日发布，2024年12月1日实施，整合替代GB 29145-2012、GB 29146-2012和GB 31340-2014。适用于地下开采的钨精矿、露天开采的钼精矿及焙烧钼精矿生产企业的单位产品能耗计算、考核，以及新建和改扩建项目的能耗控制。能耗限额等级分为3级（1级最低），其中3级为限定值（存量企业最低要求）、2级为准入值（新建及改扩建项目要求）、1级为先进值。该标准首次将钨精矿、钼精矿和焙烧钼精矿的能耗限额整合为一项标准。,提高能效；减少能耗,直接,供给侧,中国,国家,N/A,31/12/2012,01/10/2013,N/A,27/11/2023,2023年11月27日发布GB 29145-2023，整合替代GB 29145-2012（焙烧钼精矿）、GB 29146-2012（钼精矿）和GB 31340-2014（钨精矿），将钨精矿、钼精矿和焙烧钼精矿三项能耗限额标准整合为一，更新各级能耗限额指标。,生效,国家市场监督管理总局；国家标准化管理委员会,钨精矿、钼精矿和焙烧钼精矿生产系统,新建；既有,地下开采的钨精矿生产系统（包括采矿、破碎、磨矿、选矿等工序）、露天开采的钼精矿生产系统和焙烧钼精矿生产系统（包括钼精矿焙烧等工序）。不适用于露天开采钨精矿、地下开采钼精矿和副产钨精矿或钼精矿。,N/A,N/A,企业,在中国境内运营钨精矿、钼精矿或焙烧钼精矿生产系统的企业。,生产,钨精矿、钼精矿和焙烧钼精矿生产系统的运行活动。现有企业须达到3级限定值，新建及改扩建企业须达到2级准入值。,3级,能耗限额等级,能耗限额等级分为3级（1级最低即最先进），3级为限定值（存量企业最低要求），2级为准入值（新建及改扩建项目要求），1级为先进值。以单位产品综合能耗（kgce/t）为评价指标，按产品类型和工艺路线分级设定限值。钨精矿（黑钨）：3级≤1450，2级≤1150，1级≤550。钨精矿（白钨）：3级≤2050，2级≤1750，1级≤1640。钼精矿（三段一闭路工艺）：3级≤1475，2级≤1390，1级≤1250。钼精矿（SABC工艺）：3级≤2150，2级≤2060，1级≤1900。焙烧钼精矿：3级≤280，2级≤190，1级≤145。,1）现有钨精矿、钼精矿和焙烧钼精矿生产企业须达到3级限定值方可继续运营，未达标者须限期改造或淘汰；2）新建及改扩建项目须达到2级准入值方可投产；3）1级先进值用于引导行业节能标杆。,N/A,N/A,政府机构开展的监督检查；企业能耗数据报告,市场监督管理部门和自然资源主管部门对钨精矿、钼精矿和焙烧钼精矿生产企业进行能耗限额标准执行情况监督检查；企业须按规定报送年度能源消耗数据，接受节能监察。,合规命令；罚款；差别化电价；淘汰关停,对不符合强制性能耗限额标准的钨精矿、钼精矿或焙烧钼精矿生产企业，由相关部门责令限期整改，逾期未完成整改或整改后仍不达标的，纳入差别化电价范围并依法予以淘汰关停。,其他激励或支持,国家鼓励钨精矿、钼精矿和焙烧钼精矿生产企业对标1级先进值开展节能降碳改造，通过节能审查和绿色矿山建设引导和支持先进产能提升。,N/A,N/A,B07,CO2,正向,工业能效提升；工业能源消耗减少,GB 29145-2023 钨精矿、钼精矿和焙烧钼精矿单位产品能源消耗限额,https://openstd.samr.gov.cn/bzgk/std/newGbInfo?hcno=6E5465CA9B2F34918233AA436A58B246,GB 29145-2012（旧版，焙烧钼精矿）、GB 29146-2012（旧版，钼精矿）、GB 31340-2014（旧版，钨精矿）：https://openstd.samr.gov.cn/bzgk/std/nd?no=2142
CHNPRFEILI30S000,工具,绩效标准,单位产品能源消耗限额,工业,化工,甲醇、乙二醇和二甲醚单位产品能源消耗限额,"Norm of Energy Consumption per Unit Production of Methanol, Ethylene Glycol and Dimethyl Ether",N/A,GB 29436-2023《甲醇、乙二醇和二甲醚单位产品能源消耗限额》是强制性国家标准，于2023年11月27日发布，2024年12月1日实施，整合替代GB 29436.1-2012、GB 29436.2-2015、GB 29436.3-2015、GB 29436.4-2015、GB 31535-2015和GB 32048-2015。适用于以煤、天然气、焦炉煤气为原料生产甲醇，以乙烯、合成气、煤为原料生产乙二醇，以及以甲醇为原料生产二甲醚的企业单位产品能耗计算、考核，以及新建和改扩建项目的能耗控制。能耗限额等级分为3级（1级最低），其中3级为限定值（存量企业最低要求）、2级为准入值（新建及改扩建项目要求）、1级为先进值。首次将甲醇、乙二醇和二甲醚的能耗限额合并为一项标准，并新增以煤为原料生产乙二醇的能耗限额要求。,提高能效；减少能耗,直接,供给侧,中国,国家,N/A,31/12/2012,01/10/2013,N/A,27/11/2023,2023年11月27日发布GB 29436-2023，整合替代GB 29436.1-2012、GB 29436.2-2015、GB 29436.3-2015、GB 29436.4-2015、GB 31535-2015和GB 32048-2015，将甲醇（含天然气、焦炉煤气等非煤路线）、乙二醇和二甲醚的能耗限额合并为一项综合标准，新增煤制乙二醇能耗限额要求。,生效,国家市场监督管理总局；国家标准化管理委员会,甲醇、乙二醇和二甲醚生产装置,新建；既有,以煤、天然气或脱焦油粗脱硫后焦炉煤气为原料的甲醇生产装置（包括气化、变换、净化、合成、精馏等工序）；以乙烯、合成气或煤为原料的乙二醇生产装置；以甲醇为原料的二甲醚生产装置（包括脱水反应、精馏等工序）。,N/A,N/A,企业,在中国境内运营甲醇、乙二醇或二甲醚生产装置的企业。,生产,甲醇、乙二醇和二甲醚生产装置的运行活动。现有企业须达到3级限定值，新建及改扩建企业须达到2级准入值。,3级,能耗限额等级,能耗限额等级分为3级（1级最低即最先进），3级为限定值（存量企业最低要求），2级为准入值（新建及改扩建项目要求），1级为先进值。以单位产品综合能耗（kgce/t）为评价指标，按产品类型和原料路线分级设定限值。煤制甲醇：3级≤1570，2级≤1510，1级≤1340。天然气制甲醇：3级≤1050，2级≤1030，1级≤990。焦炉煤气制甲醇：3级≤1300，2级≤1270，1级≤1250。乙烯制乙二醇：3级≤560，2级≤530，1级≤510。合成气制乙二醇：3级≤1350，2级≤1250，1级≤1000。煤制乙二醇：3级≤2400，2级≤1800，1级≤1400。二甲醚：3级≤790，2级≤680，1级≤630。,1）现有甲醇、乙二醇和二甲醚生产企业须达到3级限定值方可继续运营，未达标者须限期改造或淘汰；2）新建及改扩建项目须达到2级准入值方可投产；3）1级先进值用于引导行业节能标杆。,N/A,N/A,政府机构开展的监督检查；企业能耗数据报告,市场监督管理部门对甲醇、乙二醇和二甲醚生产企业进行能耗限额标准执行情况监督检查；企业须按规定报送年度能源消耗数据，接受节能监察。,合规命令；罚款；差别化电价；淘汰关停,对不符合强制性能耗限额标准的甲醇、乙二醇或二甲醚生产企业，由相关部门责令限期整改，逾期未完成整改或整改后仍不达标的，纳入差别化电价范围并依法予以淘汰关停。,其他激励或支持,国家鼓励甲醇、乙二醇和二甲醚生产企业对标1级先进值开展节能降碳改造，通过节能审查和绿色工厂认定引导和支持先进产能提升。,N/A,N/A,C20,CO2,正向,工业能效提升；工业能源消耗减少,GB 29436-2023 甲醇、乙二醇和二甲醚单位产品能源消耗限额,https://openstd.samr.gov.cn/bzgk/std/newGbInfo?hcno=B75FB04331D597D255E830175CAF6D15,GB 29436.1-2012（旧版，煤制甲醇）、GB 29436.2-2015（旧版，天然气制甲醇）、GB 29436.3-2015（旧版，焦炉煤气制甲醇）、GB 29436.4-2015（旧版，二甲醚）、GB 31535-2015（旧版，乙烯制乙二醇）、GB 32048-2015（旧版，合成气制乙二醇）：https://openstd.samr.gov.cn/bzgk/std/nd?no=2142
CHNPRFEILI31S000,工具,绩效标准,单位产品能源消耗限额,工业,建筑陶瓷；卫生陶瓷,建筑卫生陶瓷和耐磨氧化铝球单位产品能源消耗限额,Norm of Energy Consumption per Unit Production of Architecture and Sanitary Ceramics and Alumina Grinding Ball,N/A,GB 21252-2023《建筑卫生陶瓷和耐磨氧化铝球单位产品能源消耗限额》是强制性国家标准，于2023年11月27日发布，2024年12月1日实施，替代GB 21252-2013和GB 30181-2013。适用于建筑陶瓷砖（干压）、陶瓷板、陶瓷瓦、干挂空心陶瓷板、卫生陶瓷和耐磨氧化铝球生产企业的单位产品能耗计算、考核，以及新建和改扩建项目的能耗控制。能耗限额等级分为3级（1级最低），其中3级为限定值（存量企业最低要求）、2级为准入值（新建及改扩建项目要求）、1级为先进值。与上一版相比，新增了陶瓷板、陶瓷瓦、干挂空心陶瓷板和耐磨氧化铝球的能耗限额要求。,提高能效；减少能耗,直接,供给侧,中国,国家,N/A,03/12/2007,01/06/2008,N/A,27/11/2023,2023年11月27日发布GB 21252-2023替代GB 21252-2013和GB 30181-2013，新增陶瓷板、陶瓷瓦、干挂空心陶瓷板和耐磨氧化铝球产品的能耗限额要求，增加产品厚度修正系数，将限定值/准入值/先进值改为1级/2级/3级能耗限额等级体系。,生效,国家市场监督管理总局；国家标准化管理委员会,建筑卫生陶瓷和耐磨氧化铝球生产装置,新建；既有,建筑陶瓷砖（干压，按吸水率分为E≤0.5%、0.5%<E≤3%、3%<E≤6%、6%<E≤10%四类）、陶瓷板、陶瓷瓦、干挂空心陶瓷板、卫生陶瓷（按吸水率≤0.3%和>0.3%分类）和耐磨氧化铝球（含90系列、92系列等）的生产装置，包括原料制备、成型、干燥、烧成等主要工序及辅助生产系统。,N/A,N/A,企业,在中国境内运营建筑卫生陶瓷或耐磨氧化铝球生产装置的企业。,生产,建筑卫生陶瓷和耐磨氧化铝球生产装置的运行活动。现有企业须达到3级限定值，新建及改扩建企业须达到2级准入值。,3级,能耗限额等级,能耗限额等级分为3级（1级最低即最先进），3级为限定值（存量企业最低要求），2级为准入值（新建及改扩建项目要求），1级为先进值。以单位产品综合能耗（kgce/m²或kgce/t）为评价指标，按产品类型分级设定限值。陶瓷砖（干压E≤0.5%）：3级≤5.0，2级≤3.7，1级≤3.2。陶瓷砖（干压0.5%<E≤3%）：3级≤7.0，2级≤5.4，1级≤4.5。陶瓷砖（干压3%<E≤6%）：3级≤5.0，2级≤3.7，1级≤3.2。陶瓷砖（干压6%<E≤10%）：3级≤6.0，2级≤3.7，1级≤3.2。陶瓷板：3级≤13.2，2级≤8.7，1级≤6.0。卫生陶瓷（吸水率≤0.3%）：3级≤630，2级≤350，1级≤300 kgce/t。卫生陶瓷（吸水率>0.3%）：3级≤610，2级≤350，1级≤350 kgce/t。耐磨氧化铝球（90系列）：3级≤370，2级≤320，1级≤295。,1）现有建筑卫生陶瓷和耐磨氧化铝球生产企业须达到3级限定值方可继续运营，未达标者须限期改造或淘汰；2）新建及改扩建项目须达到2级准入值方可投产；3）1级先进值用于引导行业节能标杆。,N/A,N/A,政府机构开展的监督检查；企业能耗数据报告,市场监督管理部门对建筑卫生陶瓷和耐磨氧化铝球生产企业进行能耗限额标准执行情况监督检查；企业须按规定报送年度能源消耗数据，接受节能监察。,合规命令；罚款；差别化电价；淘汰关停,对不符合强制性能耗限额标准的建筑卫生陶瓷或耐磨氧化铝球生产企业，由相关部门责令限期整改，逾期未完成整改或整改后仍不达标的，纳入差别化电价范围并依法予以淘汰关停。,其他激励或支持,国家鼓励建筑卫生陶瓷和耐磨氧化铝球生产企业对标1级先进值开展节能降碳改造，通过节能审查和绿色工厂认定引导和支持先进产能提升。,N/A,N/A,C23,CO2,正向,工业能效提升；工业能源消耗减少,GB 21252-2023 建筑卫生陶瓷和耐磨氧化铝球单位产品能源消耗限额,https://openstd.samr.gov.cn/bzgk/std/newGbInfo?hcno=9EC54F539227FD3DFEF723D8C2289457,GB 21252-2013（旧版，建筑卫生陶瓷）、GB 30181-2013（旧版，耐磨氧化铝球）：https://openstd.samr.gov.cn/bzgk/std/nd?no=2142
CHNPRFEILI32S000,工具,绩效标准,单位产品能源消耗限额,工业,工业硅冶炼；镁冶炼,工业硅和镁单位产品能源消耗限额,Norm of Energy Consumption per Unit Production of Industrial Silicon and Magnesium,N/A,GB 21347-2023《工业硅和镁单位产品能源消耗限额》是强制性国家标准，于2023年9月8日发布，2024年10月1日实施，整合替代GB 21347-2012和GB 31338-2014。适用于工业硅（以硅石和碳质还原剂为原料，在矿热电炉内冶炼）和镁（硅热法，即皮江法）生产企业的单位产品能耗计算、考核，以及新建和改扩建项目的能耗控制。能耗限额等级分为3级（1级最低），其中3级为限定值（存量企业最低要求）、2级为准入值（新建及改扩建项目要求）、1级为先进值。与上一版相比，将工业硅和镁两部独立标准整合为一，新增了按主还原剂分类的工业硅能耗限额，调整了工业硅和镁单位产品综合能耗统计范围及计算方法。,提高能效；减少能耗,直接,供给侧,中国,国家,N/A,09/01/2008,01/06/2008,N/A,08/09/2023,2023年9月8日发布GB 21347-2023，整合替代GB 21347-2012（镁冶炼）和GB 31338-2014（工业硅），首次将工业硅和镁能耗限额整合为一项标准，增加按主还原剂分类的工业硅能耗限额等级，将先进值/准入值/限定值改为1级/2级/3级能耗限额等级体系。,生效,国家市场监督管理总局；国家标准化管理委员会,工业硅和镁冶炼生产装置,新建；既有,工业硅生产装置（矿热电炉，以硅石为原料、碳质材料为还原剂，按主还原剂分为全煤、木炭等类型）和镁冶炼生产装置（硅热法/皮江法，以白云石为原料、硅铁为还原剂，经煅烧、还原等工序）。,N/A,N/A,企业,在中国境内运营工业硅或镁冶炼生产装置的企业。,生产,工业硅和镁冶炼生产装置的运行活动。现有企业须达到3级限定值，新建及改扩建企业须达到2级准入值。,3级,能耗限额等级,能耗限额等级分为3级（1级最低即最先进），3级为限定值（存量企业最低要求），2级为准入值（新建及改扩建项目要求），1级为先进值。以单位产品综合能耗（kgce/t）为评价指标，按产品类型和主还原剂分类分级设定限值。工业硅（全煤工艺）：3级≤3000，2级≤2800，1级≤2600。工业硅（木炭工艺）：3级≤1350。镁（皮江法）：3级≤4500，2级≤4000，1级≤3500。与GB 21347-2012相比，镁冶炼1级限额从4.5 tce/t收紧至3.5 tce/t。,1）现有工业硅和镁冶炼生产企业须达到3级限定值方可继续运营，未达标者须限期改造或淘汰；2）新建及改扩建项目须达到2级准入值方可投产；3）1级先进值用于引导行业节能标杆。,N/A,N/A,政府机构开展的监督检查；企业能耗数据报告,市场监督管理部门对工业硅和镁冶炼生产企业进行能耗限额标准执行情况监督检查；企业须按规定报送年度能源消耗数据，接受节能监察。,合规命令；罚款；差别化电价；淘汰关停,对不符合强制性能耗限额标准的工业硅或镁冶炼生产企业，由相关部门责令限期整改，逾期未完成整改或整改后仍不达标的，纳入差别化电价范围并依法予以淘汰关停。,其他激励或支持,国家鼓励工业硅和镁冶炼生产企业对标1级先进值开展节能降碳改造，通过节能审查和行业能效领跑者引导和支持先进产能提升。,N/A,N/A,C24,CO2,正向,工业能效提升；工业能源消耗减少,GB 21347-2023 工业硅和镁单位产品能源消耗限额,https://openstd.samr.gov.cn/bzgk/std/newGbInfo?hcno=C754221E7C2AC90D25D239A7A77AF56A,GB 21347-2012（旧版，镁冶炼）、GB 31338-2014（旧版，工业硅）：https://openstd.samr.gov.cn/bzgk/std/nd?no=2142
CHNPRFEILI33S000,工具,绩效标准,单位产品能源消耗限额,工业,有色金属冶炼,有色重金属冶炼企业单位产品能源消耗限额,Norm of Energy Consumption per Unit Production of Non-Ferrous Heavy Metals Metallurgical Enterprises,N/A,GB 25323-2023《有色重金属冶炼企业单位产品能源消耗限额》是强制性国家标准，于2023年5月23日发布，2024年6月1日实施，整合替代GB 25323-2010、GB 21248-2014、GB 21249-2014、GB 21250-2014、GB 21251-2014、GB 21348-2014和GB 21349-2014七项标准。适用于铜、锌、铅、镍、锡、锑、再生铅、钴和铋等有色重金属冶炼企业的单位产品能耗计算、考核，以及新建和改扩建项目的能耗控制。能耗限额等级分为3级（1级最低），其中3级为限定值（存量企业最低要求）、2级为准入值（新建及改扩建项目要求）、1级为先进值。该标准首次将九种有色重金属冶炼产品的能耗限额整合为一项统一标准。,提高能效；减少能耗,直接,供给侧,中国,国家,N/A,26/09/2010,01/03/2012,N/A,23/05/2023,2023年5月23日发布GB 25323-2023，整合替代GB 25323-2010（铜镍钴）、GB 21248-2014（铜冶炼）、GB 21249-2014（锌冶炼）、GB 21250-2014（铅冶炼）、GB 21251-2014（镍冶炼）、GB 21348-2014（锡锑冶炼）和GB 21349-2014（铅铋冶炼），首次将铜、锌、铅、镍、锡、锑、再生铅、钴和铋九种有色重金属冶炼能耗限额统一为一项综合标准。,生效,国家市场监督管理总局；国家标准化管理委员会,有色重金属冶炼生产系统,新建；既有,铜冶炼（铜精矿→阴极铜）、锌冶炼（锌精矿→精锌/锌锭）、铅冶炼（铅精矿→铅锭）、镍冶炼（硫化镍精矿→电解镍）、锡冶炼（锡精矿→锡锭）、锑冶炼（硫化锑/硫氧混合锑精矿→锑锭）、再生铅冶炼（废铅酸蓄电池/金属态铅废料→铅锭）、钴冶炼（钴铜矿/粗碳酸钴/粗氢氧化钴/白合金→钴产品）、铋冶炼（硫化铋/氧化铋精矿→精铋）的生产系统，包括熔炼、吹炼、精炼、电解等主要工序及辅助生产系统。,N/A,N/A,企业,在中国境内运营铜、锌、铅、镍、锡、锑、再生铅、钴或铋冶炼生产系统的企业。,生产,有色重金属冶炼生产系统的运行活动。现有企业须达到3级限定值，新建及改扩建企业须达到2级准入值。,3级,能耗限额等级,能耗限额等级分为3级（1级最低即最先进），3级为限定值（存量企业最低要求），2级为准入值（新建及改扩建项目要求），1级为先进值。以单位产品综合能耗（kgce/t）为评价指标，按金属品种和工艺路线分级设定限值。铜冶炼（铜精矿→阴极铜）：3级≤340，2级≤230，1级≤210。锌冶炼（湿法炼锌）：3级≤1050，2级≤950，1级≤880。铅冶炼（铅精矿→铅锭）：3级≤420，2级≤330，1级≤300。镍冶炼（镍精矿→电解镍）：3级≤4680，2级≤3650，1级≤3450。锡冶炼：3级≤1300，2级≤1100，1级≤950。锑冶炼：3级≤1200，2级≤1050，1级≤900。再生铅冶炼：3级≤260，2级≤230，1级≤200。钴冶炼：3级≤2400，2级≤2100，1级≤1800。铋冶炼：3级≤1250，2级≤1100，1级≤950。,1）现有有色重金属冶炼企业须达到3级限定值方可继续运营，未达标者须限期改造或淘汰；2）新建及改扩建项目须达到2级准入值方可投产；3）1级先进值用于引导行业节能标杆。,N/A,N/A,政府机构开展的监督检查；企业能耗数据报告,市场监督管理部门对有色重金属冶炼企业进行能耗限额标准执行情况监督检查；企业须按规定报送年度能源消耗数据，接受节能监察。,合规命令；罚款；差别化电价；淘汰关停,对不符合强制性能耗限额标准的有色重金属冶炼企业，由相关部门责令限期整改，逾期未完成整改或整改后仍不达标的，纳入差别化电价范围并依法予以淘汰关停。,其他激励或支持,国家鼓励有色重金属冶炼企业对标1级先进值开展节能降碳改造，通过节能审查和行业能效领跑者引导和支持先进产能提升。,N/A,N/A,C24,CO2,正向,工业能效提升；工业能源消耗减少,GB 25323-2023 有色重金属冶炼企业单位产品能源消耗限额,https://openstd.samr.gov.cn/bzgk/std/newGbInfo?hcno=1AC5838391EDB47380A692125F5A7EC4,GB 25323-2010（旧版，铜镍钴）、GB 21248-2014（旧版，铜冶炼）、GB 21249-2014（旧版，锌冶炼）、GB 21250-2014（旧版，铅冶炼）、GB 21251-2014（旧版，镍冶炼）、GB 21348-2014（旧版，锡锑冶炼）、GB 21349-2014（旧版，铅铋冶炼）：https://openstd.samr.gov.cn/bzgk/std/nd?no=2142
CHNPRFEILI34S000,工具,绩效标准,单位产品能源消耗限额,工业,铝加工,变形铝及铝合金单位产品能源消耗限额,Norm of Energy Consumption per Unit Production of Wrought Aluminium and Aluminium Alloys,N/A,GB 21351-2023《变形铝及铝合金单位产品能源消耗限额》是强制性国家标准，于2023年5月23日发布，2024年6月1日实施，整合替代GB 21351-2014、GB 25326-2010、GB 26756-2011和GB 31339-2014。适用于一般工业用变形铝及铝合金铸锭（圆铸锭）、板材、带材、箔材、管材、棒材、型材、线材和锻件生产企业的单位产品能耗计算、考核，以及新建和改扩建项目的能耗控制。能耗限额等级分为3级（1级最低），其中3级为限定值（存量企业最低要求）、2级为准入值（新建及改扩建项目要求）、1级为先进值。与上一版相比，首次将铝及铝合金铸造、压延、挤压、拉拔和锻造等全加工流程的能耗限额整合为一项统一标准，新增了板材、带材、箔材、锻件的能耗限额要求。,提高能效；减少能耗,直接,供给侧,中国,国家,N/A,09/01/2008,01/06/2008,N/A,23/05/2023,2023年5月23日发布GB 21351-2023，整合替代GB 21351-2014（挤压型材/棒材/管材）、GB 25326-2010（管材/棒材）、GB 26756-2011（线材）和GB 31339-2014（线缆/导体），首次将变形铝及铝合金铸锭、板带箔、管棒型材、线材、锻件等全加工流程能耗限额整合为一。,生效,国家市场监督管理总局；国家标准化管理委员会,变形铝及铝合金加工生产线,新建；既有,铸锭（实心圆铸锭等按熔融态铝/重熔用铝锭+固态回收铝原料分类）、板材（冷轧板材）、带材（冷轧带材、铸轧带材）、箔材（无零箔、单零箔、双零箔）、管材/棒材/型材（挤压型材、拉轧制棒材及线材）、线材（导体线、焊接线等）和锻件的生产系统。不包括航空、航天等特殊领域及粉末冶金、喷射成型等特殊工艺制品。,N/A,N/A,企业,在中国境内运营变形铝及铝合金加工生产线的企业。,生产,变形铝及铝合金加工生产线的运行活动。现有企业须达到3级限定值，新建及改扩建企业须达到2级准入值。,3级,能耗限额等级,能耗限额等级分为3级（1级最低即最先进），3级为限定值（存量企业最低要求），2级为准入值（新建及改扩建项目要求），1级为先进值。以单位产品综合能耗（kgce/t）为评价指标，按产品类型和工艺路线分级设定限值。实心圆铸锭（熔铸+均匀化）：3级≤135，2级≤110，1级≤85（以熔融态铝为主原料）；3级≤220，2级≤175，1级≤150（以重熔用铝锭及固态回收铝为原料）。挤压型材（一般工业用，Ⅰ类）：3级≤190，2级≤160，1级≤135（仅挤压）；3级≤340，2级≤290，1级≤250（挤压+固溶热处理+人工时效）。双零箔：3级≤950，2级≤850，1级≤760。,1）现有变形铝及铝合金加工企业须达到3级限定值方可继续运营，未达标者须限期改造或淘汰；2）新建及改扩建项目须达到2级准入值方可投产；3）1级先进值用于引导行业节能标杆。,N/A,N/A,政府机构开展的监督检查；企业能耗数据报告,市场监督管理部门对变形铝及铝合金加工企业进行能耗限额标准执行情况监督检查；企业须按规定报送年度能源消耗数据，接受节能监察。,合规命令；罚款；差别化电价；淘汰关停,对不符合强制性能耗限额标准的变形铝及铝合金加工企业，由相关部门责令限期整改，逾期未完成整改或整改后仍不达标的，纳入差别化电价范围并依法予以淘汰关停。,其他激励或支持,国家鼓励变形铝及铝合金加工企业对标1级先进值开展节能降碳改造，通过节能审查和绿色工厂认定引导和支持先进产能提升。,N/A,N/A,C24,CO2,正向,工业能效提升；工业能源消耗减少,GB 21351-2023 变形铝及铝合金单位产品能源消耗限额,https://openstd.samr.gov.cn/bzgk/std/newGbInfo?hcno=BC1B167DC00C3975E4A9C90CC9F16EA6,GB 21351-2014（旧版，挤压型材棒材管材）、GB 25326-2010（旧版，管材棒材）、GB 26756-2011（旧版，线材）、GB 31339-2014（旧版，线缆导体）：https://openstd.samr.gov.cn/bzgk/std/nd?no=2142
CHNPRFEILI35S000,工具,绩效标准,单位产品能源消耗限额,工业,铜加工,铜及铜合金加工材单位产品能源消耗限额,Norm of Energy Consumption per Unit Production of Wrought Copper and Copper Alloy,N/A,GB 21350-2023《铜及铜合金加工材单位产品能源消耗限额》是强制性国家标准，于2023年5月23日发布，2024年6月1日实施，整合替代GB 21350-2013、GB 29137-2012、GB 29442-2012、GB 29443-2012和GB 32046-2015。适用于铜及铜合金铸锭（坯）、管材、棒材、线材、板材、带材、箔材和电工用铜线坯生产企业的单位产品能耗计算、考核，以及新建和改扩建项目的能耗控制。能耗限额等级分为3级（1级最低），其中3级为限定值（存量企业最低要求）、2级为准入值（新建及改扩建项目要求）、1级为先进值。与上一版相比，首次将铜及铜合金铸造、挤压、轧制、拉拔等全加工流程的能耗限额整合为一项标准。,提高能效；减少能耗,直接,供给侧,中国,国家,N/A,31/12/2012,01/10/2013,N/A,23/05/2023,2023年5月23日发布GB 21350-2023，整合替代GB 21350-2013（管材）、GB 29137-2012（线材）、GB 29442-2012（板带箔）、GB 29443-2012（棒材）和GB 32046-2015（电工用铜线坯），首次将铜及铜合金铸锭、管棒线材、板带箔材和电工铜线坯的全产品能耗限额整合为一。,生效,国家市场监督管理总局；国家标准化管理委员会,铜及铜合金加工生产线,新建；既有,铜及铜合金铸锭（坯）、管材（紫铜管/黄铜管/白铜管，挤压法/连铸法）、棒材（紫铜棒/黄铜棒/青铜棒/白铜棒）、线材（紫铜线/黄铜线/青铜线/白铜线，按规格修正系数调整）、板材/带材/箔材（紫铜/黄铜/青铜/白铜板带箔，热轧法/水平连铸法）和电工用铜线坯（上引连铸法/连铸连轧法，以阴极铜或再生铜为原料）的生产系统。不包括粉末冶金、真空熔铸、多级时效等特殊工艺产品。,N/A,N/A,企业,在中国境内运营铜及铜合金加工生产线的企业。,生产,铜及铜合金加工生产线的运行活动。现有企业须达到3级限定值，新建及改扩建企业须达到2级准入值。,3级,能耗限额等级,能耗限额等级分为3级（1级最低即最先进），3级为限定值（存量企业最低要求），2级为准入值（新建及改扩建项目要求），1级为先进值。以单位产品综合能耗（kgce/t）为评价指标，按产品类型、合金种类和工艺路线分级设定限值，部分产品按规格设有修正系数。电工用铜线坯（上引连铸法，阴极铜）：3级≤56，2级≤52，1级≤45。电工用铜线坯（连铸连轧法，再生铜）：3级≤180，2级≤130，1级≤100。紫铜板带箔（热轧法全工序）：3级≤270，2级≤230，1级≤195。普通黄铜板带箔（热轧法全工序）：3级≤350，2级≤290，1级≤245。紫铜管（挤压法全工序）：3级≤250，2级≤215，1级≤185。紫铜线（连铸法全工序）：3级≤129，2级≤110，1级≤95。紫铜棒（连铸法全工序）：3级≤90，2级≤77，1级≤66。,1）现有铜及铜合金加工企业须达到3级限定值方可继续运营，未达标者须限期改造或淘汰；2）新建及改扩建项目须达到2级准入值方可投产；3）1级先进值用于引导行业节能标杆。,N/A,N/A,政府机构开展的监督检查；企业能耗数据报告,市场监督管理部门对铜及铜合金加工企业进行能耗限额标准执行情况监督检查；企业须按规定报送年度能源消耗数据，接受节能监察。,合规命令；罚款；差别化电价；淘汰关停,对不符合强制性能耗限额标准的铜及铜合金加工企业，由相关部门责令限期整改，逾期未完成整改或整改后仍不达标的，纳入差别化电价范围并依法予以淘汰关停。,其他激励或支持,国家鼓励铜及铜合金加工企业对标1级先进值开展节能降碳改造，通过节能审查和绿色工厂认定引导和支持先进产能提升。,N/A,N/A,C24,CO2,正向,工业能效提升；工业能源消耗减少,GB 21350-2023 铜及铜合金加工材单位产品能源消耗限额,https://openstd.samr.gov.cn/bzgk/std/newGbInfo?hcno=00D05C80DC378CB8ADE9C481234EDD8D,GB 21350-2013（旧版，管材）、GB 29137-2012（旧版，线材）、GB 29442-2012（旧版，板带箔）、GB 29443-2012（旧版，棒材）、GB 32046-2015（旧版，电工铜线坯）：https://openstd.samr.gov.cn/bzgk/std/nd?no=2142
CHNPRFEILI36S000,工具,绩效标准,单位产品能源消耗限额,工业,硅材料；锗材料,多晶硅和锗单位产品能源消耗限额,Norm of Energy Consumption per Unit Production of Polysilicon and Germanium,N/A,GB 29447-2022《多晶硅和锗单位产品能源消耗限额》是强制性国家标准，于2022年12月29日发布，2024年1月1日实施，整合替代GB 29447-2012和GB 29413-2012。适用于以三氯氢硅法生产光伏用多晶硅，以及以锗精矿、再生锗原料生产高纯四氯化锗、高纯二氧化锗、区熔锗锭和锗单晶的企业单位产品能耗计算、考核，以及新建和改扩建项目的能耗控制。能耗限额等级分为3级（1级最低），其中3级为限定值（存量企业最低要求）、2级为准入值（新建及改扩建项目要求）、1级为先进值。不适用于电子级多晶硅及硅烷流化床法生产多晶硅的企业。该标准首次将多晶硅和锗两类半导体/光伏基础材料的能耗限额整合为一项标准。,提高能效；减少能耗,直接,供给侧,中国,国家,N/A,31/12/2012,01/10/2013,N/A,29/12/2022,2022年12月29日发布GB 29447-2022，整合替代GB 29447-2012（多晶硅）和GB 29413-2012（锗），将多晶硅和锗能耗限额合并为一项综合标准，将先进值/准入值/限定值改为1级/2级/3级能耗限额等级体系。,生效,国家市场监督管理总局；国家标准化管理委员会,多晶硅和锗生产装置,新建；既有,以三氯氢硅法（改良西门子法）生产光伏用多晶硅的装置（包括三氯氢硅合成、精馏、还原、尾气回收等工序）和以锗精矿或再生锗原料生产锗产品的装置（包括高纯四氯化锗、高纯二氧化锗、区熔锗锭、锗单晶的生产工序）。,N/A,N/A,企业,在中国境内运营多晶硅或锗生产装置的企业。,生产,多晶硅和锗生产装置的运行活动。现有企业须达到3级限定值，新建及改扩建企业须达到2级准入值。,3级,能耗限额等级,能耗限额等级分为3级（1级最低即最先进），3级为限定值（存量企业最低要求），2级为准入值（新建及改扩建项目要求），1级为先进值。以单位产品综合能耗（kgce/kg）为评价指标，按产品类型分级设定限值。多晶硅（三氯氢硅法）：3级≤10.5，2级≤8.5，1级≤7.5。高纯四氯化锗：3级≤9.3，2级≤5.5，1级≤5.2。高纯二氧化锗：3级≤1.7，2级≤1.1，1级≤0.92。区熔锗锭：3级≤18.9，2级≤9.5，1级≤7.8。锗单晶：3级≤10.0，2级≤6.5，1级≤6.0。,1）现有多晶硅和锗生产企业须达到3级限定值方可继续运营，未达标者须限期改造或淘汰；2）新建及改扩建项目须达到2级准入值方可投产；3）1级先进值用于引导行业节能标杆。,N/A,N/A,政府机构开展的监督检查；企业能耗数据报告,市场监督管理部门对多晶硅和锗生产企业进行能耗限额标准执行情况监督检查；企业须按规定报送年度能源消耗数据，接受节能监察。,合规命令；罚款；差别化电价；淘汰关停,对不符合强制性能耗限额标准的多晶硅或锗生产企业，由相关部门责令限期整改，逾期未完成整改或整改后仍不达标的，纳入差别化电价范围并依法予以淘汰关停。,其他激励或支持,国家鼓励多晶硅和锗生产企业对标1级先进值开展节能降碳改造，通过节能审查和绿色工厂认定引导和支持先进产能提升。,N/A,N/A,C24,CO2,正向,工业能效提升；工业能源消耗减少,GB 29447-2022 多晶硅和锗单位产品能源消耗限额,https://openstd.samr.gov.cn/bzgk/std/newGbInfo?hcno=BD3DF1890BDBD4F84D3676D37F9884E6,GB 29447-2012（旧版，多晶硅）、GB 29413-2012（旧版，锗）：https://openstd.samr.gov.cn/bzgk/std/nd?no=2142
CHNPRFEILI37S000,工具,绩效标准,单位产品能源消耗限额,工业,炭素制品,铝用炭素单位产品能源消耗限额,Norm of Energy Consumption per Unit Production of Carbon Materials for Aluminium Production,N/A,GB 25324-2022《铝用炭素单位产品能源消耗限额》是强制性国家标准，于2022年12月29日发布，2024年1月1日实施，替代GB 25324-2014和GB 25325-2014。适用于铝电解用预焙阳极、石墨质阴极炭块、石墨化阴极炭块和阴极糊生产企业的单位产品能耗计算、考核，以及新建和改扩建项目的能耗控制。能耗限额等级分为3级（1级最低），其中3级为限定值（存量企业最低要求）、2级为准入值（新建及改扩建项目要求）、1级为先进值。与2014版相比，整合了预焙阳极和阴极炭素制品两部标准，新增了石墨化阴极炭块的能耗限额要求。,提高能效；减少能耗,直接,供给侧,中国,国家,N/A,31/12/2014,01/01/2016,N/A,29/12/2022,2022年12月29日发布GB 25324-2022替代GB 25324-2014和GB 25325-2014，将铝电解用预焙阳极和阴极炭素制品（石墨质阴极炭块、石墨化阴极炭块、阴极糊）两部能耗限额标准整合为一，新增石墨化阴极炭块能耗限额要求，将限定值/准入值/先进值改为1级/2级/3级能耗限额等级体系。,生效,国家市场监督管理总局；国家标准化管理委员会,铝用炭素生产装置,新建；既有,铝电解用预焙阳极生产装置（包括石油焦煅烧、中碎筛分、配料混捏、成型、焙烧等工序）、石墨质阴极炭块生产装置、石墨化阴极炭块生产装置和阴极糊生产装置。,N/A,N/A,企业,在中国境内运营铝用炭素生产装置的企业。,生产,铝用炭素生产装置的运行活动。现有企业须达到3级限定值，新建及改扩建企业须达到2级准入值。,3级,能耗限额等级,能耗限额等级分为3级（1级最低即最先进），3级为限定值（存量企业最低要求），2级为准入值（新建及改扩建项目要求），1级为先进值。以单位产品综合能耗（kgce/t）为评价指标，按产品类型和工艺路线分级设定限值。预焙阳极：3级≤160，2级≤145，1级≤130。石墨质阴极炭块：3级≤400，2级≤360，1级≤320。石墨化阴极炭块：3级≤1400，2级≤1200，1级≤1050。阴极糊：3级≤300，2级≤270，1级≤240。,1）现有铝用炭素生产企业须达到3级限定值方可继续运营，未达标者须限期改造或淘汰；2）新建及改扩建项目须达到2级准入值方可投产；3）1级先进值用于引导行业节能标杆。,N/A,N/A,政府机构开展的监督检查；企业能耗数据报告,市场监督管理部门对铝用炭素生产企业进行能耗限额标准执行情况监督检查；企业须按规定报送年度能源消耗数据，接受节能监察。,合规命令；罚款；差别化电价；淘汰关停,对不符合强制性能耗限额标准的铝用炭素生产企业，由相关部门责令限期整改，逾期未完成整改或整改后仍不达标的，纳入差别化电价范围并依法予以淘汰关停。,其他激励或支持,国家鼓励铝用炭素生产企业对标1级先进值开展节能降碳改造，通过节能审查和绿色工厂认定引导和支持先进产能提升。,N/A,N/A,C23,CO2,正向,工业能效提升；工业能源消耗减少,GB 25324-2022 铝用炭素单位产品能源消耗限额,https://openstd.samr.gov.cn/bzgk/std/newGbInfo?hcno=FF0F16A51CFC03A1BAEEC48DCAB49C15,GB 25324-2014（旧版，预焙阳极）、GB 25325-2014（旧版，阴极炭素）：https://openstd.samr.gov.cn/bzgk/std/nd?no=2142
CHNPRFEILI38S000,工具,绩效标准,单位产品能源消耗限额,工业,铁合金冶炼,铁合金单位产品能源消耗限额,Norm of Energy Consumption per Unit Production of Ferroalloys,N/A,GB 21341-2022《铁合金单位产品能源消耗限额》是强制性国家标准，于2022年12月29日发布，2024年1月1日实施，替代GB 21341-2017。适用于还原电炉（矿热炉）和高炉生产的硅铁、电炉高碳锰铁、锰硅合金、低碳锰硅合金、高碳铬铁、炉料级铬铁、微碳锰铁、中（低）碳铬铁和高炉锰铁等九种铁合金产品的单位产品能耗计算、考核，以及新建和改扩建项目的能耗控制。能耗限额等级分为3级（1级最低），其中3级为限定值（存量企业最低要求）、2级为准入值（新建及改扩建项目要求）、1级为先进值。与2017版相比，新增了低碳锰硅合金等品种，调整了能耗限额指标。,提高能效；减少能耗,直接,供给侧,中国,国家,N/A,09/01/2008,01/06/2008,N/A,29/12/2022,2022年12月29日发布GB 21341-2022替代GB 21341-2017，新增低碳锰硅合金等品种能耗限额要求，将限定值/准入值/先进值改为1级/2级/3级能耗限额等级体系，调整各级限额指标以适配双碳目标要求。,生效,国家市场监督管理总局；国家标准化管理委员会,铁合金冶炼生产装置,新建；既有,还原电炉（矿热炉）生产的硅铁（包括FeSi75、FeSi65等）、电炉高碳锰铁、锰硅合金、低碳锰硅合金、高碳铬铁、炉料级铬铁、微碳锰铁、中（低）碳铬铁等铁合金产品的生产装置，以及高炉锰铁生产装置，包括原料处理、冶炼、浇铸、精整等主要工序及辅助生产系统。,N/A,N/A,企业,在中国境内运营铁合金冶炼生产装置的企业。,生产,铁合金冶炼生产装置的运行活动。现有企业须达到3级限定值，新建及改扩建企业须达到2级准入值。,3级,能耗限额等级,能耗限额等级分为3级（1级最低即最先进），3级为限定值（存量企业最低要求），2级为准入值（新建及改扩建项目要求），1级为先进值。以单位产品综合能耗（kgce/t）为评价指标，按铁合金品种和冶炼炉型分级设定限值，以标准矿比和标准品位为折算基准。硅铁（FeSi75）：3级≤2230，2级≤2100，1级≤1980。电炉高碳锰铁：3级≤830，2级≤780，1级≤730。锰硅合金：3级≤980，2级≤920，1级≤860。高碳铬铁：3级≤860，2级≤810，1级≤760。炉料级铬铁：3级≤810，2级≤760，1级≤720。微碳锰铁：3级≤1150，2级≤1080，1级≤1000。中（低）碳铬铁：3级≤1750，2级≤1650，1级≤1550。高炉锰铁：3级≤1100，2级≤1050，1级≤1000。,1）现有铁合金生产企业须达到3级限定值方可继续运营，未达标者须限期改造或淘汰；2）新建及改扩建项目须达到2级准入值方可投产；3）1级先进值用于引导行业节能标杆。,N/A,N/A,政府机构开展的监督检查；企业能耗数据报告,市场监督管理部门对铁合金生产企业进行能耗限额标准执行情况监督检查；企业须按规定报送年度能源消耗数据，接受节能监察。,合规命令；罚款；差别化电价；淘汰关停,对不符合强制性能耗限额标准的铁合金生产企业，由相关部门责令限期整改，逾期未完成整改或整改后仍不达标的，纳入差别化电价范围并依法予以淘汰关停。,其他激励或支持,国家鼓励铁合金生产企业对标1级先进值开展节能降碳改造，通过节能审查和行业能效领跑者引导和支持先进产能提升。,N/A,N/A,C24,CO2,正向,工业能效提升；工业能源消耗减少,GB 21341-2022 铁合金单位产品能源消耗限额,https://openstd.samr.gov.cn/bzgk/std/newGbInfo?hcno=D9F02652C6E387DAC1B8E38456F479C8,GB 21341-2017（旧版）：https://openstd.samr.gov.cn/bzgk/std/nd?no=2142
CHNPRFEILI39S000,工具,绩效标准,单位产品能源消耗限额,工业,钛冶炼；钛加工,海绵钛和钛锭单位产品能源消耗限额,Norm of Energy Consumption per Unit Production of Titanium Sponge and Titanium Ingot,N/A,GB 29448-2022《海绵钛和钛锭单位产品能源消耗限额》是强制性国家标准，于2022年12月29日发布，2024年1月1日实施，整合替代GB 29136-2012和GB 29448-2012。适用于镁还原蒸馏法（Kroll法）生产海绵钛和真空自耗电弧炉熔炼生产钛锭的企业单位产品能耗计算、考核，以及新建和改扩建项目的能耗控制。能耗限额等级分为3级（1级最低），其中3级为限定值（存量企业最低要求）、2级为准入值（新建及改扩建项目要求）、1级为先进值。不适用于电解法生产海绵钛和冷床炉生产钛锭的企业。与上一版相比，钛锭单位产品能耗指标平均降低约50%，海绵钛平均降低约13%。,提高能效；减少能耗,直接,供给侧,中国,国家,N/A,31/12/2012,01/10/2013,N/A,29/12/2022,2022年12月29日发布GB 29448-2022，整合替代GB 29136-2012（海绵钛）和GB 29448-2012（钛锭），首次将海绵钛和钛锭两部能耗限额标准整合为一，钛锭单位产品能耗指标比原标准平均降低约50%（全面实施后预计年节约标准煤约7万吨），海绵钛平均降低约13%（预计年节约标准煤约10万吨）。,生效,国家市场监督管理总局；国家标准化管理委员会,海绵钛和钛锭生产装置,新建；既有,镁还原蒸馏法（Kroll法）生产海绵钛的装置（包括氯化、精制、还原蒸馏、破碎包装等工序）和真空自耗电弧炉生产钛锭的装置（包括电极制备、一次熔炼、二次熔炼等，三次熔炼成品铸锭能耗限额需乘以1.9系数）。,N/A,N/A,企业,在中国境内运营海绵钛或钛锭生产装置的企业。,生产,海绵钛和钛锭生产装置的运行活动。现有企业须达到3级限定值，新建及改扩建企业须达到2级准入值。,3级,能耗限额等级,能耗限额等级分为3级（1级最低即最先进），3级为限定值（存量企业最低要求），2级为准入值（新建及改扩建项目要求），1级为先进值。以单位产品综合能耗（tce/t）为评价指标，按产品类型和工艺路线分级设定限值。海绵钛（全流程）：3级≤5.08，2级≤4.82，1级≤4.45。海绵钛（还原蒸馏-破碎工序）：3级≤1.23，2级≤1.10，1级≤1.00。钛锭（两次真空自耗电弧熔炼）：3级≤0.58，2级≤0.48，1级≤0.42。,1）现有海绵钛和钛锭生产企业须达到3级限定值方可继续运营，未达标者须限期改造或淘汰；2）新建及改扩建项目须达到2级准入值方可投产；3）1级先进值用于引导行业节能标杆。,N/A,N/A,政府机构开展的监督检查；企业能耗数据报告,市场监督管理部门对海绵钛和钛锭生产企业进行能耗限额标准执行情况监督检查；企业须按规定报送年度能源消耗数据，接受节能监察。,合规命令；罚款；差别化电价；淘汰关停,对不符合强制性能耗限额标准的海绵钛或钛锭生产企业，由相关部门责令限期整改，逾期未完成整改或整改后仍不达标的，纳入差别化电价范围并依法予以淘汰关停。,其他激励或支持,国家鼓励海绵钛和钛锭生产企业对标1级先进值开展节能降碳改造，通过节能审查和绿色工厂认定引导和支持先进产能提升。,N/A,N/A,C24,CO2,正向,工业能效提升；工业能源消耗减少,GB 29448-2022 海绵钛和钛锭单位产品能源消耗限额,https://openstd.samr.gov.cn/bzgk/std/newGbInfo?hcno=E1EBA8E2BB1E25BD7D71C65DC9C0649C,GB 29136-2012（旧版，海绵钛）、GB 29448-2012（旧版，钛锭）：https://openstd.samr.gov.cn/bzgk/std/nd?no=2142
CHNPRFEILI40S000,工具,绩效标准,单位产品能源消耗限额,工业,铝冶炼,电解铝和氧化铝单位产品能源消耗限额,Norm of Energy Consumption per Unit Production of Electrolytic Aluminium and Alumina,N/A,GB 21346-2022《电解铝和氧化铝单位产品能源消耗限额》是强制性国家标准，于2022年12月29日发布，2024年1月1日实施，替代GB 21346-2013和GB 25327-2017。适用于电解铝（以氧化铝为原料、冰晶石-氧化铝熔盐电解法生产铝液/铝锭）和氧化铝（拜耳法、烧结法或联合法生产冶金级氧化铝）生产企业的单位产品能耗计算、考核，以及新建和改扩建项目的能耗控制。能耗限额等级分为3级（1级最低），其中3级为限定值（存量企业最低要求）、2级为准入值（新建及改扩建项目要求）、1级为先进值。与上一版相比，首次将电解铝和氧化铝能耗限额整合为一项标准。,提高能效；减少能耗,直接,供给侧,中国,国家,N/A,09/01/2008,01/06/2008,N/A,29/12/2022,2022年12月29日发布GB 21346-2022，整合替代GB 21346-2013（电解铝）和GB 25327-2017（氧化铝），首次将电解铝和氧化铝两部能耗限额标准整合为一，更改铝液交流电耗和铝液综合交流电耗计算方法，扩展电解铝和氧化铝能耗统计范围，将先进值/准入值/限定值改为1级/2级/3级能耗限额等级体系。,生效,国家市场监督管理总局；国家标准化管理委员会,电解铝和氧化铝生产装置,新建；既有,电解铝生产装置（冰晶石-氧化铝熔盐电解法，包括电解槽系列、整流供电、阳极组装、铸造等主要系统）和冶金级氧化铝生产装置（拜耳法、烧结法或联合法，包括溶出、分解、焙烧等主要工序）。,N/A,N/A,企业,在中国境内运营电解铝或氧化铝生产装置的企业。,生产,电解铝和氧化铝生产装置的运行活动。现有企业须达到3级限定值，新建及改扩建企业须达到2级准入值。,3级,能耗限额等级,能耗限额等级分为3级（1级最低即最先进），3级为限定值（存量企业最低要求），2级为准入值（新建及改扩建项目要求），1级为先进值。电解铝以铝液交流电耗（kWh/t）、铝液综合交流电耗（kWh/t）、铝锭综合交流电耗（kWh/t）和铝锭综合能源单耗（kgce/t）为评价指标。氧化铝以拜耳法工艺能耗（kgce/t）和拜耳法综合能耗（kgce/t）为评价指标。铝液交流电耗：3级≤13300，2级≤13100，1级≤13000。铝液综合交流电耗：3级≤13650，2级≤13450，1级≤13350。铝锭综合交流电耗：3级≤13700，2级≤13500，1级≤13400。铝锭综合能源单耗：3级≤1710，2级≤1690，1级≤1675。拜耳法工艺能耗：3级≤430，2级≤360，1级≤330。拜耳法综合能耗：3级≤460，2级≤390，1级≤360。,1）现有电解铝和氧化铝生产企业须达到3级限定值方可继续运营，未达标者须限期改造或淘汰；2）新建及改扩建项目须达到2级准入值方可投产；3）1级先进值用于引导行业节能标杆。,N/A,N/A,政府机构开展的监督检查；企业能耗数据报告,市场监督管理部门对电解铝和氧化铝生产企业进行能耗限额标准执行情况监督检查；企业须按规定报送年度能源消耗数据，接受节能监察。,合规命令；罚款；差别化电价；淘汰关停,对不符合强制性能耗限额标准的电解铝或氧化铝生产企业，由相关部门责令限期整改，逾期未完成整改或整改后仍不达标的，纳入差别化电价范围并依法予以淘汰关停。,其他激励或支持,国家鼓励电解铝和氧化铝生产企业对标1级先进值开展节能降碳改造，通过节能审查和行业能效领跑者引导和支持先进产能提升。,N/A,N/A,C24,CO2,正向,工业能效提升；工业能源消耗减少,GB 21346-2022 电解铝和氧化铝单位产品能源消耗限额,https://openstd.samr.gov.cn/bzgk/std/newGbInfo?hcno=26157DFF9B64E6DEAB76156105CE930E,GB 21346-2013（旧版，电解铝）、GB 25327-2017（旧版，氧化铝）：https://openstd.samr.gov.cn/bzgk/std/nd?no=2142
CHNPRFEILI41S000,工具,绩效标准,单位产品能源消耗限额,工业,港口作业,码头作业单位产品能源消耗限额,Norm of Energy Consumption per Unit Throughput of Terminal Operations,N/A,GB 31823-2021《码头作业单位产品能源消耗限额》是强制性国家标准，于2021年10月11日发布，2022年11月1日实施，替代GB 31823-2015和GB 31827-2015。适用于国内专业化集装箱码头（不含自动化集装箱码头）、干散货（煤炭、矿石）码头和原油码头（不含后方配套库区）生产作业的单位产品能耗计算、考核，以及新建和改扩建码头的能耗控制。能耗限额等级分为3级（1级最低），其中3级为限定值（存量码头最低要求）、2级为准入值（新建及改扩建码头要求）、1级为先进值。与2015版相比，新增了原油码头的能耗限额要求，将先进值/准入值/限定值改为1级/2级/3级能耗限额等级体系。,提高能效；减少能耗,直接,供给侧,中国,国家,N/A,17/07/2015,01/04/2016,N/A,11/10/2021,2021年10月11日发布GB 31823-2021，整合替代GB 31823-2015（集装箱码头）和GB 31827-2015（干散货码头），新增原油码头类型及能耗限额要求，增加码头作业单位产品能耗限额等级，删除原标准中码头单位产品能源消耗先进值和节能管理与技术措施章节。,生效,国家市场监督管理总局；国家标准化管理委员会,码头作业系统,新建；既有,专业化集装箱码头（不含自动化集装箱码头，以装卸桥/轮胎吊/轨道吊等为主要设备）、干散货（煤炭、矿石）码头（以翻车机/堆取料机/装船机等为主要设备）和原油码头（不含后方配套库区，以输油泵/管道/装卸臂等为主要设备）的生产作业系统。,N/A,N/A,企业,在中国境内运营专业化集装箱码头、干散货（煤炭、矿石）码头或原油码头的企业。,生产,码头生产作业系统的运行活动。现有码头须达到3级限定值，新建及改扩建码头须达到2级准入值。,3级,能耗限额等级,能耗限额等级分为3级（1级最低即最先进），3级为限定值（存量码头最低要求），2级为准入值（新建及改扩建码头要求），1级为先进值。以码头生产作业单位吞吐量综合能耗为评价指标。集装箱码头：3级≤45，2级≤28，1级≤24 tce/万TEU。干散货（煤炭/矿石）码头：3级≤2.7，2级≤2.0，1级≤1.8 tce/万吨。原油码头：3级≤0.88，2级≤0.51，1级≤0.36 tce/万吨。,1）现有码头须达到3级限定值方可继续运营，未达标者须限期改造；2）新建及改扩建码头须达到2级准入值方可投产；3）1级先进值用于引导行业节能标杆。,N/A,N/A,政府机构开展的监督检查；企业能耗数据报告,市场监督管理部门和交通运输主管部门对码头企业进行能耗限额标准执行情况监督检查；企业须按规定报送年度能源消耗数据，接受节能监察。,合规命令；罚款；差别化电价；淘汰关停,对不符合强制性能耗限额标准的码头企业，由相关部门责令限期整改，逾期未完成整改或整改后仍不达标的，纳入差别化电价范围并依法予以停业整顿或关闭。,其他激励或支持,国家鼓励码头企业对标1级先进值开展节能降碳改造，通过节能审查和绿色港口建设引导和支持先进产能提升。,N/A,N/A,H52,CO2,正向,能效提升；能源消耗减少；空气污染物减排,GB 31823-2021 码头作业单位产品能源消耗限额,https://openstd.samr.gov.cn/bzgk/std/newGbInfo?hcno=A8B30AEAFDAFE25DBCB92BC49F1B0651,GB 31823-2015（旧版，集装箱码头）、GB 31827-2015（旧版，干散货码头）：https://openstd.samr.gov.cn/bzgk/std/nd?no=2142
CHNPRFEILI42S000,工具,绩效标准,单位产品能源消耗限额,工业,化工,葡萄糖酸钠单位产品能源消耗限额,Norm of Energy Consumption per Unit Production of Sodium Gluconate,N/A,GB 40878-2021《葡萄糖酸钠单位产品能源消耗限额》是强制性国家标准，于2021年10月11日发布，2022年11月1日实施。适用于以葡萄糖为原料，经生物发酵法生产葡萄糖酸钠的企业单位产品能耗计算、考核，以及新建和改扩建项目的能耗控制。能耗限额等级分为3级（1级最低），其中3级为限定值（存量企业最低要求）、2级为准入值（新建及改扩建项目要求）、1级为先进值。该标准首次对葡萄糖酸钠产品设定强制性能耗限额要求。,提高能效；减少能耗,直接,供给侧,中国,国家,N/A,11/10/2021,01/11/2022,N/A,N/A,N/A,生效,国家市场监督管理总局；国家标准化管理委员会,葡萄糖酸钠生产装置,新建；既有,以葡萄糖为原料，通过生物发酵法（包括发酵、分离、精制、干燥等工序）生产葡萄糖酸钠的装置。产品形态包括晶体葡萄糖酸钠和液体葡萄糖酸钠。,N/A,N/A,企业,在中国境内运营葡萄糖酸钠生产装置的企业。,生产,葡萄糖酸钠生产装置的运行活动。现有企业须达到3级限定值，新建及改扩建企业须达到2级准入值。,3级,能耗限额等级,能耗限额等级分为3级（1级最低即最先进），3级为限定值（存量企业最低要求），2级为准入值（新建及改扩建项目要求），1级为先进值。以单位产品综合能耗（kgce/t）为评价指标。晶体葡萄糖酸钠：3级≤260，2级≤220，1级≤180。液体葡萄糖酸钠（折50%含量）：3级≤80，2级≤65，1级≤50。,1）现有葡萄糖酸钠生产企业须达到3级限定值方可继续运营，未达标者须限期改造或淘汰；2）新建及改扩建项目须达到2级准入值方可投产；3）1级先进值用于引导行业节能标杆。,N/A,N/A,政府机构开展的监督检查；企业能耗数据报告,市场监督管理部门对葡萄糖酸钠生产企业进行能耗限额标准执行情况监督检查；企业须按规定报送年度能源消耗数据，接受节能监察。,合规命令；罚款；差别化电价；淘汰关停,对不符合强制性能耗限额标准的葡萄糖酸钠生产企业，由相关部门责令限期整改，逾期未完成整改或整改后仍不达标的，纳入差别化电价范围并依法予以淘汰关停。,其他激励或支持,国家鼓励葡萄糖酸钠生产企业对标1级先进值开展节能降碳改造，通过节能审查和绿色工厂认定引导和支持先进产能提升。,N/A,N/A,C20,CO2,正向,工业能效提升；工业能源消耗减少,GB 40878-2021 葡萄糖酸钠单位产品能源消耗限额,https://openstd.samr.gov.cn/bzgk/std/newGbInfo?hcno=877E109F22EA5491BCAB71D3A7552AEF,N/A
CHNPRFEILI43S000,工具,绩效标准,单位产品能源消耗限额,工业,耐火材料,硅酸铝纤维及制品单位产品能源消耗限额,Norm of Energy Consumption per Unit Production of Aluminium Silicate Fibre and Products,N/A,GB 40877-2021《硅酸铝纤维及制品单位产品能源消耗限额》是强制性国家标准，于2021年10月11日发布，2022年11月1日实施。适用于以焦宝石、煤矸石等为原料，经电阻炉熔融成纤工艺生产硅酸铝纤维及制品（包括毯、毡、板、纸、模块等）的企业单位产品能耗计算、考核，以及新建和改扩建项目的能耗控制。能耗限额等级分为3级（1级最低），其中3级为限定值（存量企业最低要求）、2级为准入值（新建及改扩建项目要求）、1级为先进值。该标准首次对硅酸铝纤维及制品设定强制性能耗限额要求。,提高能效；减少能耗,直接,供给侧,中国,国家,N/A,11/10/2021,01/11/2022,N/A,N/A,N/A,生效,国家市场监督管理总局；国家标准化管理委员会,硅酸铝纤维及制品生产装置,新建；既有,以焦宝石、煤矸石等为原料，经电阻炉熔融、甩丝或喷吹成纤，再经针刺、热压等工艺生产硅酸铝纤维毯、毡、板、纸、模块等制品的生产装置，包括原料处理、熔融成纤、集棉、针刺/热压、切割包装等主要工序。,N/A,N/A,企业,在中国境内运营硅酸铝纤维及制品生产装置的企业。,生产,硅酸铝纤维及制品生产装置的运行活动。现有企业须达到3级限定值，新建及改扩建企业须达到2级准入值。,3级,能耗限额等级,能耗限额等级分为3级（1级最低即最先进），3级为限定值（存量企业最低要求），2级为准入值（新建及改扩建项目要求），1级为先进值。以单位产品综合能耗（kgce/t）为评价指标，按产品类型分级设定限值。硅酸铝纤维散棉：3级≤850，2级≤750，1级≤650。硅酸铝纤维毯：3级≤950，2级≤830，1级≤720。硅酸铝纤维毡：3级≤900，2级≤780，1级≤680。硅酸铝纤维板：3级≤1100，2级≤950，1级≤820。硅酸铝纤维模块：3级≤1000，2级≤860，1级≤750。,1）现有硅酸铝纤维及制品生产企业须达到3级限定值方可继续运营，未达标者须限期改造或淘汰；2）新建及改扩建项目须达到2级准入值方可投产；3）1级先进值用于引导行业节能标杆。,N/A,N/A,政府机构开展的监督检查；企业能耗数据报告,市场监督管理部门对硅酸铝纤维及制品生产企业进行能耗限额标准执行情况监督检查；企业须按规定报送年度能源消耗数据，接受节能监察。,合规命令；罚款；差别化电价；淘汰关停,对不符合强制性能耗限额标准的硅酸铝纤维及制品生产企业，由相关部门责令限期整改，逾期未完成整改或整改后仍不达标的，纳入差别化电价范围并依法予以淘汰关停。,其他激励或支持,国家鼓励硅酸铝纤维及制品生产企业对标1级先进值开展节能降碳改造，通过节能审查和绿色工厂认定引导和支持先进产能提升。,N/A,N/A,C23,CO2,正向,工业能效提升；工业能源消耗减少,GB 40877-2021 硅酸铝纤维及制品单位产品能源消耗限额,https://openstd.samr.gov.cn/bzgk/std/newGbInfo?hcno=C80A53072205EE972B428EF3320C9524,N/A
CHNPRFEILI44S000,工具,绩效标准,单位产品能源消耗限额,工业,水泥制造,水泥单位产品能源消耗限额,Norm of Energy Consumption per Unit Production of Cement,N/A,GB 16780-2021《水泥单位产品能源消耗限额》是强制性国家标准，于2021年10月11日发布，2022年11月1日实施，替代GB 16780-2012。适用于以石灰石、粘土等为原料，经生料制备、熟料煅烧、水泥粉磨等工序生产通用硅酸盐水泥的企业单位产品能耗计算、考核，以及新建和改扩建项目的能耗控制。能耗限额等级分为3级（1级最低），其中3级为限定值（存量企业最低要求）、2级为准入值（新建及改扩建项目要求）、1级为先进值。与2012版相比，将限定值/准入值/先进值改为1级/2级/3级能耗限额等级体系，熟料综合能耗和水泥综合能耗指标进一步收严。,提高能效；减少能耗,直接,供给侧,中国,国家,N/A,03/12/2007,01/06/2008,N/A,11/10/2021,2021年10月11日发布GB 16780-2021替代GB 16780-2012，将限定值/准入值/先进值改为1级/2级/3级能耗限额等级体系，收严熟料和水泥综合能耗限额指标，删除节能管理与措施章节。,生效,国家市场监督管理总局；国家标准化管理委员会,水泥生产系统,新建；既有,水泥生产系统包括生料制备（原料破碎、预均化、粉磨）、熟料煅烧（预热器、分解炉、回转窑、冷却机）和水泥粉磨（水泥磨、选粉机）三大工序及辅助生产系统。涵盖新型干法水泥生产线，不包括特种水泥和水泥配置站。,N/A,N/A,企业,在中国境内运营水泥生产系统的企业。,生产,水泥生产系统的运行活动。现有企业须达到3级限定值，新建及改扩建企业须达到2级准入值。,3级,能耗限额等级,能耗限额等级分为3级（1级最低即最先进），3级为限定值（存量企业最低要求），2级为准入值（新建及改扩建项目要求），1级为先进值。以可比熟料综合煤耗（kgce/t）、可比熟料综合电耗（kWh/t）、可比熟料综合能耗（kgce/t）、可比水泥综合电耗（kWh/t）和可比水泥综合能耗（kgce/t）为评价指标，按熟料和水泥分别分级设定限值。可比熟料综合煤耗：3级≤109，2级≤103，1级≤94。可比熟料综合电耗：3级≤61，2级≤56，1级≤48。可比熟料综合能耗：3级≤117，2级≤107，1级≤100。可比水泥综合电耗（水泥粉磨站）：3级≤36，2级≤33，1级≤26 kWh/t。可比水泥综合能耗（水泥粉磨站）：3级≤5.0，2级≤4.5，1级≤3.5 kgce/t。,1）现有水泥生产企业须达到3级限定值方可继续运营，未达标者须限期改造或淘汰（列入淘汰计划的水泥机立窑和湿法窑除外）；2）新建及改扩建项目须达到2级准入值方可投产；3）1级先进值用于引导行业节能标杆。,N/A,N/A,政府机构开展的监督检查；企业能耗数据报告,市场监督管理部门和工业和信息化主管部门对水泥生产企业进行能耗限额标准执行情况监督检查；企业须按规定报送年度能源消耗数据，接受节能监察和阶梯电价考核。,合规命令；罚款；差别化电价；淘汰关停,对不符合强制性能耗限额标准的水泥生产企业，由相关部门责令限期整改，逾期未完成整改或整改后仍不达标的，纳入差别化电价和阶梯电价范围，并依法予以淘汰关停。,其他激励或支持,国家鼓励水泥生产企业对标1级先进值开展节能降碳改造，推广应用高效粉磨、富氧燃烧、替代燃料等技术，通过节能审查和行业能效领跑者引导和支持先进产能提升。,N/A,N/A,C23,CO2,正向,工业能效提升；工业能源消耗减少,GB 16780-2021 水泥单位产品能源消耗限额,https://openstd.samr.gov.cn/bzgk/std/newGbInfo?hcno=A98F40B6D901C95820E0B5DFDC3FCFF9,GB 16780-2012（旧版）：https://openstd.samr.gov.cn/bzgk/std/nd?no=2142
CHNPRFEILI45S000,工具,绩效标准,单位产品能源消耗限额,工业,墙体材料,烧结墙体材料和泡沫玻璃单位产品能源消耗限额,Norm of Energy Consumption per Unit Production of Sintered Wall Materials and Foam Glass,N/A,GB 30526-2019《烧结墙体材料和泡沫玻璃单位产品能源消耗限额》是强制性国家标准，于2019年10月14日发布，2020年5月1日实施，替代GB 30526-2014。适用于以粘土、页岩、煤矸石、粉煤灰等为原料经烧结工艺生产的烧结砖、烧结砌块、烧结瓦和泡沫玻璃生产企业的单位产品能耗计算、考核，以及新建和改扩建项目的能耗控制。能耗限额等级分为3级（1级最低），其中3级为限定值（存量企业最低要求）、2级为准入值（新建及改扩建项目要求）、1级为先进值。与2014版相比，新增了泡沫玻璃的能耗限额要求。,提高能效；减少能耗,直接,供给侧,中国,国家,N/A,28/04/2014,01/01/2015,N/A,14/10/2019,2019年10月14日发布GB 30526-2019替代GB 30526-2014，新增泡沫玻璃产品的能耗限额要求，增加能耗限额等级，将限定值/准入值/先进值改为1级/2级/3级体系，更新烧结墙体材料各级能耗限额指标。,生效,国家市场监督管理总局；国家标准化管理委员会,烧结墙体材料和泡沫玻璃生产装置,新建；既有,烧结砖（包括烧结多孔砖、烧结空心砖/砌块、烧结保温砖/砌块等，按原料类型分类）、烧结瓦和泡沫玻璃（以废玻璃等为原料，经粉碎、发泡、退火等工序生产）的生产装置，包括原料处理、成型、干燥、烧成/发泡等主要工序。,N/A,N/A,企业,在中国境内运营烧结墙体材料或泡沫玻璃生产装置的企业。,生产,烧结墙体材料和泡沫玻璃生产装置的运行活动。现有企业须达到3级限定值，新建及改扩建企业须达到2级准入值。,3级,能耗限额等级,能耗限额等级分为3级（1级最低即最先进），3级为限定值（存量企业最低要求），2级为准入值（新建及改扩建项目要求），1级为先进值。以单位产品综合能耗（kgce/吨或kgce/万块标准砖）为评价指标，按产品类型分级设定限值。烧结砖（粘土/页岩类）：3级≤48.0，2级≤44.0，1级≤40.0 kgce/吨。烧结砖（煤矸石/粉煤灰类）：3级≤50.0，2级≤45.0，1级≤41.0 kgce/吨。烧结砌块：3级≤53.0，2级≤48.0，1级≤44.0 kgce/吨。烧结瓦：3级≤63.0，2级≤57.0，1级≤52.0 kgce/吨。泡沫玻璃：3级≤180，2级≤150，1级≤130 kgce/吨。,1）现有烧结墙体材料和泡沫玻璃生产企业须达到3级限定值方可继续运营，未达标者须限期改造或淘汰；2）新建及改扩建项目须达到2级准入值方可投产；3）1级先进值用于引导行业节能标杆。,N/A,N/A,政府机构开展的监督检查；企业能耗数据报告,市场监督管理部门对烧结墙体材料和泡沫玻璃生产企业进行能耗限额标准执行情况监督检查；企业须按规定报送年度能源消耗数据，接受节能监察。,合规命令；罚款；差别化电价；淘汰关停,对不符合强制性能耗限额标准的烧结墙体材料或泡沫玻璃生产企业，由相关部门责令限期整改，逾期未完成整改或整改后仍不达标的，纳入差别化电价范围并依法予以淘汰关停。,其他激励或支持,国家鼓励烧结墙体材料和泡沫玻璃生产企业对标1级先进值开展节能降碳改造，通过节能审查和绿色工厂认定引导和支持先进产能提升。,N/A,N/A,C23,CO2,正向,工业能效提升；工业能源消耗减少,GB 30526-2019 烧结墙体材料和泡沫玻璃单位产品能源消耗限额,https://openstd.samr.gov.cn/bzgk/std/newGbInfo?hcno=6F51EED8D314AC04CFA4642EB9D519AC,GB 30526-2014（旧版，仅含烧结墙体材料）：https://openstd.samr.gov.cn/bzgk/std/nd?no=2142
CHNPRFEILI46S000,工具,绩效标准,单位产品能源消耗限额,工业,水泥制品,水泥制品单位产品能源消耗限额,Norm of Energy Consumption per Unit Production of Cement Products,N/A,GB 38263-2019《水泥制品单位产品能源消耗限额》是强制性国家标准，于2019年10月14日发布，2020年5月1日实施。适用于混凝土管桩、混凝土电杆、预制混凝土构件、钢筋混凝土排水管等主要水泥制品生产企业的单位产品能耗计算、考核，以及新建和改扩建项目的能耗控制。能耗限额等级分为3级（1级最低），其中3级为限定值（存量企业最低要求）、2级为准入值（新建及改扩建项目要求）、1级为先进值。该标准是首次针对水泥制品行业制定的强制性能耗限额国家标准。,提高能效；减少能耗,直接,供给侧,中国,国家,N/A,14/10/2019,01/05/2020,N/A,N/A,N/A,生效,国家市场监督管理总局；国家标准化管理委员会,水泥制品生产车间或生产线,新建；既有,混凝土管桩（包括预应力混凝土管桩、预应力高强混凝土管桩等）、混凝土电杆、预制混凝土构件（包括预制混凝土墙板、预制混凝土梁柱、预制混凝土楼梯等）和钢筋混凝土排水管的生产系统，包括混凝土搅拌、钢筋加工、成型、养护（蒸汽养护或自然养护）等主要工序。,N/A,N/A,企业,在中国境内运营混凝土管桩、混凝土电杆、预制混凝土构件或钢筋混凝土排水管生产系统的企业。,生产,水泥制品生产系统的运行活动。现有企业须达到3级限定值，新建及改扩建企业须达到2级准入值。,3级,能耗限额等级,能耗限额等级分为3级（1级最低即最先进），3级为限定值（存量企业最低要求），2级为准入值（新建及改扩建项目要求），1级为先进值。以单位产品综合能耗（kgce/m³或kgce/根）为评价指标，按产品类型分级设定限值。预应力高强混凝土管桩（PHC）：3级≤73，2级≤60，1级≤50 kgce/m³。预应力混凝土管桩（PC）：3级≤65，2级≤53，1级≤44 kgce/m³。混凝土电杆：3级≤28，2级≤22，1级≤18 kgce/根。预制混凝土构件：3级≤48，2级≤38，1级≤30 kgce/m³。钢筋混凝土排水管：3级≤55，2级≤44，1级≤35 kgce/m³。,1）现有水泥制品生产企业须达到3级限定值方可继续运营，未达标者须限期改造或淘汰；2）新建及改扩建项目须达到2级准入值方可投产；3）1级先进值用于引导行业节能标杆。,N/A,N/A,政府机构开展的监督检查；企业能耗数据报告,市场监督管理部门对水泥制品生产企业进行能耗限额标准执行情况监督检查；企业须按规定报送年度能源消耗数据，接受节能监察。,合规命令；罚款；差别化电价；淘汰关停,对不符合强制性能耗限额标准的水泥制品生产企业，由相关部门责令限期整改，逾期未完成整改或整改后仍不达标的，纳入差别化电价范围并依法予以淘汰关停。,其他激励或支持,国家鼓励水泥制品生产企业对标1级先进值开展节能降碳改造，通过节能审查和绿色工厂认定引导和支持先进产能提升。,N/A,N/A,C23,CO2,正向,工业能效提升；工业能源消耗减少,GB 38263-2019 水泥制品单位产品能源消耗限额,https://openstd.samr.gov.cn/bzgk/std/newGbInfo?hcno=7C344F125FEDFB324891860636875FC2,N/A
CHNPRFEILI47S000,工具,绩效标准,单位产品能源消耗限额,工业,玻璃制造,玻璃和铸石单位产品能源消耗限额,Norm of Energy Consumption per Unit Production of Glass and Cast Stone,N/A,GB 21340-2019《玻璃和铸石单位产品能源消耗限额》是强制性国家标准，于2019年10月14日发布，2020年5月1日实施，整合替代GB 21340-2013、GB 30252-2013和GB 29451-2012。适用于平板玻璃（浮法工艺）、铸石（熔化浇铸工艺）生产企业的单位产品能耗计算、考核，以及新建和改扩建项目的能耗控制。能耗限额等级分为3级（1级最低），其中3级为限定值（存量企业最低要求）、2级为准入值（新建及改扩建项目要求）、1级为先进值。与上一版相比，首次将平板玻璃和铸石的能耗限额整合为一项标准。,提高能效；减少能耗,直接,供给侧,中国,国家,N/A,31/12/2012,01/10/2013,N/A,14/10/2019,2019年10月14日发布GB 21340-2019，整合替代GB 21340-2013（平板玻璃）、GB 30252-2013（光伏压延玻璃）和GB 29451-2012（铸石），将平板玻璃和铸石的能耗限额合并且更新各级限额指标，将限定值/准入值/先进值改为1级/2级/3级能耗限额等级体系。,生效,国家市场监督管理总局；国家标准化管理委员会,玻璃和铸石生产装置,新建；既有,平板玻璃生产装置（浮法工艺，以石英砂等为原料，经配料、熔化、成型、退火等工序生产无色透明或本体着色平板玻璃，包括普通平板玻璃和超白玻璃等，不适用于光伏压延玻璃）和铸石生产装置（熔化浇铸工艺，以玄武岩、辉绿岩等为原料，经配料、熔化、浇铸、结晶退火等工序生产铸石板、铸石管等）。,N/A,N/A,企业,在中国境内运营平板玻璃或铸石生产装置的企业。,生产,玻璃和铸石生产装置的运行活动。现有企业须达到3级限定值，新建及改扩建企业须达到2级准入值。,3级,能耗限额等级,能耗限额等级分为3级（1级最低即最先进），3级为限定值（存量企业最低要求），2级为准入值（新建及改扩建项目要求），1级为先进值。以单位产品综合能耗（kgce/重量箱或kgce/吨）为评价指标，按产品类型分级设定限值。平板玻璃（浮法，≤600 t/d）：3级≤12.0，2级≤10.5，1级≤9.0 kgce/重量箱。平板玻璃（浮法，>600 t/d）：3级≤11.0，2级≤9.5，1级≤8.0 kgce/重量箱。铸石：3级≤550，2级≤460，1级≤380 kgce/吨。,1）现有平板玻璃和铸石生产企业须达到3级限定值方可继续运营，未达标者须限期改造或淘汰；2）新建及改扩建项目须达到2级准入值方可投产；3）1级先进值用于引导行业节能标杆。,N/A,N/A,政府机构开展的监督检查；企业能耗数据报告,市场监督管理部门对玻璃和铸石生产企业进行能耗限额标准执行情况监督检查；企业须按规定报送年度能源消耗数据，接受节能监察。,合规命令；罚款；差别化电价；淘汰关停,对不符合强制性能耗限额标准的平板玻璃或铸石生产企业，由相关部门责令限期整改，逾期未完成整改或整改后仍不达标的，纳入差别化电价范围并依法予以淘汰关停。,其他激励或支持,国家鼓励平板玻璃和铸石生产企业对标1级先进值开展节能降碳改造，通过节能审查和绿色工厂认定引导和支持先进产能提升。,N/A,N/A,C23,CO2,正向,工业能效提升；工业能源消耗减少,GB 21340-2019 玻璃和铸石单位产品能源消耗限额,https://openstd.samr.gov.cn/bzgk/std/newGbInfo?hcno=5CB1DAEFA1CDE5510AB6E9943A0E6951,GB 21340-2013（旧版，平板玻璃）、GB 30252-2013（旧版，光伏压延玻璃）、GB 29451-2012（旧版，铸石）：https://openstd.samr.gov.cn/bzgk/std/nd?no=2142
CHNPRFEILI48S000,工具,绩效标准,单位产品能源消耗限额,工业,预拌混凝土,预拌混凝土单位产品能源消耗限额,Norm of Energy Consumption per Unit Production of Ready-Mixed Concrete,N/A,GB 36888-2018《预拌混凝土单位产品能源消耗限额》是强制性国家标准，于2018年11月19日发布，2019年12月1日实施。适用于预拌混凝土（包括普通混凝土和高强混凝土等）生产企业的单位产品能耗计算、考核，以及新建和改扩建项目的能耗控制。能耗限额等级分为3级（1级最低），其中3级为限定值（存量企业最低要求）、2级为准入值（新建及改扩建项目要求）、1级为先进值。该标准是首次针对预拌混凝土行业制定的强制性能耗限额国家标准。,提高能效；减少能耗,直接,供给侧,中国,国家,N/A,19/11/2018,01/12/2019,N/A,N/A,N/A,生效,国家市场监督管理总局；国家标准化管理委员会,预拌混凝土搅拌站,新建；既有,预拌混凝土搅拌站（楼），包括骨料堆场及输送系统、粉料筒仓、外加剂系统、搅拌主机及控制系统、出料及运输系统等。产品包括普通混凝土（C10-C60）、高强混凝土（C60以上）等不同强度等级的预拌混凝土。不包括现场搅拌混凝土和预拌砂浆。,N/A,N/A,企业,在中国境内运营预拌混凝土搅拌站的企业。,生产,预拌混凝土搅拌站的运行活动。现有企业须达到3级限定值，新建及改扩建企业须达到2级准入值。,3级,能耗限额等级,能耗限额等级分为3级（1级最低即最先进），3级为限定值（存量企业最低要求），2级为准入值（新建及改扩建项目要求），1级为先进值。以单位产品综合能耗（kgce/m³）为评价指标，按运输车是否归属搅拌站分别设定限额。预拌混凝土（含运输车能耗）：3级≤1.30，2级≤1.10，1级≤0.85 kgce/m³。预拌混凝土（不含运输车能耗）：3级≤0.90，2级≤0.75，1级≤0.60 kgce/m³。,1）现有预拌混凝土生产企业须达到3级限定值方可继续运营，未达标者须限期改造或淘汰；2）新建及改扩建项目须达到2级准入值方可投产；3）1级先进值用于引导行业节能标杆。,N/A,N/A,政府机构开展的监督检查；企业能耗数据报告,市场监督管理部门对预拌混凝土生产企业进行能耗限额标准执行情况监督检查；企业须按规定报送年度能源消耗数据，接受节能监察。,合规命令；罚款；差别化电价；淘汰关停,对不符合强制性能耗限额标准的预拌混凝土生产企业，由相关部门责令限期整改，逾期未完成整改或整改后仍不达标的，纳入差别化电价范围并依法予以淘汰关停。,其他激励或支持,国家鼓励预拌混凝土生产企业对标1级先进值开展节能降碳改造，通过节能审查和绿色工厂认定引导和支持先进产能提升。,N/A,N/A,C23,CO2,正向,工业能效提升；工业能源消耗减少,GB 36888-2018 预拌混凝土单位产品能源消耗限额,https://openstd.samr.gov.cn/bzgk/std/newGbInfo?hcno=1AC950A21CEA5AAF829F02144F352E7C,N/A
CHNPRFEILI49S000,工具,绩效标准,单位产品能源消耗限额,工业,磨料,刚玉单位产品能源消耗限额,Norm of Energy Consumption per Unit Production of Corundum,N/A,GB 36892-2018《刚玉单位产品能源消耗限额》是强制性国家标准，于2018年11月19日发布，2019年12月1日实施。适用于以铝矾土、氧化铝等为原料，经电弧炉熔炼生产棕刚玉、白刚玉、致密刚玉、亚白刚玉等产品的企业单位产品能耗计算、考核，以及新建和改扩建项目的能耗控制。能耗限额等级分为3级（1级最低），其中3级为限定值（存量企业最低要求）、2级为准入值（新建及改扩建项目要求）、1级为先进值。该标准是首次针对刚玉行业制定的强制性能耗限额国家标准。,提高能效；减少能耗,直接,供给侧,中国,国家,N/A,19/11/2018,01/12/2019,N/A,N/A,N/A,生效,国家市场监督管理总局；国家标准化管理委员会,刚玉冶炼生产装置,新建；既有,以铝矾土、氧化铝等为原料，采用电弧炉（包括倾倒式、固定式等）高温熔炼生产棕刚玉、白刚玉、致密刚玉、亚白刚玉等人造刚玉磨料的生产装置，包括原料制备、电弧炉冶炼、冷却、破碎、分级、磁选等主要工序。,N/A,N/A,企业,在中国境内运营刚玉冶炼生产装置的企业。,生产,刚玉冶炼生产装置的运行活动。现有企业须达到3级限定值，新建及改扩建企业须达到2级准入值。,3级,能耗限额等级,能耗限额等级分为3级（1级最低即最先进），3级为限定值（存量企业最低要求），2级为准入值（新建及改扩建项目要求），1级为先进值。以单位产品综合能耗（kgce/t）为评价指标，按刚玉品种和冶炼炉型分级设定限值。棕刚玉（倾倒炉）：3级≤320，2级≤280，1级≤250。棕刚玉（固定炉）：3级≤380，2级≤340，1级≤310。白刚玉：3级≤430，2级≤380，1级≤340。致密刚玉：3级≤520，2级≤460，1级≤410。亚白刚玉：3级≤350，2级≤310，1级≤280。,1）现有刚玉生产企业须达到3级限定值方可继续运营，未达标者须限期改造或淘汰；2）新建及改扩建项目须达到2级准入值方可投产；3）1级先进值用于引导行业节能标杆。,N/A,N/A,政府机构开展的监督检查；企业能耗数据报告,市场监督管理部门对刚玉生产企业进行能耗限额标准执行情况监督检查；企业须按规定报送年度能源消耗数据，接受节能监察。,合规命令；罚款；差别化电价；淘汰关停,对不符合强制性能耗限额标准的刚玉生产企业，由相关部门责令限期整改，逾期未完成整改或整改后仍不达标的，纳入差别化电价范围并依法予以淘汰关停。,其他激励或支持,国家鼓励刚玉生产企业对标1级先进值开展节能降碳改造，通过节能审查和绿色工厂认定引导和支持先进产能提升。,N/A,N/A,C23,CO2,正向,工业能效提升；工业能源消耗减少,GB 36892-2018 刚玉单位产品能源消耗限额,https://openstd.samr.gov.cn/bzgk/std/newGbInfo?hcno=E5D583F06BE74D216DBBF633B7B4988B,N/A
CHNPRFEILI50S000,工具,绩效标准,单位产品能源消耗限额,工业,耐火材料,莫来石单位产品能源消耗限额,Norm of Energy Consumption per Unit Production of Mullite,N/A,GB 36891-2018《莫来石单位产品能源消耗限额》是强制性国家标准，于2018年11月19日发布，2019年12月1日实施。适用于以高岭土、工业氧化铝等为原料，经烧结或电熔工艺生产莫来石产品的企业单位产品能耗计算、考核，以及新建和改扩建项目的能耗控制。能耗限额等级分为3级（1级最低），其中3级为限定值（存量企业最低要求）、2级为准入值（新建及改扩建项目要求）、1级为先进值。该标准是首次针对莫来石行业制定的强制性能耗限额国家标准。,提高能效；减少能耗,直接,供给侧,中国,国家,N/A,19/11/2018,01/12/2019,N/A,N/A,N/A,生效,国家市场监督管理总局；国家标准化管理委员会,莫来石生产装置,新建；既有,烧结莫来石生产装置（以高岭土、工业氧化铝等为原料，经配料、湿法球磨、压滤、干燥、回转窑或隧道窑高温煅烧等工序）和电熔莫来石生产装置（以高岭土、工业氧化铝等为原料，经电弧炉高温熔炼、冷却、破碎等工序）。产品包括M45、M60、M70等不同氧化铝含量的莫来石。,N/A,N/A,企业,在中国境内运营烧结莫来石或电熔莫来石生产装置的企业。,生产,莫来石生产装置的运行活动。现有企业须达到3级限定值，新建及改扩建企业须达到2级准入值。,3级,能耗限额等级,能耗限额等级分为3级（1级最低即最先进），3级为限定值（存量企业最低要求），2级为准入值（新建及改扩建项目要求），1级为先进值。以单位产品综合能耗（kgce/t）为评价指标，按生产工艺（烧结法/电熔法）分级设定限值。烧结莫来石（M45/M60/M70）：3级≤280，2级≤245，1级≤215。电熔莫来石（M45/M60/M70）：3级≤520，2级≤460，1级≤410。,1）现有莫来石生产企业须达到3级限定值方可继续运营，未达标者须限期改造或淘汰；2）新建及改扩建项目须达到2级准入值方可投产；3）1级先进值用于引导行业节能标杆。,N/A,N/A,政府机构开展的监督检查；企业能耗数据报告,市场监督管理部门对莫来石生产企业进行能耗限额标准执行情况监督检查；企业须按规定报送年度能源消耗数据，接受节能监察。,合规命令；罚款；差别化电价；淘汰关停,对不符合强制性能耗限额标准的莫来石生产企业，由相关部门责令限期整改，逾期未完成整改或整改后仍不达标的，纳入差别化电价范围并依法予以淘汰关停。,其他激励或支持,国家鼓励莫来石生产企业对标1级先进值开展节能降碳改造，通过节能审查和绿色工厂认定引导和支持先进产能提升。,N/A,N/A,C23,CO2,正向,工业能效提升；工业能源消耗减少,GB 36891-2018 莫来石单位产品能源消耗限额,https://openstd.samr.gov.cn/bzgk/std/newGbInfo?hcno=4F1E3481B46F90E16AA3BA67ACD26E96,N/A
CHNPRFEILI51S000,工具,绩效标准,单位产品能源消耗限额,工业,日用陶瓷,日用陶瓷单位产品能源消耗限额,Norm of Energy Consumption per Unit Production of Domestic Ceramics,N/A,GB 36890-2018《日用陶瓷单位产品能源消耗限额》是强制性国家标准，于2018年11月19日发布，2019年12月1日实施。适用于以粘土、长石、石英等为主要原料，经成型、烧成等工艺生产日用陶瓷产品的企业单位产品能耗计算、考核，以及新建和改扩建项目的能耗控制。能耗限额等级分为3级（1级最低），其中3级为限定值（存量企业最低要求）、2级为准入值（新建及改扩建项目要求）、1级为先进值。该标准是首次针对日用陶瓷行业制定的强制性能耗限额国家标准。,提高能效；减少能耗,直接,供给侧,中国,国家,N/A,19/11/2018,01/12/2019,N/A,N/A,N/A,生效,国家市场监督管理总局；国家标准化管理委员会,日用陶瓷生产装置,新建；既有,以粘土、长石、石英等为主要原料，经坯料制备、成型（滚压、注浆、塑压等）、干燥、施釉、烧成（隧道窑、辊道窑、梭式窑等）、彩烤等工艺生产日用陶瓷产品的装置，包括餐具、茶具、咖啡具等日用陶瓷。不适用于艺术陶瓷和陶瓷酒瓶等特殊用途陶瓷。,N/A,N/A,企业,在中国境内运营日用陶瓷生产装置的企业。,生产,日用陶瓷生产装置的运行活动。现有企业须达到3级限定值，新建及改扩建企业须达到2级准入值。,3级,能耗限额等级,能耗限额等级分为3级（1级最低即最先进），3级为限定值（存量企业最低要求），2级为准入值（新建及改扩建项目要求），1级为先进值。以单位产品综合能耗（kgce/t）为评价指标，按产品类型（日用瓷器/日用陶器/日用炻器）分级设定限值。日用瓷器：3级≤1380，2级≤1150，1级≤980。日用陶器：3级≤820，2级≤680，1级≤560。日用炻器：3级≤1050，2级≤860，1级≤730。,1）现有日用陶瓷生产企业须达到3级限定值方可继续运营，未达标者须限期改造或淘汰；2）新建及改扩建项目须达到2级准入值方可投产；3）1级先进值用于引导行业节能标杆。,N/A,N/A,政府机构开展的监督检查；企业能耗数据报告,市场监督管理部门对日用陶瓷生产企业进行能耗限额标准执行情况监督检查；企业须按规定报送年度能源消耗数据，接受节能监察。,合规命令；罚款；差别化电价；淘汰关停,对不符合强制性能耗限额标准的日用陶瓷生产企业，由相关部门责令限期整改，逾期未完成整改或整改后仍不达标的，纳入差别化电价范围并依法予以淘汰关停。,其他激励或支持,国家鼓励日用陶瓷生产企业对标1级先进值开展节能降碳改造，通过节能审查和绿色工厂认定引导和支持先进产能提升。,N/A,N/A,C23,CO2,正向,工业能效提升；工业能源消耗减少,GB 36890-2018 日用陶瓷单位产品能源消耗限额,https://openstd.samr.gov.cn/bzgk/std/newGbInfo?hcno=24AAB4E97AF47A1F10329F45AA8F0E0D,N/A
CHNPRFEILI52S000,工具,绩效标准,单位产品能源消耗限额,工业,合成革制造,合成革单位产品能源消耗限额,Norm of Energy Consumption per Unit Production of Synthetic Leather,N/A,"GB 36887-2018《合成革单位产品能源消耗限额》是强制性国家标准，于2018年11月19日发布，2019年12月1日实施。适用于以机织布、针织布、非织造布等为基材，经干法、湿法或后处理工艺生产聚氨酯（PU）合成革和聚氯乙烯（PVC）合成革的企业单位产品能耗计算、考核，以及新建和改扩建项目的能耗控制。能耗限额等级分为3级（1级最低），其中3级为限定值（存量企业最低要求）、2级为准入值（新建及改扩建项目要求）、1级为先进值。该标准首次对合成革产品设定强制性能耗限额要求。标准同时规定了合成革生产过程中N,N-二甲基甲酰胺（DMF）回收的能耗限额。",提高能效；减少能耗,直接,供给侧,中国,国家,N/A,19/11/2018,01/12/2019,N/A,N/A,N/A,生效,国家市场监督管理总局；国家标准化管理委员会,合成革生产装置,新建；既有,以机织布、针织布、非织造布等为基材，经干法（涂覆、烘干、贴合等）、湿法（凝固、水洗、干燥等）及后处理（压花、揉纹、印刷、喷涂等）工艺生产PU合成革或经涂覆、塑化等工艺生产PVC合成革的装置，包括相关的DMF回收系统。产品包括鞋面革、服装革、箱包革、沙发革等各类合成革，不包括超细纤维合成革。,N/A,N/A,企业,在中国境内运营合成革生产装置的企业。,生产,合成革生产装置的运行活动，包括基础产品生产和DMF回收。现有企业须达到3级限定值，新建及改扩建企业须达到2级准入值。,3级,能耗限额等级,能耗限额等级分为3级（1级最低即最先进），3级为限定值（存量企业最低要求），2级为准入值（新建及改扩建项目要求），1级为先进值。以单位产品综合能耗（kgce/t或kgce/万m）为评价指标，按产品类型和生产工艺分级设定限值。PU合成革（湿法含DMF回收）：3级≤650，2级≤550，1级≤450 kgce/t。PU合成革（湿法不含DMF回收）：3级≤480，2级≤400，1级≤330 kgce/t。PU合成革（干法）：3级≤350，2级≤290，1级≤240 kgce/t。PVC合成革：3级≤280，2级≤230，1级≤190 kgce/t。,1）现有合成革生产企业须达到3级限定值方可继续运营，未达标者须限期改造或淘汰；2）新建及改扩建项目须达到2级准入值方可投产；3）1级先进值用于引导行业节能标杆。,N/A,N/A,政府机构开展的监督检查；企业能耗数据报告,市场监督管理部门对合成革生产企业进行能耗限额标准执行情况监督检查；企业须按规定报送年度能源消耗数据，接受节能监察。,合规命令；罚款；差别化电价；淘汰关停,对不符合强制性能耗限额标准的合成革生产企业，由相关部门责令限期整改，逾期未完成整改或整改后仍不达标的，纳入差别化电价范围并依法予以淘汰关停。,其他激励或支持,国家鼓励合成革生产企业对标1级先进值开展节能降碳改造，通过节能审查和绿色工厂认定引导和支持先进产能提升。,N/A,N/A,C15,CO2,正向,工业能效提升；工业能源消耗减少,GB 36887-2018 合成革单位产品能源消耗限额,https://openstd.samr.gov.cn/bzgk/std/newGbInfo?hcno=7997DF7DB4549BEB6A28D6FE0FD65F6A,N/A
CHNPRFEILI53S000,工具,绩效标准,单位产品能源消耗限额,工业,化学纤维制造,聚酯涤纶单位产品能源消耗限额,Norm of Energy Consumption per Unit Production of PET and PET Fiber,N/A,GB 36889-2018《聚酯涤纶单位产品能源消耗限额》是强制性国家标准，于2018年11月19日发布，2019年12月1日实施。适用于以精对苯二甲酸（PTA）、乙二醇（EG）等为原料，经聚酯聚合、固相缩聚、纺丝、加弹等工序生产纤维级聚酯切片、涤纶长丝、涤纶短纤维等的企业单位产品能耗计算、考核，以及新建和改扩建项目的能耗控制。能耗限额等级分为3级（1级最低），其中3级为限定值（存量企业最低要求）、2级为准入值（新建及改扩建项目要求）、1级为先进值。该标准首次对聚酯涤纶产品设定强制性能耗限额要求。,提高能效；减少能耗,直接,供给侧,中国,国家,N/A,19/11/2018,01/12/2019,N/A,N/A,N/A,生效,国家市场监督管理总局；国家标准化管理委员会,聚酯涤纶生产装置,新建；既有,以PTA和EG为主要原料，经酯化、缩聚等工序生产纤维级聚酯切片（包括熔体直纺和切片纺）的聚酯聚合装置；经固相缩聚生产高粘聚酯切片的装置（包括原生和再生）；以聚酯熔体或切片为原料经纺丝、卷绕等工序生产涤纶长丝和短纤维的装置（包括原生和再生）；将涤纶原丝经加弹加工为变形丝的加弹装置。不适用于涤纶工业丝的能耗限额。,N/A,N/A,企业,在中国境内运营聚酯涤纶生产装置的企业。,生产,聚酯涤纶生产装置的运行活动。现有企业须达到3级限定值，新建及改扩建企业须达到2级准入值。,3级,能耗限额等级,能耗限额等级分为3级（1级最低即最先进），3级为限定值（存量企业最低要求），2级为准入值（新建及改扩建项目要求），1级为先进值。以单位产品综合能耗（kgce/t）为评价指标，按工序和产品类型分级设定限值。聚酯聚合（PTA法熔体直纺）：3级≤110，2级≤95，1级≤82。聚酯聚合（PTA法切片纺）：3级≤145，2级≤125，1级≤110。纤维级聚酯切片固相缩聚（原生）：3级≤95，2级≤80，1级≤70。纤维级再生聚酯切片固相缩聚：3级≤105，2级≤90，1级≤78。涤纶长丝（熔体直纺-POY）：3级≤130，2级≤110，1级≤95。涤纶长丝（切片纺-POY）：3级≤200，2级≤170，1级≤145。涤纶短纤维（原生）：3级≤120，2级≤100，1级≤85。涤纶长丝加弹（DTY）：3级≤160，2级≤135，1级≤115。,1）现有聚酯涤纶生产企业须达到3级限定值方可继续运营，未达标者须限期改造或淘汰；2）新建及改扩建项目须达到2级准入值方可投产；3）1级先进值用于引导行业节能标杆。,N/A,N/A,政府机构开展的监督检查；企业能耗数据报告,市场监督管理部门对聚酯涤纶生产企业进行能耗限额标准执行情况监督检查；企业须按规定报送年度能源消耗数据，接受节能监察。,合规命令；罚款；差别化电价；淘汰关停,对不符合强制性能耗限额标准的聚酯涤纶生产企业，由相关部门责令限期整改，逾期未完成整改或整改后仍不达标的，纳入差别化电价范围并依法予以淘汰关停。,其他激励或支持,国家鼓励聚酯涤纶生产企业对标1级先进值开展节能降碳改造，通过节能审查和绿色工厂认定引导和支持先进产能提升。,N/A,N/A,C20,CO2,正向,工业能效提升；工业能源消耗减少,GB 36889-2018 聚酯涤纶单位产品能源消耗限额,https://openstd.samr.gov.cn/bzgk/std/newGbInfo?hcno=7AC3075CD35CB4B1E05397BE0A0AC4DE,N/A
CHNPRFEILI54S000,工具,绩效标准,单位产品能源消耗限额,工业,炭素制品,炭素单位产品能源消耗限额,Norm of Energy Consumption per Unit Production of Carbon Products,N/A,GB 21370-2017《炭素单位产品能源消耗限额》是强制性国家标准，于2017年11月1日发布，2018年11月1日实施，替代GB 21370-2008。适用于石墨电极（普通功率、高功率、超高功率）、炭电极、炭块（石墨质炭块、半石墨质炭块、微孔炭块）以及焙烧和石墨化工序的单位产品能耗计算、考核，以及新建和改扩建项目的能耗控制。能耗限额等级分为3级（1级最低），其中3级为限定值（存量企业最低要求）、2级为准入值（新建及改扩建项目要求）、1级为先进值。与2008版相比，增加了能耗限额等级，删除了能耗先进值和节能管理措施章节，取消电力等价值折算系数，统一采用电力当量值折算系数。,提高能效；减少能耗,直接,供给侧,中国,国家,N/A,21/01/2008,01/06/2008,N/A,01/11/2017,2017年11月1日发布GB 21370-2017替代GB 21370-2008，增加能耗限额等级（1级/2级/3级），删除先进值，取消电力等价值折算系数、统一采用电力当量值折算系数，完善和简化限额指标计算公式。,生效,国家市场监督管理总局；国家标准化管理委员会,炭素制品生产装置,新建；既有,石墨电极（普通功率、高功率、超高功率，以石油焦、针状焦、煤沥青等为原料，经配料、混捏、成型、焙烧、浸渍、石墨化、机加工等工序）、炭电极（以电煅无烟煤、煤沥青等为原料）和炭块（石墨质炭块、半石墨质炭块、微孔炭块，以电煅无烟煤、石墨碎、煤沥青等为原料）的生产装置，包括独立的焙烧和石墨化工序。,N/A,N/A,企业,在中国境内运营炭素制品生产装置的企业。,生产,炭素制品生产装置的运行活动，包括压型、焙烧、浸渍、石墨化和机加工等工序。现有企业须达到3级限定值，新建及改扩建企业须达到2级准入值。,3级,能耗限额等级,能耗限额等级分为3级（1级最低即最先进），3级为限定值（存量企业最低要求），2级为准入值（新建及改扩建项目要求），1级为先进值。以单位产品综合能耗（kgce/t）为评价指标，按产品品种和工序分别设定限额值。石墨电极（普通功率）：3级≤1200，2级≤1050，1级≤920。石墨电极（高功率）：3级≤1350，2级≤1180，1级≤1030。石墨电极（超高功率）：3级≤1500，2级≤1320，1级≤1160。炭电极：3级≤520，2级≤450，1级≤390。石墨质炭块：3级≤480，2级≤420，1级≤370。半石墨质炭块：3级≤580，2级≤510，1级≤450。微孔炭块：3级≤420，2级≤370，1级≤330。焙烧工序（单独）：3级≤220，2级≤190，1级≤165。石墨化工序（单独）：3级≤650，2级≤570，1级≤500。,1）现有炭素制品生产企业须达到3级限定值方可继续运营，未达标者须限期改造或淘汰；2）新建及改扩建项目须达到2级准入值方可投产；3）1级先进值用于引导行业节能标杆。,N/A,N/A,政府机构开展的监督检查；企业能耗数据报告,市场监督管理部门对炭素制品生产企业进行能耗限额标准执行情况监督检查；企业须按规定报送年度能源消耗数据，接受节能监察。,合规命令；罚款；差别化电价；淘汰关停,对不符合强制性能耗限额标准的炭素制品生产企业，由相关部门责令限期整改，逾期未完成整改或整改后仍不达标的，纳入差别化电价范围并依法予以淘汰关停。,其他激励或支持,国家鼓励炭素制品生产企业对标1级先进值开展节能降碳改造，通过节能审查和绿色工厂认定引导和支持先进产能提升。,N/A,N/A,C23,CO2,正向,工业能效提升；工业能源消耗减少,GB 21370-2017 炭素单位产品能源消耗限额,https://openstd.samr.gov.cn/bzgk/std/newGbInfo?hcno=0918126625A53D297B2D083FE4E46BD6,GB 21370-2008（旧版）：https://openstd.samr.gov.cn/bzgk/std/nd?no=2142
CHNPRFEILI55S000,工具,绩效标准,单位产品能源消耗限额,工业,石膏制品,建筑石膏单位产品能源消耗限额,Norm of Energy Consumption per Unit Production of Gypsum Plaster,N/A,GB 33654-2017《建筑石膏单位产品能源消耗限额》是强制性国家标准，于2017年5月12日发布，2018年6月1日实施。适用于以天然石膏、工业副产石膏（脱硫石膏、磷石膏等）为原料，经煅烧、粉磨等工艺生产建筑石膏的企业单位产品能耗计算、考核，以及新建和改扩建项目的能耗控制。能耗限额等级分为3级（1级最低），其中3级为限定值（存量企业最低要求）、2级为准入值（新建及改扩建项目要求）、1级为先进值。该标准首次对建筑石膏产品设定强制性能耗限额要求。,提高能效；减少能耗,直接,供给侧,中国,国家,N/A,12/05/2017,01/06/2018,N/A,N/A,N/A,生效,国家市场监督管理总局；国家标准化管理委员会,建筑石膏生产装置,新建；既有,以天然石膏（二水石膏、硬石膏）或工业副产石膏（包括烟气脱硫石膏、磷石膏、氟石膏、钛石膏等）为原料，经预处理（水洗、中和、浮选等）、干燥、煅烧（采用回转窑、气流煅烧、炒锅、沸腾炉等设备）、冷却、粉磨、改性等工序生产建筑石膏粉（β-半水石膏为主）的装置。产品包括普通建筑石膏、建筑用石膏粉等，不包括高强石膏（α-半水石膏）。,N/A,N/A,企业,在中国境内运营建筑石膏生产装置的企业。,生产,建筑石膏生产装置的运行活动。现有企业须达到3级限定值，新建及改扩建企业须达到2级准入值。,3级,能耗限额等级,能耗限额等级分为3级（1级最低即最先进），3级为限定值（存量企业最低要求），2级为准入值（新建及改扩建项目要求），1级为先进值。以单位产品综合能耗（kgce/t）为评价指标。建筑石膏（综合能耗）：3级≤42.0，2级≤37.0，1级≤30.0 kgce/t。,1）现有建筑石膏生产企业须达到3级限定值方可继续运营，未达标者须限期改造或淘汰；2）新建及改扩建项目须达到2级准入值方可投产；3）1级先进值用于引导行业节能标杆。,N/A,N/A,政府机构开展的监督检查；企业能耗数据报告,市场监督管理部门对建筑石膏生产企业进行能耗限额标准执行情况监督检查；企业须按规定报送年度能源消耗数据，接受节能监察。,合规命令；罚款；差别化电价；淘汰关停,对不符合强制性能耗限额标准的建筑石膏生产企业，由相关部门责令限期整改，逾期未完成整改或整改后仍不达标的，纳入差别化电价范围并依法予以淘汰关停。,其他激励或支持,国家鼓励建筑石膏生产企业对标1级先进值开展节能降碳改造，通过节能审查和绿色工厂认定引导和支持先进产能提升。,N/A,N/A,C23,CO2,正向,工业能效提升；工业能源消耗减少,GB 33654-2017 建筑石膏单位产品能源消耗限额,https://openstd.samr.gov.cn/bzgk/std/newGbInfo?hcno=71F772D8191CD3A7E05397BE0A0AB82A,N/A
CHNPRFEILI56S000,工具,绩效标准,单位产品能源消耗限额,工业,制糖,糖单位产品能源消耗限额,Norm of Energy Consumption per Unit Production of Sugar,N/A,GB 32044-2015《糖单位产品能源消耗限额》是强制性国家标准，于2015年9月11日发布，2016年10月1日实施。适用于以甘蔗为原料的甘蔗制糖企业、以甜菜为原料的甜菜制糖企业和以原糖为原料的炼糖企业单位产品能耗计算、考核，以及新建和改扩建项目的能耗控制。能耗限额等级分为3级（1级最低），其中3级为限定值（存量企业最低要求）、2级为准入值（新建及改扩建项目要求）、1级为先进值。该标准首次对制糖行业设定强制性能耗限额要求。,提高能效；减少能耗,直接,供给侧,中国,国家,N/A,11/09/2015,01/10/2016,N/A,N/A,N/A,生效,国家市场监督管理总局；国家标准化管理委员会,制糖生产装置,新建；既有,甘蔗制糖装置（包括甘蔗预处理、压榨提汁、澄清、蒸发浓缩、结晶、分离、干燥等工序）；甜菜制糖装置（包括甜菜预处理、切丝、渗出提汁、清净、蒸发浓缩、结晶、分离、干燥等工序）；炼糖装置（以原糖为原料，经复溶、澄清、脱色、蒸发浓缩、结晶、分离、干燥等工序）。产品包括白砂糖、赤砂糖、精制糖等。,N/A,N/A,企业,在中国境内运营甘蔗制糖、甜菜制糖或炼糖生产装置的企业。,生产,制糖生产装置的运行活动。现有企业须达到3级限定值，新建及改扩建企业须达到2级准入值。,3级,能耗限额等级,能耗限额等级分为3级（1级最低即最先进），3级为限定值（存量企业最低要求），2级为准入值（新建及改扩建项目要求），1级为先进值。以单位产品综合能耗（kgce/t或kgce/百吨原料）为评价指标，按原料和工艺类型分级设定限值。甘蔗制糖（白砂糖，kgce/t）：3级≤180，2级≤155，1级≤130。甜菜制糖（白砂糖，kgce/t）：3级≤250，2级≤215，1级≤185。炼糖（白砂糖，kgce/t）：3级≤85，2级≤70，1级≤58。,1）现有制糖企业须达到3级限定值方可继续运营，未达标者须限期改造或淘汰；2）新建及改扩建项目须达到2级准入值方可投产；3）1级先进值用于引导行业节能标杆。,N/A,N/A,政府机构开展的监督检查；企业能耗数据报告,市场监督管理部门对制糖生产企业进行能耗限额标准执行情况监督检查；企业须按规定报送年度能源消耗数据，接受节能监察。,合规命令；罚款；差别化电价；淘汰关停,对不符合强制性能耗限额标准的制糖生产企业，由相关部门责令限期整改，逾期未完成整改或整改后仍不达标的，纳入差别化电价范围并依法予以淘汰关停。,其他激励或支持,国家鼓励制糖生产企业对标1级先进值开展节能降碳改造，通过节能审查和绿色工厂认定引导和支持先进产能提升。,N/A,N/A,C10,CO2,正向,工业能效提升；工业能源消耗减少,GB 32044-2015 糖单位产品能源消耗限额,https://openstd.samr.gov.cn/bzgk/std/newGbInfo?hcno=7FD71F2FE92BC5585DA8C482496D2402,N/A
CHNPRFEILI57S000,工具,绩效标准,单位产品能源消耗限额,工业,啤酒制造,啤酒单位产品能源消耗限额,Norm of Energy Consumption per Unit Production of Beer,N/A,GB 32047-2015《啤酒单位产品能源消耗限额》是强制性国家标准，于2015年9月11日发布，2016年10月1日实施。适用于以麦芽、大米、酒花等为主要原料，经糖化、发酵、过滤、包装等工艺生产啤酒的企业单位产品能耗计算、考核，以及新建和改扩建项目的能耗控制。能耗限额等级分为3级（1级最低），其中3级为限定值（存量企业最低要求）、2级为准入值（新建及改扩建项目要求）、1级为先进值。该标准首次对啤酒行业设定强制性能耗限额要求。,提高能效；减少能耗,直接,供给侧,中国,国家,N/A,11/09/2015,01/10/2016,N/A,N/A,N/A,生效,国家市场监督管理总局；国家标准化管理委员会,啤酒生产线,新建；既有,以麦芽、大米、酒花等为原料，包括原料处理（麦芽粉碎、大米糊化）、糖化（糖化、过滤、煮沸、旋涡沉淀）、发酵（前发酵、后发酵/贮酒）、过滤（硅藻土过滤、膜过滤）、包装（瓶装、罐装、桶装、易拉罐等生产线）及配套公用工程（制冷、空压、CO₂回收、CIP清洗等）的完整啤酒生产线。产品包括熟啤酒、生啤酒（纯生啤酒）、特种啤酒等。不包括麦芽制造和啤酒饮料组合包装。,N/A,N/A,企业,在中国境内运营啤酒生产线的企业。,生产,啤酒生产线的运行活动。现有企业须达到3级限定值，新建及改扩建企业须达到2级准入值。,3级,能耗限额等级,能耗限额等级分为3级（1级最低即最先进），3级为限定值（存量企业最低要求），2级为准入值（新建及改扩建项目要求），1级为先进值。以单位产品综合能耗（kgce/kL）为评价指标。啤酒（kL）：3级≤70.0，2级≤56.0，1级≤45.0 kgce/kL。,1）现有啤酒生产企业须达到3级限定值方可继续运营，未达标者须限期改造或淘汰；2）新建及改扩建项目须达到2级准入值方可投产；3）1级先进值用于引导行业节能标杆。,N/A,N/A,政府机构开展的监督检查；企业能耗数据报告,市场监督管理部门和工业和信息化主管部门对啤酒生产企业进行能耗限额标准执行情况监督检查；企业须按规定报送年度能源消耗数据，接受节能监察。,合规命令；罚款；差别化电价；淘汰关停,对不符合强制性能耗限额标准的啤酒生产企业，由相关部门责令限期整改，逾期未完成整改或整改后仍不达标的，纳入差别化电价范围并依法予以淘汰关停。,其他激励或支持,国家鼓励啤酒生产企业对标1级先进值开展节能降碳改造，通过节能审查和绿色工厂认定引导和支持先进产能提升。,N/A,N/A,C11,CO2,正向,工业能效提升；工业能源消耗减少,GB 32047-2015 啤酒单位产品能源消耗限额,https://openstd.samr.gov.cn/bzgk/std/newGbInfo?hcno=C1DFB96F1DEE094771AD9648B5A06D9C,N/A
CHNPRFEILI58S000,工具,绩效标准,单位产品能源消耗限额,工业,钢铁冶炼,电弧炉冶炼单位产品能源消耗限额,Norm of Energy Consumption per Unit Production of Electric Arc Furnace Steelmaking,N/A,GB 32050-2015《电弧炉冶炼单位产品能源消耗限额》是强制性国家标准，于2015年9月11日发布，2016年10月1日实施。适用于以废钢、生铁、直接还原铁等为原料，通过电弧炉冶炼（不包括炉外精炼）生产粗钢的企业单位产品能耗计算、考核，以及新建和改扩建项目的能耗控制。能耗限额等级分为3级（1级最低），其中3级为限定值（存量企业最低要求）、2级为准入值（新建及改扩建项目要求）、1级为先进值。不适用于电渣炉、等离子炉、感应炉等电炉生产方式及电弧炉试验用冶炼。该标准首次对电弧炉冶炼单独设定强制性能耗限额要求。,提高能效；减少能耗,直接,供给侧,中国,国家,N/A,11/09/2015,01/10/2016,N/A,N/A,N/A,生效,国家市场监督管理总局；国家标准化管理委员会,电弧炉冶炼设备,新建；既有,以废钢、生铁、直接还原铁（DRI/HBI）、铁水等为主要原料，采用三相交流电弧炉（包括常规电弧炉、超高功率电弧炉、直流电弧炉等），通过电弧加热熔化炉料、氧化精炼（脱碳、脱磷等）、还原、出钢等工序生产粗钢的冶炼设备。不包括炉外精炼（LF、VD、RH等）、连铸和轧钢工序。,N/A,N/A,企业,在中国境内运营电弧炉冶炼设备的企业。,生产,电弧炉冶炼设备的运行活动。现有企业须达到3级限定值，新建及改扩建企业须达到2级准入值。,3级,能耗限额等级,能耗限额等级分为3级（1级最低即最先进），3级为限定值（存量企业最低要求），2级为准入值（新建及改扩建项目要求），1级为先进值。以电弧炉冶炼单位产品综合能耗（kgce/t）和电弧炉冶炼单位产品电耗（kWh/t）为评价指标，按废钢比（全废钢/铁水比≤40%等）分级设定限值。电弧炉冶炼综合能耗（全废钢）：3级≤58，2级≤52，1级≤46 kgce/t。电弧炉冶炼电耗（全废钢）：3级≤420，2级≤380，1级≤340 kWh/t。电弧炉冶炼综合能耗（铁水比≤40%）：3级≤72，2级≤65，1级≤58 kgce/t。电弧炉冶炼电耗（铁水比≤40%）：3级≤340，2级≤300，1级≤265 kWh/t。,1）现有电弧炉冶炼企业须达到3级限定值方可继续运营，未达标者须限期改造或淘汰；2）新建及改扩建项目须达到2级准入值方可投产；3）1级先进值用于引导行业节能标杆。,N/A,N/A,政府机构开展的监督检查；企业能耗数据报告,市场监督管理部门和工业和信息化主管部门对电弧炉冶炼企业进行能耗限额标准执行情况监督检查；企业须按规定报送年度能源消耗数据，接受节能监察和阶梯电价考核。,合规命令；罚款；差别化电价；淘汰关停,对不符合强制性能耗限额标准的电弧炉冶炼企业，由相关部门责令限期整改，逾期未完成整改或整改后仍不达标的，纳入差别化电价和阶梯电价范围，并依法予以淘汰关停。,其他激励或支持,国家鼓励电弧炉冶炼企业对标1级先进值开展节能降碳改造，推广应用废钢预热、烟气余热回收、智能炼钢等技术，通过节能审查和行业能效领跑者引导和支持先进产能提升。,N/A,N/A,C24,CO2,正向,工业能效提升；工业能源消耗减少,GB 32050-2015 电弧炉冶炼单位产品能源消耗限额,https://openstd.samr.gov.cn/bzgk/std/newGbInfo?hcno=634F78D390A985D65D3DEE0438B18A14,N/A
CHNPRFEILI59S000,工具,绩效标准,单位产品能源消耗限额,工业,摩擦密封材料,摩擦材料单位产品能源消耗限额,Norm of Energy Consumption per Unit Production of Friction Materials,N/A,GB 30182-2013《摩擦材料单位产品能源消耗限额》是强制性国家标准，于2013年12月31日发布，2014年12月1日实施。适用于以酚醛树脂、橡胶等为粘结剂，以矿物纤维、金属纤维、有机纤维等为增强材料，经混合、热压成型、热处理等工艺生产模压型摩擦材料（不含钢背或蹄铁）的企业单位产品能耗计算、考核，以及新建和改扩建项目的能耗控制。能耗限额等级分为3级（1级最低），其中3级为限定值（存量企业最低要求）、2级为准入值（新建及改扩建项目要求）、1级为先进值。该标准首次对摩擦材料行业设定强制性能耗限额要求。,提高能效；减少能耗,直接,供给侧,中国,国家,N/A,31/12/2013,01/12/2014,N/A,N/A,N/A,生效,国家市场监督管理总局；国家标准化管理委员会,摩擦材料生产装置,新建；既有,以酚醛树脂、丁腈橡胶等为粘结剂，以钢纤维、矿物纤维（硅灰石、海泡石等）、有机纤维（芳纶等）、陶瓷纤维等为增强材料，配合摩擦性能调节剂（石墨、二硫化钼、氧化铝、锆英石等）和填料（重晶石、碳酸钙等），经配料、混料、热压成型、热处理（固化）、磨削加工等工序生产汽车制动器衬片（刹车片）、离合器面片等模压型摩擦材料的生产装置。不包括带钢背或蹄铁的制动蹄总成。,N/A,N/A,企业,在中国境内运营模压型摩擦材料生产装置的企业。,生产,摩擦材料生产装置的运行活动。现有企业须达到3级限定值，新建及改扩建企业须达到2级准入值。,3级,能耗限额等级,能耗限额等级分为3级（1级最低即最先进），3级为限定值（存量企业最低要求），2级为准入值（新建及改扩建项目要求），1级为先进值。以单位产品综合能耗（kgce/t）为评价指标，按产品类型分级设定限值。汽车制动器衬片（刹车片）：3级≤580，2级≤490，1级≤420。离合器面片：3级≤650，2级≤550，1级≤470。,1）现有摩擦材料生产企业须达到3级限定值方可继续运营，未达标者须限期改造或淘汰；2）新建及改扩建项目须达到2级准入值方可投产；3）1级先进值用于引导行业节能标杆。,N/A,N/A,政府机构开展的监督检查；企业能耗数据报告,市场监督管理部门对摩擦材料生产企业进行能耗限额标准执行情况监督检查；企业须按规定报送年度能源消耗数据，接受节能监察。,合规命令；罚款；差别化电价；淘汰关停,对不符合强制性能耗限额标准的摩擦材料生产企业，由相关部门责令限期整改，逾期未完成整改或整改后仍不达标的，纳入差别化电价范围并依法予以淘汰关停。,其他激励或支持,国家鼓励摩擦材料生产企业对标1级先进值开展节能降碳改造，通过节能审查和绿色工厂认定引导和支持先进产能提升。,N/A,N/A,C29,CO2,正向,工业能效提升；工业能源消耗减少,GB 30182-2013 摩擦材料单位产品能源消耗限额,https://openstd.samr.gov.cn/bzgk/std/newGbInfo?hcno=71F772D7E4DED3A7E05397BE0A0AB82A,N/A
CHNPRFEILI60S000,工具,绩效标准,单位产品能源消耗限额,工业,绝热材料,岩棉、矿渣棉及其制品单位产品能源消耗限额,"Norm of Energy Consumption per Unit Production of Rock Wool, Slag Wool and Their Products",N/A,GB 30183-2013《岩棉、矿渣棉及其制品单位产品能源消耗限额》是强制性国家标准，于2013年12月31日发布，2014年12月1日实施。适用于以玄武岩、辉绿岩、矿渣等为主要原料，经高温熔融、离心成纤、集棉、固化、切割等工艺生产岩棉、矿渣棉及其制品（板、毡、管壳等）的企业单位产品能耗计算、考核，以及新建和改扩建项目的能耗控制。能耗限额等级分为3级（1级最低），其中3级为限定值（存量企业最低要求）、2级为准入值（新建及改扩建项目要求）、1级为先进值。不适用于管壳、金属面夹芯板等深加工产品。该标准首次对岩棉矿渣棉行业设定强制性能耗限额要求。,提高能效；减少能耗,直接,供给侧,中国,国家,N/A,31/12/2013,01/12/2014,N/A,N/A,N/A,生效,国家市场监督管理总局；国家标准化管理委员会,岩棉、矿渣棉及其制品生产装置,新建；既有,以玄武岩、辉绿岩、高炉矿渣等为主要原料，配以焦炭等燃料和适量粘结剂（酚醛树脂等），经原料制备（破碎、筛分）、配料、冲天炉或电炉高温熔融、离心机（四辊离心机等）或喷吹成纤、集棉室集棉、摆锤铺毡、固化炉加热固化、冷却、切割、包装等工序生产岩棉、矿渣棉及其制品（包括岩棉板、岩棉毡、岩棉带等）的生产装置。不包括岩棉管壳、金属面夹芯板等后续深加工装置。,N/A,N/A,企业,在中国境内运营岩棉、矿渣棉及其制品生产装置的企业。,生产,岩棉、矿渣棉及其制品生产装置的运行活动。现有企业须达到3级限定值，新建及改扩建企业须达到2级准入值。,3级,能耗限额等级,能耗限额等级分为3级（1级最低即最先进），3级为限定值（存量企业最低要求），2级为准入值（新建及改扩建项目要求），1级为先进值。以单位产品综合能耗（kgce/t或kgce/吨原料）为评价指标，按产品密度和形态分级设定限值。岩棉板（密度≤100 kg/m³）：3级≤520，2级≤450，1级≤390。岩棉板（密度>100 kg/m³）：3级≤460，2级≤400，1级≤345。岩棉毡：3级≤480，2级≤415，1级≤360。矿渣棉板：3级≤440，2级≤380，1级≤330。,1）现有岩棉、矿渣棉及其制品生产企业须达到3级限定值方可继续运营，未达标者须限期改造或淘汰；2）新建及改扩建项目须达到2级准入值方可投产；3）1级先进值用于引导行业节能标杆。,N/A,N/A,政府机构开展的监督检查；企业能耗数据报告,市场监督管理部门对岩棉、矿渣棉及其制品生产企业进行能耗限额标准执行情况监督检查；企业须按规定报送年度能源消耗数据，接受节能监察。,合规命令；罚款；差别化电价；淘汰关停,对不符合强制性能耗限额标准的岩棉、矿渣棉及其制品生产企业，由相关部门责令限期整改，逾期未完成整改或整改后仍不达标的，纳入差别化电价范围并依法予以淘汰关停。,其他激励或支持,国家鼓励岩棉、矿渣棉及其制品生产企业对标1级先进值开展节能降碳改造，通过节能审查和绿色工厂认定引导和支持先进产能提升。,N/A,N/A,C23,CO2,正向,工业能效提升；工业能源消耗减少,GB 30183-2013 岩棉、矿渣棉及其制品单位产品能源消耗限额,https://openstd.samr.gov.cn/bzgk/std/newGbInfo?hcno=0B1014ECF47D43A5F98DD1040B1F2785,N/A
CHNPRFEILI61S000,工具,绩效标准,单位产品能源消耗限额,工业,防水材料,沥青基防水卷材单位产品能源消耗限额,Norm of Energy Consumption per Unit Production of Asphalt-Based Waterproof Membrane,N/A,GB 30184-2013《沥青基防水卷材单位产品能源消耗限额》是强制性国家标准，于2013年12月31日发布，2014年12月1日实施。适用于以沥青为主要基料，以聚酯胎、玻纤胎等为增强材料，经配料、浸涂、覆膜/撒砂、冷却、卷取等工艺生产弹性体（SBS）改性沥青防水卷材、塑性体（APP）改性沥青防水卷材和自粘聚合物改性沥青防水卷材的企业单位产品能耗计算、考核，以及新建和改扩建项目的能耗控制。能耗限额等级分为3级（1级最低），其中3级为限定值（存量企业最低要求）、2级为准入值（新建及改扩建项目要求）、1级为先进值。该标准首次对沥青基防水卷材行业设定强制性能耗限额要求。,提高能效；减少能耗,直接,供给侧,中国,国家,N/A,31/12/2013,01/12/2014,N/A,N/A,N/A,生效,国家市场监督管理总局；国家标准化管理委员会,沥青基防水卷材生产线,新建；既有,以石油沥青为主要基料，添加SBS（苯乙烯-丁二烯-苯乙烯嵌段共聚物）、APP（无规聚丙烯）等改性剂，以聚酯胎（涤纶无纺布等）、玻纤胎等为胎基，经配料（沥青加热、改性剂添加、填充料混合）、浸涂（胎基浸渍涂覆改性沥青）、覆面（PE膜、矿物粒料/片料、细砂等）、冷却、卷取、包装等工序生产改性沥青防水卷材的生产线，包括生产线配套的导热油炉、沥青烟气处理等装置。产品包括SBS改性沥青防水卷材、APP改性沥青防水卷材、自粘聚合物改性沥青防水卷材。,N/A,N/A,企业,在中国境内运营沥青基防水卷材生产线的企业。,生产,沥青基防水卷材生产线的运行活动。现有企业须达到3级限定值，新建及改扩建企业须达到2级准入值。,3级,能耗限额等级,能耗限额等级分为3级（1级最低即最先进），3级为限定值（存量企业最低要求），2级为准入值（新建及改扩建项目要求），1级为先进值。以单位产品综合能耗（kgce/千m²或kgce/t）为评价指标，按产品类型分级设定限值。SBS改性沥青防水卷材（聚酯胎，以千m²计）：3级≤120，2级≤100，1级≤85。APP改性沥青防水卷材（聚酯胎，以千m²计）：3级≤130，2级≤110，1级≤95。自粘聚合物改性沥青防水卷材（以千m²计）：3级≤105，2级≤88，1级≤75。,1）现有沥青基防水卷材生产企业须达到3级限定值方可继续运营，未达标者须限期改造或淘汰；2）新建及改扩建项目须达到2级准入值方可投产；3）1级先进值用于引导行业节能标杆。,N/A,N/A,政府机构开展的监督检查；企业能耗数据报告,市场监督管理部门对沥青基防水卷材生产企业进行能耗限额标准执行情况监督检查；企业须按规定报送年度能源消耗数据，接受节能监察。,合规命令；罚款；差别化电价；淘汰关停,对不符合强制性能耗限额标准的沥青基防水卷材生产企业，由相关部门责令限期整改，逾期未完成整改或整改后仍不达标的，纳入差别化电价范围并依法予以淘汰关停。,其他激励或支持,国家鼓励沥青基防水卷材生产企业对标1级先进值开展节能降碳改造，通过节能审查和绿色工厂认定引导和支持先进产能提升。,N/A,N/A,C23,CO2,正向,工业能效提升；工业能源消耗减少,GB 30184-2013 沥青基防水卷材单位产品能源消耗限额,https://openstd.samr.gov.cn/bzgk/std/newGbInfo?hcno=C385C88F3C0A7B94BB1F91BF80E32211,N/A
CHNPRFEILI62S000,工具,绩效标准,单位产品能源消耗限额,工业,金属建材,铝塑板单位产品能源消耗限额,Norm of Energy Consumption per Unit Production of Aluminium-Plastic Composite Panel,N/A,GB 30185-2013《铝塑板单位产品能源消耗限额》是强制性国家标准，于2013年12月31日发布，2014年12月1日实施。2025年2月28日发布GB 30185-2025《铝（塑）复合板单位产品能源消耗限额》替代本标准，将适用范围扩大至铝塑复合板、不燃铝复合板和装饰用铝单板，于2026年3月1日实施。适用于以铝合金板材为面板和背板、以聚乙烯（PE）等为芯材，经清洗、化学处理、高分子膜热复合等工艺生产铝塑复合板的企业单位产品能耗计算、考核，以及新建和改扩建项目的能耗控制。能耗限额等级分为3级（1级最低），其中3级为限定值（存量企业最低要求）、2级为准入值（新建及改扩建项目要求）、1级为先进值。该标准首次对铝塑板行业设定强制性能耗限额要求。,提高能效；减少能耗,直接,供给侧,中国,国家,N/A,31/12/2013,01/12/2014,N/A,28/02/2025,2025年2月28日发布GB 30185-2025《铝（塑）复合板单位产品能源消耗限额》替代GB 30185-2013，标准名称和适用范围扩大至铝塑复合板、不燃铝复合板和装饰用铝单板，2026年3月1日实施。,生效,国家市场监督管理总局；国家标准化管理委员会,铝塑板生产线,新建；既有,以铝合金卷材（面板和背板）和聚乙烯（PE）或添加阻燃剂的聚乙烯芯材为原料，经铝卷清洗和化学处理、高分子粘结膜制备、热复合（连续高温高压复合）、冷却、剪切、包装等工序生产铝塑复合板的生产线。产品包括普通铝塑板和防火铝塑板（B1级），总厚度通常为3-6 mm，适用于建筑幕墙、室内装饰、标识广告等领域。,N/A,N/A,企业,在中国境内运营铝塑复合板生产线的企业。,生产,铝塑复合板生产线的运行活动。现有企业须达到3级限定值，新建及改扩建企业须达到2级准入值。,3级,能耗限额等级,能耗限额等级分为3级（1级最低即最先进），3级为限定值（存量企业最低要求），2级为准入值（新建及改扩建项目要求），1级为先进值。以单位产品综合能耗（kgce/千m²或kgce/t）为评价指标。铝塑复合板（以千m²计，含清洗+化成+复合+涂装全工艺）：3级≤350，2级≤290，1级≤240。,1）现有铝塑板生产企业须达到3级限定值方可继续运营，未达标者须限期改造或淘汰；2）新建及改扩建项目须达到2级准入值方可投产；3）1级先进值用于引导行业节能标杆。,N/A,N/A,政府机构开展的监督检查；企业能耗数据报告,市场监督管理部门对铝塑板生产企业进行能耗限额标准执行情况监督检查；企业须按规定报送年度能源消耗数据，接受节能监察。,合规命令；罚款；差别化电价；淘汰关停,对不符合强制性能耗限额标准的铝塑板生产企业，由相关部门责令限期整改，逾期未完成整改或整改后仍不达标的，纳入差别化电价范围并依法予以淘汰关停。,其他激励或支持,国家鼓励铝塑板生产企业对标1级先进值开展节能降碳改造，通过节能审查和绿色工厂认定引导和支持先进产能提升。,N/A,N/A,C25,CO2,正向,工业能效提升；工业能源消耗减少,GB 30185-2013 铝塑板单位产品能源消耗限额,https://openstd.samr.gov.cn/bzgk/std/newGbInfo?hcno=6748E505890163484CE72741CF7D8D3A,GB 30185-2013（旧版）：https://openstd.samr.gov.cn/bzgk/std/newGbInfo?hcno=560D51C1E285DC30D8E67E5B5CFB6C0F
CHNPRFEILI63S000,工具,绩效标准,单位产品能源消耗限额,工业,稀土冶炼,稀土冶炼企业单位产品能源消耗限额,Norm of Energy Consumption per Unit Production of Rare Earth Metallurgical Enterprise,N/A,GB 29435-2025《稀土冶炼加工企业单位产品能源消耗限额》是强制性国家标准，于2025年12月31日第二次修订发布，2027年1月1日实施（首次发布于2012年12月31日，2013年10月1日首次实施）。适用于以稀土精矿、混合稀土化合物等为原料，经湿法冶炼分离、火法冶炼等工艺生产稀土化合物、稀土金属及合金、稀土荧光粉和稀土抛光粉等产品的企业单位产品能耗计算、考核，以及新建和改扩建项目的能耗控制。能耗限额等级分为3级（1级最低），其中3级为限定值（存量企业最低要求）、2级为准入值（新建及改扩建项目要求）、1级为先进值。不适用于稀土废料的综合回收工艺。该标准首次对稀土冶炼加工行业设定强制性能耗限额要求。,提高能效；减少能耗,直接,供给侧,中国,国家,N/A,31/12/2012,01/10/2013,N/A,31/12/2025,首次制定于2012年12月31日（GB 29435-2012《稀土冶炼加工企业单位产品能源消耗限额》，2013年10月1日实施）。2025年12月31日第二次修订（GB 29435-2025），名称变更为《稀土冶炼企业单位产品能源消耗限额》，主要修订包括：删除灯用稀土三基色荧光粉和抛光粉产品；增加钕铁硼废料综合回收工艺生产的稀土化合物产品类别；将稀土化合物分为4类、稀土金属及合金分为2类；更改各产品类别能耗限额等级指标值；更改统计范围和计算方法。,生效,国家市场监督管理总局；国家标准化管理委员会,稀土冶炼生产装置,新建；既有,以稀土精矿（氟碳铈矿、独居石、离子型稀土矿等）、混合稀土化合物为原料，经湿法冶金（包括酸分解、碱分解、溶剂萃取分离、沉淀、煅烧等工序）生产单一稀土化合物（氧化镧、氧化铈、氧化镨钕、氧化镝、氧化铽等）、经火法冶金（包括熔盐电解、金属热还原等工序）生产稀土金属及合金（金属镨钕、金属镧、金属铈、混合稀土金属、镝铁合金等）、以及稀土荧光粉（灯用荧光粉、显示用荧光粉等）和稀土抛光粉的生产装置。不包括稀土废料综合回收工艺装置。2025年版删除灯用稀土三基色荧光粉和抛光粉产品，将稀土化合物分为4类、稀土金属及合金分为2类分别设定限额指标。,N/A,N/A,企业,在中国境内运营稀土冶炼加工生产装置的企业。,生产,稀土冶炼加工生产装置的运行活动。现有企业须达到3级限定值，新建及改扩建企业须达到2级准入值。,3级,能耗限额等级,能耗限额等级分为3级（1级最低即最先进），3级为限定值（存量企业最低要求），2级为准入值（新建及改扩建项目要求），1级为先进值。以单位产品综合能耗（kgce/t）为评价指标，按产品类型和工艺路线分级设定限值。单一稀土氧化物（以氧化镨钕为代表，南方离子型矿）：3级≤5800，2级≤4800，1级≤3900。单一稀土氧化物（以氧化镨钕为代表，北方矿）：3级≤3200，2级≤2600，1级≤2100。稀土金属（熔盐电解法，以金属镨钕为代表）：3级≤1800，2级≤1500，1级≤1200。稀土荧光粉（灯用三基色）：3级≤2200，2级≤1800，1级≤1500。稀土抛光粉：3级≤850，2级≤700，1级≤580。2025年版将稀土化合物分为4类、稀土金属及合金分为2类，分别设定差异化限额指标。,1）现有稀土冶炼加工企业须达到3级限定值方可继续运营，未达标者须限期改造或淘汰；2）新建及改扩建项目须达到2级准入值方可投产；3）1级先进值用于引导行业节能标杆。,N/A,N/A,政府机构开展的监督检查；企业能耗数据报告,市场监督管理部门对稀土冶炼加工企业进行能耗限额标准执行情况监督检查；企业须按规定报送年度能源消耗数据，接受节能监察。,合规命令；罚款；差别化电价；淘汰关停,对不符合强制性能耗限额标准的稀土冶炼加工企业，由相关部门责令限期整改，逾期未完成整改或整改后仍不达标的，纳入差别化电价范围并依法予以淘汰关停。,其他激励或支持,国家鼓励稀土冶炼加工企业对标1级先进值开展节能降碳改造，通过节能审查和绿色工厂认定引导和支持先进产能提升。,N/A,N/A,C24,CO2,正向,工业能效提升；工业能源消耗减少,GB 29435-2025 稀土冶炼企业单位产品能源消耗限额,https://openstd.samr.gov.cn/bzgk/std/newGbInfo?hcno=A5998295FAC676B7C86391356A185816,https://openstd.samr.gov.cn/bzgk/std/newGbInfo?hcno=282C52397EB468D6D2B5DCED27B0BF71
CHNPRFEILI64S000,工具,绩效标准,单位产品能源消耗限额,工业,工程塑料,聚甲醛单位产品能源消耗限额,Norm of Energy Consumption per Unit Production of Polyoxymethylene,N/A,GB 29438-2012《聚甲醛单位产品能源消耗限额》是强制性国家标准，于2012年12月31日发布，2013年10月1日实施。适用于以甲醇和乙二醇（或甲缩醛等）为主要原料，经甲醛合成、三聚甲醛（TOX）合成与精制、二氧戊环（DOX）合成与精制、共聚反应、后处理等工序生产聚甲醛（POM）树脂的企业单位产品能耗计算、考核，以及新建和改扩建项目的能耗控制。能耗限额等级分为3级（1级最低），其中3级为限定值（存量企业最低要求）、2级为准入值（新建及改扩建项目要求）、1级为先进值。该标准首次对聚甲醛产品设定强制性能耗限额要求。适用于共聚甲醛（POM-C）的生产能耗限额，不适用于均聚甲醛（POM-H）。,提高能效；减少能耗,直接,供给侧,中国,国家,N/A,31/12/2012,01/10/2013,N/A,N/A,N/A,生效,国家市场监督管理总局；国家标准化管理委员会,聚甲醛生产装置,新建；既有,以甲醇为主要原料，经甲醛合成（甲醇氧化制甲醛）、三聚甲醛（TOX）合成（甲醛在酸性催化剂下三聚成TOX）与精制（萃取、精馏等）、二氧戊环（DOX）合成与精制、共聚反应（TOX与DOX在引发剂作用下阳离子开环共聚）、后处理（封端稳定化、干燥、造粒等）等工序生产共聚甲醛（POM-C）树脂的生产装置。产品为颗粒状聚甲醛树脂，适用于注塑、挤出等成型加工。均聚甲醛（POM-H）不在本标准范围内。,N/A,N/A,企业,在中国境内运营聚甲醛生产装置的企业。,生产,聚甲醛生产装置的运行活动。现有企业须达到3级限定值，新建及改扩建企业须达到2级准入值。,3级,能耗限额等级,能耗限额等级分为3级（1级最低即最先进），3级为限定值（存量企业最低要求），2级为准入值（新建及改扩建项目要求），1级为先进值。以单位产品综合能耗（kgce/t）为评价指标。共聚甲醛（POM-C）：3级≤850，2级≤720，1级≤620 kgce/t。,1）现有聚甲醛生产企业须达到3级限定值方可继续运营，未达标者须限期改造或淘汰；2）新建及改扩建项目须达到2级准入值方可投产；3）1级先进值用于引导行业节能标杆。,N/A,N/A,政府机构开展的监督检查；企业能耗数据报告,市场监督管理部门对聚甲醛生产企业进行能耗限额标准执行情况监督检查；企业须按规定报送年度能源消耗数据，接受节能监察。,合规命令；罚款；差别化电价；淘汰关停,对不符合强制性能耗限额标准的聚甲醛生产企业，由相关部门责令限期整改，逾期未完成整改或整改后仍不达标的，纳入差别化电价范围并依法予以淘汰关停。,其他激励或支持,国家鼓励聚甲醛生产企业对标1级先进值开展节能降碳改造，通过节能审查和绿色工厂认定引导和支持先进产能提升。,N/A,N/A,C20,CO2,正向,工业能效提升；工业能源消耗减少,GB 29438-2012 聚甲醛单位产品能源消耗限额,https://openstd.samr.gov.cn/bzgk/std/newGbInfo?hcno=BBA6E10119D86112C749CD218AFCD1F7,N/A
CHNPRFEILI65S000,工具,绩效标准,单位产品能源消耗限额,工业,煤炭开采,煤炭井工开采单位产品能源消耗限额,Norm of Energy Consumption per Unit Production of Coal Underground Mining,N/A,GB 29444-2012《煤炭井工开采单位产品能源消耗限额》是强制性国家标准，于2012年12月31日发布，2013年10月1日实施。适用于通过立井、斜井、平硐等井工方式开采煤炭资源的企业单位产品能耗计算、考核，以及新建和改扩建矿井的能耗控制。能耗限额等级分为3级（1级最低），其中3级为限定值（存量企业最低要求）、2级为准入值（新建及改扩建项目要求）、1级为先进值。该标准首次对煤炭井工开采设定强制性能耗限额要求。不适用于露天开采和煤矿选煤厂的能耗限额。,提高能效；减少能耗,直接,供给侧,中国,国家,N/A,31/12/2012,01/10/2013,N/A,N/A,N/A,生效,国家市场监督管理总局；国家标准化管理委员会,煤炭井工开采矿井,新建；既有,采用立井（竖井）、斜井、平硐等井工方式开拓的煤矿矿井，包括采掘系统（综采、综掘、炮采等）、提升运输系统（主井提升、副井提升、井下运输等）、通风系统（主通风机等）、排水系统（主排水泵等）、压风系统（空压机等）、瓦斯抽采系统及地面生产系统（原煤筛分、破碎、储运等）。矿井开采煤层包括薄煤层、中厚煤层和厚煤层，开采工艺包括走向长壁、倾斜长壁、放顶煤等采煤方法。,N/A,N/A,企业,在中国境内运营煤炭井工开采矿井的企业。,生产,煤炭井工开采矿井的生产运行活动，包括井下采掘、运输提升、通风、排水、瓦斯抽采等主要生产环节和地面辅助生产系统。现有企业须达到3级限定值，新建及改扩建矿井须达到2级准入值。,3级,能耗限额等级,能耗限额等级分为3级（1级最低即最先进），3级为限定值（存量企业最低要求），2级为准入值（新建及改扩建项目要求），1级为先进值。以单位产品综合能耗（kgce/t原煤）为评价指标，按开采方式和矿井条件分级设定限值。井工开采（综合能耗，kgce/t）：3级≤3.5，2级≤2.8，1级≤2.2。指标值根据矿井开采深度、瓦斯等级、涌水量等条件按系数调整。,1）现有煤炭井工开采企业须达到3级限定值方可继续运营，未达标者须限期改造或淘汰；2）新建及改扩建矿井须达到2级准入值方可投产；3）1级先进值用于引导行业节能标杆。,N/A,N/A,政府机构开展的监督检查；企业能耗数据报告,市场监督管理部门和煤炭行业主管部门对煤炭井工开采企业进行能耗限额标准执行情况监督检查；企业须按规定报送年度能源消耗数据，接受节能监察。,合规命令；罚款；差别化电价；淘汰关停,对不符合强制性能耗限额标准的煤炭井工开采企业，由相关部门责令限期整改，逾期未完成整改或整改后仍不达标的，纳入差别化电价范围并依法予以淘汰关停。,其他激励或支持,国家鼓励煤炭井工开采企业对标1级先进值开展节能降碳改造，推广应用高效采掘设备、智慧矿山系统、瓦斯抽采利用、余热回收等技术，通过节能审查和绿色矿山认定引导和支持先进产能提升。,N/A,N/A,B05,CO2,正向,工业能效提升；工业能源消耗减少,GB 29444-2012 煤炭井工开采单位产品能源消耗限额,https://openstd.samr.gov.cn/bzgk/std/newGbInfo?hcno=F2264FE27AD4688868A72C4DD87F77B0,N/A
CHNPRFEILI66S000,工具,绩效标准,单位产品能源消耗限额,工业,煤炭开采,煤炭露天开采单位产品能源消耗限额,Norm of Energy Consumption per Unit Production of Coal Surface Mining,N/A,GB 29445-2012《煤炭露天开采单位产品能源消耗限额》是强制性国家标准，于2012年12月31日发布，2013年10月1日实施。适用于采用露天开采方式（包括剥离、采煤、运输、排土等主要工艺环节）开采煤炭资源的企业单位产品能耗计算、考核，以及新建和改扩建露天煤矿的能耗控制。能耗限额等级分为3级（1级最低），其中3级为限定值（存量企业最低要求）、2级为准入值（新建及改扩建项目要求）、1级为先进值。该标准首次对煤炭露天开采设定强制性能耗限额要求。不适用于井工开采和煤矿选煤厂的能耗限额。,提高能效；减少能耗,直接,供给侧,中国,国家,N/A,31/12/2012,01/10/2013,N/A,N/A,N/A,生效,国家市场监督管理总局；国家标准化管理委员会,煤炭露天开采矿山,新建；既有,采用单斗-卡车、拉斗铲、轮斗-胶带等露天开采工艺的煤矿，包括剥离系统（穿孔爆破或松土-采装-运输-排土）、采煤系统（穿孔爆破或松土-采装-运输）、地面破碎站、储煤场、机修和辅助设施等。开采煤层包括近水平煤层、缓倾斜煤层等适合露天开采的煤层条件。生产环节涵盖岩石剥离、煤炭开采、运输和排土的全过程。,N/A,N/A,企业,在中国境内运营煤炭露天开采矿山的企业。,生产,煤炭露天开采矿山的生产运行活动，包括剥离、采煤、运输、排土等主要生产环节和地面辅助生产系统。现有企业须达到3级限定值，新建及改扩建矿山须达到2级准入值。,3级,能耗限额等级,能耗限额等级分为3级（1级最低即最先进），3级为限定值（存量企业最低要求），2级为准入值（新建及改扩建项目要求），1级为先进值。以单位产品综合能耗（kgce/t原煤）为评价指标，按开采工艺类型和开采条件分级设定限值。露天开采（综合能耗，kgce/t）：3级≤1.5，2级≤1.2，1级≤0.9。指标值根据剥采比、运距、提升高度等条件按系数调整。,1）现有煤炭露天开采企业须达到3级限定值方可继续运营，未达标者须限期改造或淘汰；2）新建及改扩建露天煤矿须达到2级准入值方可投产；3）1级先进值用于引导行业节能标杆。,N/A,N/A,政府机构开展的监督检查；企业能耗数据报告,市场监督管理部门和煤炭行业主管部门对煤炭露天开采企业进行能耗限额标准执行情况监督检查；企业须按规定报送年度能源消耗数据，接受节能监察。,合规命令；罚款；差别化电价；淘汰关停,对不符合强制性能耗限额标准的煤炭露天开采企业，由相关部门责令限期整改，逾期未完成整改或整改后仍不达标的，纳入差别化电价范围并依法予以淘汰关停。,其他激励或支持,国家鼓励煤炭露天开采企业对标1级先进值开展节能降碳改造，推广应用大型高效采掘运输设备、连续化运输系统、矿山智慧化等技术，通过节能审查和绿色矿山认定引导和支持先进产能提升。,N/A,N/A,B05,CO2,正向,工业能效提升；工业能源消耗减少,GB 29445-2012 煤炭露天开采单位产品能源消耗限额,https://openstd.samr.gov.cn/bzgk/std/newGbInfo?hcno=7C2A5E9D8333A6111451DDFEBECF6A64,N/A
CHNPRFEILI67S000,工具,绩效标准,单位产品能源消耗限额,工业,玻璃纤维制造,玻璃纤维单位产品能源消耗限额,Norm of Energy Consumption per Unit Production of Glass Fiber,N/A,GB 29450-2012《玻璃纤维单位产品能源消耗限额》是强制性国家标准，于2012年12月31日发布，2013年10月1日实施。适用于以石英砂、石灰石、高岭土等为原料，经池窑拉丝法（包括无碱玻璃E-glass和中碱玻璃C-glass）或坩埚法拉丝工艺生产玻璃纤维的企业单位产品能耗计算、考核，以及新建和改扩建项目的能耗控制。能耗限额等级分为3级（1级最低），其中3级为限定值（存量企业最低要求）、2级为准入值（新建及改扩建项目要求）、1级为先进值。该标准首次对玻璃纤维行业设定强制性能耗限额要求。不适用于高强、高硅氧、耐碱等特种玻璃纤维的生产。,提高能效；减少能耗,直接,供给侧,中国,国家,N/A,31/12/2012,01/10/2013,N/A,N/A,N/A,生效,国家市场监督管理总局；国家标准化管理委员会,玻璃纤维生产装置,新建；既有,池窑拉丝法生产装置：以石英砂、石灰石、高岭土、硼钙石等为原料，经配合料制备、池窑熔化（燃气或电助熔）、澄清、铂铑合金漏板拉丝、浸润剂涂覆、烘干等工序生产玻璃纤维原丝，再经退解、并捻、织造等后加工制成无捻粗纱、短切原丝、连续毡、方格布等产品。坩埚法拉丝生产装置：以外购玻璃球为原料，经铂铑坩埚再熔、漏板拉丝等工序生产。产品包括无碱玻璃纤维（E-glass）和中碱玻璃纤维（C-glass）各类制品。不适用于高强玻璃纤维（S-glass）、高硅氧玻璃纤维、耐碱玻璃纤维（AR-glass）等特种玻纤。,N/A,N/A,企业,在中国境内运营玻璃纤维生产装置的企业。,生产,玻璃纤维生产装置的运行活动。现有企业须达到3级限定值，新建及改扩建企业须达到2级准入值。,3级,能耗限额等级,能耗限额等级分为3级（1级最低即最先进），3级为限定值（存量企业最低要求），2级为准入值（新建及改扩建项目要求），1级为先进值。以单位产品综合能耗（kgce/t或kgce/t原丝）为评价指标，按生产工艺和玻璃类型分级设定限值。池窑拉丝（无碱E-glass，原丝）：3级≤650，2级≤550，1级≤470。池窑拉丝（中碱C-glass，原丝）：3级≤520，2级≤440，1级≤375。坩埚法拉丝（无碱球，原丝）：3级≤420，2级≤350，1级≤300。坩埚法拉丝（中碱球，原丝）：3级≤380，2级≤315，1级≤270。玻璃球制造：3级≤380，2级≤320，1级≤275。,1）现有玻璃纤维生产企业须达到3级限定值方可继续运营，未达标者须限期改造或淘汰；2）新建及改扩建项目须达到2级准入值方可投产；3）1级先进值用于引导行业节能标杆。,N/A,N/A,政府机构开展的监督检查；企业能耗数据报告,市场监督管理部门对玻璃纤维生产企业进行能耗限额标准执行情况监督检查；企业须按规定报送年度能源消耗数据，接受节能监察。,合规命令；罚款；差别化电价；淘汰关停,对不符合强制性能耗限额标准的玻璃纤维生产企业，由相关部门责令限期整改，逾期未完成整改或整改后仍不达标的，纳入差别化电价范围并依法予以淘汰关停。,其他激励或支持,国家鼓励玻璃纤维生产企业对标1级先进值开展节能降碳改造，通过节能审查和绿色工厂认定引导和支持先进产能提升。,N/A,N/A,C23,CO2,正向,工业能效提升；工业能源消耗减少,GB 29450-2012 玻璃纤维单位产品能源消耗限额,https://openstd.samr.gov.cn/bzgk/std/newGbInfo?hcno=349A9A98C0090B738FD1F541DCBDA5AC,N/A
CHNPRFEILI68S000,工具,绩效标准,单位产品能源消耗限额,工业,光伏,硅多晶和锗单位产品能源消耗限额,Norm of Energy Consumption per Unit Products of Polysilicon and Germanium,N/A,GB 29447-2026《硅多晶和锗单位产品能源消耗限额》是强制性国家标准，于2026年6月27日发布，2027年1月1日实施，替代GB 29447-2022《多晶硅和锗单位产品能源消耗限额》。该标准首次按工艺路线设定差异化能耗限额：三氯氢硅法（棒状硅）和硅烷流化床法（颗粒硅）分别设定三个能耗等级。与旧版相比，棒状硅3级能耗值下降近40%。标准适用于以三氯氢硅法或硅烷流化床法生产光伏用硅多晶的企业，以及以锗精矿、再生锗原料为原料生产高纯四氯化锗、高纯二氧化锗、区熔锗锭、锗单晶的企业，不适用于电子级及区熔级硅多晶。该标准与GB 47834-2026和GB 47835-2026共同构成光伏行业能耗能效强制性标准体系。,提高能效；减少能耗；淘汰落后产能,直接,供给侧,中国,国家,N/A,31/12/2012,01/10/2013,N/A,27/06/2026,首次制定于2012年12月31日（GB 29447-2012《多晶硅企业单位产品能源消耗限额》，2013年10月1日实施）。2022年第一次修订（GB 29447-2022），名称变更为《多晶硅和锗单位产品能源消耗限额》，适用范围扩展至锗产品。2026年6月27日第二次修订（GB 29447-2026），名称变更为《硅多晶和锗单位产品能源消耗限额》，首次按三氯氢硅法和硅烷流化床法设定差异化能耗限额，棒状硅3级能耗指标较旧版下降近40%，并增加硅烷流化床法颗粒硅及主要工序用能统计范围定义。,生效,国家市场监督管理总局；国家标准化管理委员会,硅多晶和锗生产装置,新建；既有,以三氯氢硅法（棒状硅）或硅烷流化床法（颗粒硅）生产光伏用硅多晶的装置，以及以锗精矿、再生锗原料为原料生产高纯四氯化锗、高纯二氧化锗、区熔锗锭、锗单晶的装置。不适用于电子级及区熔级硅多晶生产装置。,N/A,N/A,企业,在中国境内运营硅多晶（光伏级）或锗产品生产装置的企业。,生产,硅多晶和锗产品生产装置的运行活动。现有企业须达到3级限定值方可继续运营，未达标者限期整改或淘汰关停；新建和改扩建项目须达到2级准入值方可投产。,3级,能耗限额等级,能耗限额等级分为3级（1级最高），3级为限定值（现有企业最低要求），2级为准入值（新建/改扩建项目最低要求），1级为先进值。以单位产品综合能耗（kgce/kg）为评价指标：三氯氢硅法（棒状硅）1级≤5.0、2级≤5.5、3级≤6.3；硅烷流化床法（颗粒硅）1级≤3.6、2级≤4.0、3级≤4.6。,1）现有硅多晶和锗生产企业须达到3级限定值方可继续运营，未达标者限期整改或淘汰关停；2）新建和改扩建项目须达到2级准入值方可投产；3）1级先进值供企业对标和行业能效领跑者评选参考。,N/A,N/A,政府机构开展的监督检查；企业能耗数据报告,市场监督管理部门对硅多晶和锗生产企业进行能耗限额标准执行情况监督检查；企业须按规定报送能源消耗数据，接受节能监察和能源审计。,合规命令；罚款；差别化电价；淘汰关停,对不符合强制性能耗限额标准的硅多晶和锗生产企业，由相关部门责令限期整改；整改逾期仍未达标的，纳入差别化电价范围或依法责令淘汰关停。,其他激励或支持,国家鼓励硅多晶和锗生产企业对标1级先进值开展节能降碳改造，通过节能技术改造奖励、绿色工厂认定等政策措施支持先进节能技术应用。,N/A,N/A,C20,CO2,正向,工业能效提升；工业能源消耗减少；光伏产业链减排,GB 29447-2026 硅多晶和锗单位产品能源消耗限额,https://openstd.samr.gov.cn/bzgk/std/newGbInfo?hcno=840273B02BDE1AD43E3CE1E707F3D386,N/A
CHNPRFEILI69S000,工具,绩效标准,单位产品能源消耗限额,工业,光伏,硅单晶单位产品能源消耗限额,Norm of Energy Consumption per Unit Products of Monocrystalline Silicon,N/A,GB 47835-2026《硅单晶单位产品能源消耗限额》是强制性国家标准，于2026年6月27日发布，2027年1月1日实施，为首次发布。标准适用于以直拉法制造太阳能电池用硅单晶（方棒）及硅单晶片的企业，用于能耗的计算、考核，以及对新建、改建和扩建项目的能耗控制。能耗限额等级分为3级（1级最高），3级为限定值（现有企业最低要求），2级为准入值（新建/改扩建项目最低要求），1级为先进值。该标准与GB 47834-2026和GB 29447-2026共同构成光伏行业能耗能效强制性标准体系，首次为硅单晶环节设定强制性能耗限额。,提高能效；减少能耗,直接,供给侧,中国,国家,N/A,27/06/2026,01/01/2027,N/A,N/A,N/A,计划实施,国家市场监督管理总局；国家标准化管理委员会,硅单晶生产装置,新建；既有,以直拉法（Czochralski法）制造太阳能电池用硅单晶（方棒）的拉晶炉及配套设备，以及将硅单晶方棒加工为硅单晶片的切割、研磨、抛光等设备。不适用于半导体级硅单晶生产装置。,N/A,N/A,企业,在中国境内运营硅单晶（太阳能级）拉晶和切片生产装置的企业。,生产,硅单晶方棒拉晶和硅单晶片加工的生产运行活动。现有企业须达到3级限定值方可继续运营，未达标者限期整改或淘汰关停；新建和改扩建项目须达到2级准入值方可投产。,3级,能耗限额等级,"能耗限额等级分为3级（1级最高），3级为限定值（现有企业最低要求），2级为准入值（新建/改扩建项目最低要求），1级为先进值。以单位产品综合能耗为评价指标：硅单晶方棒（拉晶）1级≤2.10 kgce/kg、2级≤2.30 kgce/kg、3级≤2.58 kgce/kg；硅单晶片（切片）1级≤7,800 kgce/百万片、2级≤8,600 kgce/百万片、3级≤9,525 kgce/百万片。",1）现有硅单晶生产企业须达到3级限定值方可继续运营，未达标者限期整改或淘汰关停；2）新建和改扩建项目须达到2级准入值方可投产；3）1级先进值供企业对标和行业能效领跑者评选参考。,N/A,N/A,政府机构开展的监督检查；企业能耗数据报告,市场监督管理部门对硅单晶生产企业进行能耗限额标准执行情况监督检查；企业须按规定报送能源消耗数据，接受节能监察和能源审计。,合规命令；罚款；差别化电价；淘汰关停,对不符合强制性能耗限额标准的硅单晶生产企业，由相关部门责令限期整改；整改逾期仍未达标的，纳入差别化电价范围或依法责令淘汰关停。,其他激励或支持,国家鼓励硅单晶生产企业对标1级先进值开展节能降碳改造，通过节能技术改造奖励、绿色工厂认定等政策措施支持先进节能技术应用。,N/A,N/A,C27,CO2,正向,工业能效提升；工业能源消耗减少；光伏产业链减排,GB 47835-2026 硅单晶单位产品能源消耗限额,https://openstd.samr.gov.cn/bzgk/std/newGbInfo?hcno=A2E81D5AC2AF63D51C603E31C61DE7C5,N/A
CHNPRFMITI01S000,工具,绩效标准,工业热工设备最低能源绩效标准（MEPS）,工业,工业供热,工业锅炉能效限定值及能效等级,Minimum Allowable Values of Energy Efficiency and Energy Efficiency Grades of Industrial Boilers,N/A,GB 24500-2020《工业锅炉能效限定值及能效等级》是强制性国家标准，于2020年5月29日发布，2021年6月1日实施，替代GB 24500-2009。适用于以煤、天然气、油、生物质为燃料或以电为热源，以水或有机热载体为介质的固定式锅炉，包括额定蒸汽压力≥0.1 MPa且<3.8 MPa的蒸汽锅炉、额定出水压力≥0.1 MPa且额定功率≥0.1 MW的热水锅炉，以及额定介质出口压力≥0.1 MPa的有机热载体锅炉。能效等级分为3级（1级最高），3级为能效限定值即强制市场准入门槛。,提高工业锅炉能效；减少工业供热燃料消耗,直接,供给侧,中国,国家,N/A,01/06/2009,01/01/2010,N/A,29/05/2020,2020年5月29日发布GB 24500-2020替代GB 24500-2009，提高各级能效指标，扩大燃料和热源类型覆盖范围。,生效,国家市场监督管理总局；国家标准化管理委员会,工业锅炉,新建,以煤、天然气、油、生物质为燃料或以电为热源，以水或有机热载体为介质的固定式锅炉：额定蒸汽压力≥0.1 MPa且<3.8 MPa的蒸汽锅炉；额定出水压力≥0.1 MPa且额定功率≥0.1 MW的热水锅炉；额定介质出口压力≥0.1 MPa的有机热载体锅炉。,N/A,N/A,企业,在中国境内生产、进口或销售工业锅炉的生产企业和进口商。,生产；销售；进口,工业锅炉的生产、进口和销售活动。产品须达到标准规定的能效限定值方可进入市场。,3级,能效等级,能效等级分为3级（1级最高），3级为能效限定值即市场准入最低要求。以热效率（%）为评价指标，按燃料类型（煤/天然气/油/生物质/电）、锅炉类型（蒸汽/热水/有机热载体）和额定出力分级设定限值。,1）工业锅炉须达到标准规定的能效限定值（3级）方可生产、进口或销售；2）产品须标注能效等级标识；3）能效等级分为1级（最高）、2级、3级，3级为市场准入最低要求。,N/A,N/A,政府机构开展的监督检查,市场监督管理部门对工业锅炉产品进行能效标识监督检查和产品质量监督抽查。,合规命令；罚款,对生产、进口、销售不符合强制性能效标准的工业锅炉产品的，由市场监督管理部门责令停止生产、进口、销售，没收违法所得，并处罚款；情节严重的，吊销营业执照。,其他激励或支持,国家鼓励生产和使用1级、2级高效工业锅炉；通过节能产品认证和锅炉绿色低碳高质量发展行动推广高效锅炉。,N/A,N/A,C25; C27,CO2,正向,工业锅炉能效提升；工业供热燃料消耗减少；高效锅炉产业升级,GB 24500-2020 工业锅炉能效限定值及能效等级,https://openstd.samr.gov.cn/bzgk/std/newGbInfo?hcno=B31C8D212ACEEC023E752DF6260B63B7,GB 24500-2009（旧版）：https://openstd.samr.gov.cn/bzgk/std/newGbInfo?hcno=B9C0C088E809479E048045355B04A62A
CHNPRFMITI02S000,工具,绩效标准,工业热工设备最低能源绩效标准（MEPS）,工业,钢铁行业加热工序,蓄热式轧钢加热炉能效限定值及能效等级,Minimum Allowable Values of Energy Efficiency and Energy Efficiency Grades of Regenerative Rolling Reheating Furnaces,N/A,GB 38449-2019《蓄热式轧钢加热炉能效限定值及能效等级》是强制性国家标准，于2019年12月31日发布，2020年7月1日实施。适用于以高炉煤气、混合煤气为燃料的连续运行的蓄热式轧钢加热炉，包括推钢式、步进式和转底式加热炉。以单位产品能源消耗量（GJ/t）为评价指标，能效等级分为3级（1级最高），3级为能效限定值即强制市场准入门槛。,提高轧钢加热炉能效；减少钢铁行业加热工序能耗,直接,供给侧,中国,国家,N/A,31/12/2019,01/07/2020,N/A,N/A,N/A,生效,国家市场监督管理总局；国家标准化管理委员会,蓄热式轧钢加热炉,新建,以高炉煤气、混合煤气为燃料的连续运行的蓄热式轧钢加热炉，包括推钢式加热炉、步进式加热炉和转底式加热炉。,N/A,N/A,企业,在中国境内生产、进口或销售蓄热式轧钢加热炉的生产企业和进口商。,生产；销售；进口,蓄热式轧钢加热炉的生产、进口和销售活动。产品须达到标准规定的能效限定值方可进入市场。,3级,能效等级,能效等级分为3级（1级最高），3级为能效限定值即市场准入最低要求。以单位产品能源消耗量（GJ/t）为评价指标，计算时乘以钢种修正系数（K₁）和温度修正系数（K₂）。,1）蓄热式轧钢加热炉须达到标准规定的能效限定值（3级）方可生产、进口或销售；2）产品须标注能效等级标识；3）能效等级分为1级（最高）、2级、3级，3级为市场准入最低要求。,N/A,N/A,政府机构开展的监督检查,市场监督管理部门对蓄热式轧钢加热炉产品进行能效标识监督检查和产品质量监督抽查。,合规命令；罚款,对生产、进口、销售不符合强制性能效标准的蓄热式轧钢加热炉产品的，由市场监督管理部门责令停止生产、进口、销售，没收违法所得，并处罚款；情节严重的，吊销营业执照。,其他激励或支持,国家鼓励生产和使用1级、2级高效轧钢加热炉；通过节能产品认证和钢铁行业节能降碳行动推广高效加热炉。,N/A,N/A,C24,CO2,正向,钢铁行业加热工序能效提升；工业燃料消耗减少；高效工业炉窑产业升级,GB 38449-2019 蓄热式轧钢加热炉能效限定值及能效等级,https://openstd.samr.gov.cn/bzgk/std/newGbInfo?hcno=1915535B628A6A85B423EAFAE46ECBF8,N/A
CHNPRFMITI03S000,工具,绩效标准,工业热工设备最低能源绩效标准（MEPS）,工业,石油工业加热,石油工业用加热炉能效限定值及能效等级,Minimum Allowable Values of Energy Efficiency and Energy Efficiency Grades for Heaters of the Petroleum Industry,N/A,GB 24848-2010《石油工业用加热炉能效限定值及能效等级》是强制性国家标准，于2010年6月30日发布，2010年12月1日实施。适用于海拔3500 m以下、陆上油气田和长输管道使用的以气体或液体（油）能源为燃料、额定热负荷在40 kW～12000 kW范围内的石油工业用加热炉，不适用于以固体能源为燃料的加热炉。能效等级分为3级（1级最高），3级为能效限定值即强制市场准入门槛。,提高石油工业用加热炉能效；减少油气开采和输送加热能耗,直接,供给侧,中国,国家,N/A,30/06/2010,01/12/2010,N/A,N/A,N/A,生效,国家市场监督管理总局；国家标准化管理委员会,石油工业用加热炉,新建,海拔3500 m以下、陆上油气田和长输管道使用的以气体或液体（油）能源为燃料、额定热负荷在40 kW～12000 kW范围内的石油工业用加热炉。不适用于以固体能源为燃料的加热炉。,N/A,N/A,企业,在中国境内生产、进口或销售石油工业用加热炉的生产企业和进口商。,生产；销售；进口,石油工业用加热炉的生产、进口和销售活动。产品须达到标准规定的能效限定值方可进入市场。,3级,能效等级,能效等级分为3级（1级最高），3级为能效限定值即市场准入最低要求。以热效率（%）为评价指标，按额定热负荷和燃料类型分级设定限值。标准规定了能效限定值和目标能效限定值两项强制性条款。,1）石油工业用加热炉须达到标准规定的能效限定值（3级）方可生产、进口或销售；2）产品须标注能效等级标识；3）能效等级分为1级（最高）、2级、3级，3级为市场准入最低要求。,N/A,N/A,政府机构开展的监督检查,市场监督管理部门对石油工业用加热炉产品进行能效标识监督检查和产品质量监督抽查。,合规命令；罚款,对生产、进口、销售不符合强制性能效标准的石油工业用加热炉产品的，由市场监督管理部门责令停止生产、进口、销售，没收违法所得，并处罚款；情节严重的，吊销营业执照。,其他激励或支持,国家鼓励生产和使用1级、2级高效石油工业用加热炉；通过节能产品认证和油气行业节能降碳行动推广高效加热设备。,N/A,N/A,B06; C19,CO2,正向,油气行业加热能效提升；工业燃料消耗减少；高效工业加热设备产业升级,GB 24848-2010 石油工业用加热炉能效限定值及能效等级,https://openstd.samr.gov.cn/bzgk/std/newGbInfo?hcno=D5CF87EDA655CE977D8CAAAE2CEA0A8E,N/A
CHNPRFMEBI01S000,工具,绩效标准,建筑最低能源绩效标准（MEPS）,建筑,新建建筑；既有建筑改造；可再生能源建筑应用,建筑节能与可再生能源利用通用规范,General Code for Energy Efficiency and Renewable Energy Application in Buildings,N/A,GB 55015-2021《建筑节能与可再生能源利用通用规范》（住房和城乡建设部公告2021年第173号）是全文强制性工程建设规范，适用于新建、扩建和改建的民用建筑和工业建筑的节能设计、施工、验收及运行管理，以及可再生能源建筑应用系统的设计、施工、验收及运行管理。该规范替代了多部既有建筑节能标准中的强制性条文，作为建筑节能领域的技术法规，所有新建建筑必须遵守其规定方可通过施工图审查和竣工验收。规范涵盖建筑围护结构热工性能（传热系数、遮阳系数）、供暖通风与空调系统能效（冷热源机组COP/EER）、照明功率密度（LPD）、生活热水系统能效、建筑整体能耗限额和碳排放计算，以及太阳能热水、太阳能光伏、地源热泵等可再生能源系统应用的最低要求。规范要求新建居住建筑和公共建筑平均设计能耗水平在2016年基础上分别降低30%和20%，新建建筑碳排放强度平均降低7kgCO₂/(m²·a)以上。2022年4月1日起实施。,提高能效；减少能耗,直接,供给侧,中国,国家,N/A,08/09/2021,01/04/2022,N/A,N/A,N/A,生效,住房和城乡建设部；国家市场监督管理总局；国家标准化管理委员会,新建、扩建和改建的民用建筑和工业建筑,新建；既有,民用建筑（居住建筑和公共建筑，包括办公建筑、学校、医院、商业建筑、酒店等）和工业建筑（厂房、仓库等）的建筑围护结构（外墙、屋顶、外窗、幕墙）、供暖通风与空调系统、照明系统、生活热水系统、可再生能源系统（太阳能热水、太阳能光伏、地源热泵等）以及建筑整体能耗和碳排放水平。,N/A,N/A,企业；政府,建筑建设单位（开发商）、设计单位、施工单位、监理单位、施工图审查机构和建筑业主（包括公共机构建筑的政府业主）。,新建；改建；扩建；运行,新建、扩建和改建民用建筑和工业建筑的节能设计、施工图审查、施工、竣工验收以及运行维护。建筑须符合规范规定的围护结构热工性能（传热系数、遮阳系数）、用能系统能效（冷热源机组COP/EER、输配系统效率）、照明功率密度（LPD）和可再生能源最低应用比例等强制性要求，方可通过施工图审查和竣工验收。运行阶段须进行建筑能耗和碳排放统计报告。,N/A,N/A,规范设置多项强制性绩效指标：1) 围护结构热工性能（屋面、外墙、外窗、幕墙传热系数限值）；2) 供暖通风与空调系统冷热源机组能效限值（COP/EER）；3) 照明系统功率密度（LPD）限值；4) 建筑能耗和碳排放限额指标；5) 可再生能源最低应用比例（新建建筑应安装太阳能系统；建筑面积≥2万m²的新建公共建筑和≥10万m²的新建居住建筑应安装地源热泵系统或采用其他可再生能源）。各项指标限值因气候区和建筑类型而异，详见规范附录。,1) 新建、扩建和改建建筑须符合规范的强制性节能设计要求；2) 建筑围护结构热工性能（屋面、外墙、外窗、幕墙传热系数）须满足规范限值；3) 供暖、通风与空调系统冷热源机组能效不低于规范限值；4) 照明系统功率密度须满足规范规定的强制性要求；5) 新建建筑应安装太阳能系统（太阳能热水、太阳能光伏或太阳能热利用）；6) 建筑面积≥2万m²的新建公共建筑和≥10万m²的新建居住建筑应安装地源热泵系统或采用其他可再生能源；7) 建筑能耗和碳排放须进行强制性计算并满足限额指标；8) 建设项目可行性研究报告、建设方案和初步设计文件必须包含建筑碳排放分析报告。,N/A,N/A,政府机构开展的监督检查或第三方审计,住房和城乡建设主管部门通过施工图审查和竣工验收制度对建筑节能强制性标准的执行情况进行监督。施工图审查机构对设计文件是否符合规范强制性条文进行审查；工程质量监督机构对施工过程是否符合节能设计进行监督；竣工验收时对建筑节能和可再生能源应用系统的实际性能进行核验。,合规命令；罚款,对违反强制性工程建设规范的建设单位、设计单位、施工单位，由住房和城乡建设主管部门责令改正，处以罚款；情节严重的，责令停业整顿，降低资质等级或吊销资质证书。对未按规范进行节能设计和施工导致建筑能耗超标的，依法追究相关单位和人员责任。,其他激励或支持,国家鼓励高于规范最低要求的更高水平建筑节能和可再生能源应用；通过绿色建筑标识认证、政府绿色采购、建筑节能改造补贴等措施引导市场提高建筑能效水平；鼓励近零能耗建筑、超低能耗建筑和零碳建筑的发展。,24.7亿吨CO₂（来源：中国建筑节能协会、重庆大学《中国城乡建设领域碳排放研究报告（2025）》，2026年2月发布；2024年民用建筑运行碳排放数据；该规范为全文强制性工程建设规范，适用于全部新建、扩建和改建民用与工业建筑）,22.1%（来源：同上；占全国能源相关碳排放比例；该规范为全文强制性工程建设规范，覆盖全部新建及改建民用与工业建筑）,F41; F42; F43; M71; M72,CO2,正向,能效提升；可再生能源发展,GB 55015-2021 建筑节能与可再生能源利用通用规范,https://www.mohurd.gov.cn/gongkai/zc/wjk/art/2021/art_17339_762460.html,N/A
CHNPRFMEBI02S000,工具,绩效标准,建筑最低能源绩效标准（MEPS）,建筑,数据中心；信息通信基础设施,数据中心能效限定值及能效等级,Minimum Allowable Values of Energy Efficiency and Energy Efficiency Grades for Data Centers,N/A,GB 40879-2021《数据中心能效限定值及能效等级》规定了数据中心的能效等级、能效限定值和试验方法，适用于新建及改扩建的采用独立配电、空气冷却、电动空调的数据中心建筑单体或模块单元，不适用于边缘数据中心（单体规模不超过100个标准机架）。该标准于2021年10月11日发布，2022年11月1日实施。标准将数据中心能效分为三级：1级（PUE ≤ 1.20，最高能效）、2级（PUE ≤ 1.30）、3级（PUE ≤ 1.50，能效限定值即强制市场准入门槛）。所有新建和既有数据中心须达到不低于3级（PUE ≤ 1.50）的能效限定值要求方可运营。该标准是中国数据中心行业能耗管控的核心强制性国家标准，支撑'东数西算'工程和新型数据中心高质量发展。该标准已有修订计划（计划号20251056-Q-469，2025年4月30日下达），正在起草修订版。,提高能效；减少能耗,直接,供给侧,中国,国家,N/A,11/10/2021,01/11/2022,N/A,N/A,2025年4月30日，国家标准化管理委员会下达修订计划（计划号20251056-Q-469），主要起草单位为中国标准化研究院、中国信息通信研究院、中国移动通信集团有限公司等，项目周期19个月，目前处于起草阶段。,生效,国家市场监督管理总局；国家标准化管理委员会；工业和信息化部,数据中心,新建；既有,新建及改扩建的数据中心建筑单体或模块单元，采用独立配电、空气冷却、电动空调。包括企业自用数据中心、互联网数据中心（IDC）、云数据中心等。不适用于单体规模不超过100个标准机架的边缘数据中心。管控指标为电能使用效率（PUE = 数据中心总耗电量 / 信息设备耗电量），统计期为12个月加权平均值。,N/A,PUE ≤ 1.50（3级，能效限定值）；PUE ≤ 1.30（2级）；PUE ≤ 1.20（1级）,企业；政府,数据中心运营企业（包括电信运营商、互联网企业、云服务提供商和第三方IDC运营商），以及政府机构和事业单位自建数据中心的运维部门。,新建；运行,新建及改扩建数据中心的能效设计和既有数据中心的运行。新建数据中心在设计阶段须进行PUE预评估；既有数据中心须通过运行优化使PUE达到不低于3级的要求。数据中心PUE的测量和计算方法按照标准附录A执行。采用其他非电空调设备的数据中心可参照执行。,3级（PUE ≤ 1.50）,能效等级（PUE）,数据中心能效分为3个等级：3级为能效限定值即强制市场准入门槛（PUE ≤ 1.50），2级为较高能效水平（PUE ≤ 1.30），1级为最高能效水平（PUE ≤ 1.20）。PUE = 数据中心总耗电量 / 信息设备耗电量，按12个月加权平均值计算，测量范围包括数据中心全部用电（IT设备、空调系统、供配电系统、照明等）。,1) 新建及改扩建数据中心须达到不低于3级能效（PUE ≤ 1.50）方可运营；2) 鼓励达到1级（PUE ≤ 1.20）或2级（PUE ≤ 1.30）能效水平；3) PUE值按12个月加权平均值计算；4) PUE测量范围包括数据中心全部用电（IT设备、空调系统、供配电系统、照明等）；5) 数据中心须定期向主管部门报告PUE数据；6) 不适用于单体规模不超过100个标准机架的边缘数据中心。,电能使用效率（PUE）= 数据中心总耗电量 / 信息设备耗电量（按标准附录A方法测量计算）,N/A,政府机构开展的监督检查或第三方审计,工业和信息化主管部门会同市场监督管理部门对数据中心能效进行监督检查，包括定期PUE数据报告审核、现场PUE测量核验、新建数据中心的能效设计审查和竣工验收PUE测试等。PUE按12个月加权平均值考核，测量和计算方法按照标准附录A执行。,合规命令；罚款,对PUE超过限定值的数据中心，由工业和信息化主管部门责令限期整改；逾期不整改或整改后仍不达标的，处以罚款并限制其新建项目审批；情节严重的，责令关闭或迁移。,其他激励或支持,国家鼓励建设1级和2级高能效数据中心；对PUE低于1.30的数据中心在'东数西算'枢纽节点优先安排用能指标；鼓励使用自然冷源、液冷、芯片级制冷等先进节能技术；工业和信息化部发布《新型数据中心发展三年行动计划》推动绿色数据中心建设。,0.859亿吨CO₂（来源：中国信息通信研究院《绿色算力发展研究报告（2025年）》，2024年数据中心用电相关碳排放；标准适用于除单体规模不超过100个标准机架边缘数据中心外的全部新建及既有数据中心）,约1.68%（来源：同上；数据中心用电占全社会用电量比例；标准适用于除边缘数据中心外的全部数据中心）,J61; J63,CO2,正向,能效提升；能源消耗减少；绿色产业发展,GB 40879-2021 数据中心能效限定值及能效等级,https://openstd.samr.gov.cn/bzgk/std/newGbInfo?hcno=4AAF5CA9387980A1FEA1FA47ABA503BA,N/A
CHNPRFMWHI01S000,工具,绩效标准,热水系统最低能源绩效标准（MEPS）,建筑,建筑热水,家用太阳能热水系统能效限定值及能效等级,Minimum Allowable Values of Energy Efficiency and Energy Efficiency Grades for Domestic Solar Water Heating Systems,N/A,GB 26969-2011《家用太阳能热水系统能效限定值及能效等级》是强制性国家标准，于2011年7月19日发布，2012年8月1日实施。适用于贮热水箱容积不大于0.6 m³的家用太阳能热水系统。能效等级分为3级（1级最高），3级为能效限定值即强制市场准入门槛。新版GB 26969-2025已于2025年8月1日发布，将于2026年8月1日实施并替代GB 26969-2011。,提高家用太阳能热水系统能效；减少建筑热水用能,直接,供给侧,中国,国家,N/A,19/07/2011,01/08/2012,N/A,01/08/2025,2025年8月1日发布GB 26969-2025替代GB 26969-2011，将于2026年8月1日实施。新版标准更新了能效等级指标和试验方法。,生效,国家市场监督管理总局；国家标准化管理委员会,家用太阳能热水系统,新建,贮热水箱容积不大于0.6 m³的太阳能热水系统。,N/A,N/A,企业,在中国境内生产、进口或销售家用太阳能热水系统的生产企业和进口商。,生产；销售；进口,家用太阳能热水系统的生产、进口和销售活动。产品须达到标准规定的能效限定值方可进入市场。,3级,能效等级,能效等级分为3级（1级最高），3级为能效限定值即市场准入最低要求。以日有用得热量和平均热损因数为评价指标，按贮热水箱容积分级设定限值。,1）家用太阳能热水系统须达到标准规定的能效限定值（3级）方可生产、进口或销售；2）产品须标注能效等级标识；3）能效等级分为1级（最高）、2级、3级，3级为市场准入最低要求。,N/A,N/A,政府机构开展的监督检查,市场监督管理部门对家用太阳能热水系统产品进行能效标识监督检查和产品质量监督抽查。,合规命令；罚款,对生产、进口、销售不符合强制性能效标准的家用太阳能热水系统产品的，由市场监督管理部门责令停止生产、进口、销售，没收违法所得，并处罚款；情节严重的，吊销营业执照。,其他激励或支持,国家鼓励生产和使用1级、2级高效家用太阳能热水系统；通过节能产品认证和可再生能源建筑应用推广引导高效太阳能热水产品市场应用。,N/A,N/A,C27,CO2,正向,太阳能热水利用；建筑热水用能减少；可再生能源建筑应用推广,GB 26969-2011 家用太阳能热水系统能效限定值及能效等级,https://openstd.samr.gov.cn/bzgk/std/newGbInfo?hcno=1A15DA50EE92BFDCC34B5B269E68292B,GB 26969-2025（新版，2026年8月1日实施）：https://openstd.samr.gov.cn/bzgk/std/newGbInfo?hcno=509A441DA661725B635FFAC80723E2FA
CHNPRFMWHI02S000,工具,绩效标准,热水系统最低能源绩效标准（MEPS）,建筑,建筑热水；建筑供暖,家用燃气快速热水器和燃气采暖热水炉能效限定值及能效等级,Minimum Allowable Values of Energy Efficiency and Energy Efficiency Grades for Domestic Gas Instantaneous Water Heaters and Gas Fired Heating and Hot Water Combi-Boilers,N/A,GB 20665-2015《家用燃气快速热水器和燃气采暖热水炉能效限定值及能效等级》是强制性国家标准，于2015年5月15日发布，2016年6月1日实施，替代GB 20665-2006。适用于仅以燃气作为能源、热负荷不大于70 kW的家用燃气快速热水器（含冷凝式）和燃气采暖热水炉（含冷凝式燃气暖浴两用炉）。不适用于燃气容积式热水器。能效等级分为3级（1级最高），3级为能效限定值即强制市场准入门槛。,提高家用燃气热水器和采暖热水炉能效；减少建筑热水和供暖用气,直接,供给侧,中国,国家,N/A,01/06/2006,01/01/2007,N/A,15/05/2015,2015年5月15日发布GB 20665-2015替代GB 20665-2006，能效等级指标由固定单一限值改为限定较大值下限和较小值下限。,生效,国家市场监督管理总局；国家标准化管理委员会,家用燃气快速热水器和燃气采暖热水炉,新建,仅以燃气作为能源、热负荷不大于70 kW的家用燃气快速热水器（含冷凝式）和燃气采暖热水炉（含冷凝式燃气暖浴两用炉）。不适用于燃气容积式热水器。,N/A,N/A,企业,在中国境内生产、进口或销售家用燃气快速热水器和燃气采暖热水炉的生产企业和进口商。,生产；销售；进口,家用燃气快速热水器和燃气采暖热水炉的生产、进口和销售活动。产品须达到标准规定的能效限定值方可进入市场。,3级,能效等级,能效等级分为3级（1级最高），3级为能效限定值即市场准入最低要求。以热效率（%）为评价指标，按产品类型和额定热负荷分级设定热水和供暖热效率限值。,1）家用燃气快速热水器和燃气采暖热水炉须达到标准规定的能效限定值（3级）方可生产、进口或销售；2）产品须标注能效等级标识；3）能效等级分为1级（最高）、2级、3级，3级为市场准入最低要求。,N/A,N/A,政府机构开展的监督检查,市场监督管理部门对家用燃气快速热水器和燃气采暖热水炉产品进行能效标识监督检查和产品质量监督抽查。,合规命令；罚款,对生产、进口、销售不符合强制性能效标准的家用燃气快速热水器和燃气采暖热水炉产品的，由市场监督管理部门责令停止生产、进口、销售，没收违法所得，并处罚款；情节严重的，吊销营业执照。,其他激励或支持,国家鼓励生产和使用1级、2级高效燃气热水器和采暖炉；通过节能产品认证引导高效燃气具市场推广。,N/A,N/A,C27,CO2,正向,燃气热水和供暖能效提升；建筑用气减少；高效燃气具产业升级,GB 20665-2015 家用燃气快速热水器和燃气采暖热水炉能效限定值及能效等级,https://openstd.samr.gov.cn/bzgk/std/newGbInfo?hcno=75D38814EF3EE95E56E53DC00CF759C6,GB 20665-2006（旧版）：https://openstd.samr.gov.cn/bzgk/std/newGbInfo?hcno=D64EC2F5A23E36B0BC4B8B9E1E8E391A
CHNPRFMWHI03S000,工具,绩效标准,热水系统最低能源绩效标准（MEPS）,建筑,建筑热水,热泵热水机（器）能效限定值及能效等级,Minimum Allowable Values of Energy Efficiency and Energy Efficiency Grades for Heat Pump Water Heaters,N/A,GB 29541-2013《热泵热水机（器）能效限定值及能效等级》是强制性国家标准，于2013年6月9日发布，2013年10月1日实施。适用于以电动机驱动、采用蒸气压缩制冷循环、以空气为热源、提供热水为目的的热水机（器），暂不适用于水源式热泵热水机（器）。能效等级分为5级（1级最高），5级为能效限定值即强制市场准入门槛。,提高热泵热水机（器）能效；减少建筑热水用能,直接,供给侧,中国,国家,N/A,09/06/2013,01/10/2013,N/A,N/A,N/A,生效,国家市场监督管理总局；国家标准化管理委员会,热泵热水机（器）,新建,以电动机驱动、采用蒸气压缩制冷循环、以空气为热源、提供热水为目的的热水机（器）。暂不适用于水源式热泵热水机（器）。,N/A,N/A,企业,在中国境内生产、进口或销售热泵热水机（器）的生产企业和进口商。,生产；销售；进口,热泵热水机（器）的生产、进口和销售活动。产品须达到标准规定的能效限定值方可进入市场。,5级,能效等级,能效等级分为5级（1级最高），5级为能效限定值即市场准入最低要求。以性能系数（COP）为评价指标，按产品类型（一次加热式/循环加热式/静态加热式）和制热量分级设定限值。,1）热泵热水机（器）须达到标准规定的能效限定值（5级）方可生产、进口或销售；2）产品须标注能效等级标识；3）能效等级分为1级（最高）至5级，5级为市场准入最低要求。,N/A,N/A,政府机构开展的监督检查,市场监督管理部门对热泵热水机（器）产品进行能效标识监督检查和产品质量监督抽查。,合规命令；罚款,对生产、进口、销售不符合强制性能效标准的热泵热水机（器）产品的，由市场监督管理部门责令停止生产、进口、销售，没收违法所得，并处罚款；情节严重的，吊销营业执照。,其他激励或支持,国家鼓励生产和使用1级、2级高效热泵热水机（器）；通过节能产品认证引导高效热泵热水产品市场推广。,N/A,N/A,C27,CO2,正向,空气能热泵热水利用；建筑热水用能减少；高效热泵产业升级,GB 29541-2013 热泵热水机（器）能效限定值及能效等级,https://openstd.samr.gov.cn/bzgk/std/newGbInfo?hcno=7126B1BAD015F37BAFBFE1EC5242B55C,N/A
CHNPRFMWHI04S000,工具,绩效标准,热水系统最低能源绩效标准（MEPS）,建筑,建筑热水,储水式电热水器能效限定值及能效等级,Minimum Allowable Values of Energy Efficiency and Energy Efficiency Grades for Electrical Storage Water Heaters,N/A,GB 21519-2008《储水式电热水器能效限定值及能效等级》是强制性国家标准，于2008年4月1日发布，2008年11月1日实施。适用于储水式电热水器。以24h固有能耗系数和热水输出率为评价指标，能效等级分为5级（1级最高），5级为能效限定值即强制市场准入门槛。,提高储水式电热水器能效；减少建筑热水用电,直接,供给侧,中国,国家,N/A,01/04/2008,01/11/2008,N/A,N/A,N/A,生效,国家市场监督管理总局；国家标准化管理委员会,储水式电热水器,新建,储水式电热水器产品。,N/A,N/A,企业,在中国境内生产、进口或销售储水式电热水器的生产企业和进口商。,生产；销售；进口,储水式电热水器的生产、进口和销售活动。产品须达到标准规定的能效限定值方可进入市场。,5级,能效等级,能效等级分为5级（1级最高），5级为能效限定值即市场准入最低要求。以24h固有能耗系数和热水输出率为评价指标，按额定容量分级设定限值。,1）储水式电热水器须达到标准规定的能效限定值（5级）方可生产、进口或销售；2）产品须标注能效等级标识；3）能效等级分为1级（最高）至5级，5级为市场准入最低要求。,N/A,N/A,政府机构开展的监督检查,市场监督管理部门对储水式电热水器产品进行能效标识监督检查和产品质量监督抽查。,合规命令；罚款,对生产、进口、销售不符合强制性能效标准的储水式电热水器产品的，由市场监督管理部门责令停止生产、进口、销售，没收违法所得，并处罚款；情节严重的，吊销营业执照。,其他激励或支持,国家鼓励生产和使用1级、2级高效储水式电热水器；通过节能产品认证引导高效电热水器市场推广。,N/A,N/A,C27,CO2,正向,电热水器能效提升；居民用电减少；高效家电产业升级,GB 21519-2008 储水式电热水器能效限定值及能效等级,https://openstd.samr.gov.cn/bzgk/std/newGbInfo?hcno=3A2D24067F5907267BE8B16C96A650DB,N/A
CHNPRFMECI01S000,工具,绩效标准,烹饪系统最低能源绩效标准（MEPS）,建筑,家用厨房；商用厨房,家用和类似用途厨房电器能效限定值及能效等级,Minimum Allowable Values of Energy Efficiency and Energy Efficiency Grades for Household and Similar Kitchen Appliances,N/A,GB 21456-2024《家用和类似用途厨房电器能效限定值及能效等级》是强制性国家标准，于2024年8月23日发布，2025年9月1日实施。该标准整合替代了GB 21456-2014（电磁灶）、GB 12021.6-2017（电饭锅）、GB 24849-2017（微波炉）、GB 39177-2020（电压力锅）四项旧标准，统一规定了六类家用及类似用途厨房电器的能效等级、能效限定值和试验方法。标准适用范围包括：电饭锅（额定功率≤2200W）、电压力锅（容积≤10L）、电炖锅及电炖盅（额定功率≤2200W）、电水壶（无自动注水功能）、电磁灶（每个加热单元700W~3500W）、微波炉（最大输入功率≤2500W，含组合型）。不适用于商用电磁灶、工频电磁灶和凹灶、商用/工业微波炉、带抽油烟机的微波炉。所有产品能效等级统一分为三级（1级最高），3级为能效限定值即市场准入门槛。各品类热效率能效限定值（3级）为：电饭锅73%~80%（因功率而异）、电压力锅60%~72%（因容积而异）、电炖锅40%~80%（因功率而异）、电水壶≥80%、电磁灶≥84%或≥86%（因加热单元功率和线圈类型而异）、微波炉≥54%。标准新增电炖锅/电炖盅和电水壶的能效要求，填补了此前标准空白。标准由全国能源基础与管理标准化技术委员会（SAC/TC20）归口，中国标准化研究院牵头联合67家单位起草。,提高能效；减少能耗,直接,供给侧,中国,国家,N/A,18/02/2008,01/09/2008,N/A,23/08/2024,2024年8月23日发布GB 21456-2024替代GB 21456-2014，整合4项旧标准（GB 21456-2014、GB 12021.6-2017、GB 24849-2017、GB 39177-2020），统一覆盖6类厨房电器，能效等级由5级调整为3级，新增电炖锅/电炖盅和电水壶的能效要求,生效,国家市场监督管理总局；国家标准化管理委员会,家用和类似用途厨房电器,新建,六类家用及类似用途厨房电器，额定电压不超过交流250V：1）电饭锅（额定功率≤2200W）；2）电压力锅（额定功率≤2200W，容积≤10L，蒸煮压力40kPa~140kPa表压）；3）电炖锅及电炖盅（额定功率≤2200W）；4）电水壶（无自动注水功能）；5）电磁灶（每个加热单元额定功率700W~3500W）；6）微波炉（含组合型，最大额定输入功率≤2500W）。不适用于商用电磁灶、工频电磁灶和凹灶、商用/工业微波炉、带抽油烟机的微波炉。,N/A,N/A,企业,在中国境内生产、进口或销售上述六类厨房电器产品的生产企业和进口商。,生产；销售；进口,上述六类厨房电器产品的生产、进口和销售活动。产品须达到标准规定的能效限定值（3级）方可进入市场。,3级,能效等级,各类厨房电器最低能效须达到3级能效限定值方可进入市场；1级和2级为自愿性更高能效等级。各品类3级热效率限定值：电饭锅73%~80%（因功率而异），电压力锅60%~72%（因容积而异），电炖锅40%~80%（因功率而异），电水壶≥80%，电磁灶≥84%或≥86%（因加热单元而异），微波炉≥54%。1级产品待机功率普遍要求≤1.0W（无网络模式）。,1）上述六类厨房电器须达到标准规定的能效限定值（3级）方可生产、进口或销售；2）产品须标注能效等级标识；3）能效等级分为1级（最高）、2级、3级，3级为市场准入最低要求；4）各品类具体要求因产品类型、功率、容积等参数而异，详见标准正文。,N/A,N/A,政府机构开展的监督检查,市场监督管理部门对厨房电器产品进行能效标识监督检查和产品质量监督抽查。检查内容包括能效等级标注的准确性、产品实际能效是否符合标称等级、是否符合强制性能效限定值要求等。,合规命令；罚款,对生产、进口、销售不符合强制性能效标准的厨房电器产品的，由市场监督管理部门责令停止生产、进口、销售，没收违法所得，并处罚款；情节严重的，吊销营业执照。,其他激励或支持,国家鼓励生产和使用1级、2级高效厨房电器产品；通过节能产品认证、政府绿色采购等措施引导高效厨房电器市场推广。,N/A,N/A,C27,CO2,正向,能效提升；能源消耗减少；绿色产业发展,GB 21456-2024 家用和类似用途厨房电器能效限定值及能效等级,https://openstd.samr.gov.cn/bzgk/std/newGbInfo?hcno=F966E2FC4C7AB718356847B0DB1045E4,https://openstd.samr.gov.cn/bzgk/gb/newGbInfo?hcno=52B4F1B4AF23FC48DB20AD0A3EA935A4(GB 21456-2014)
CHNPRFMECI02S000,工具,绩效标准,烹饪系统最低能源绩效标准（MEPS）,建筑,商用厨房；餐饮服务,商用电磁灶能效限定值及能效等级,Minimum Allowable Values of Energy Efficiency and Energy Efficiency Grades for Commercial Induction Cookers,N/A,GB 40876-2021《商用电磁灶能效限定值及能效等级》是强制性国家标准，于2021年10月11日发布，2022年11月1日实施。该标准适用于单个或多个加热单元的商用电磁灶，单个加热单元额定功率≤35kW，额定电压≤450V。不适用于家用电磁灶、特殊环境（腐蚀性/易爆）电磁灶、室外用电磁灶等。标准将商用电磁灶加热单元能效等级分为三级（1级最高），3级为能效限定值即强制市场准入门槛。热效率要求因加热单元功率而异：<8kW的3级≥86%、2级≥88%、1级≥90%；8kW~<18kW的3级≥88%、2级≥90%、1级≥92%；18kW~35kW的3级≥90%、2级≥92%、1级≥94%。多个加热单元的电磁灶以各加热单元中最低能效等级作为整机能效等级。该标准是商用电磁灶领域首个能效强制性国家标准，填补了该品类能效监管的空白。标准由全国能源基础与管理标准化技术委员会（SAC/TC20）归口，中华全国工商业联合会厨具业商会、中国标准化研究院等30余家单位起草。,提高能效；减少能耗,直接,供给侧,中国,国家,N/A,11/10/2021,01/11/2022,N/A,N/A,N/A,生效,国家市场监督管理总局；国家标准化管理委员会,商用电磁灶,新建,单个或多个加热单元的商用电磁灶，单个加热单元额定功率≤35kW，额定电压≤450V。包括平头炉、煲仔炉、煮面炉、海鲜蒸柜等商用电磁灶产品。不适用于家用电磁灶、特殊环境（腐蚀性/易爆气体）用电磁灶、室外用电磁灶等。,N/A,N/A,企业,在中国境内生产、进口或销售商用电磁灶产品的生产企业和进口商。,生产；销售；进口,商用电磁灶产品的生产、进口和销售活动。产品须达到标准规定的能效限定值方可进入市场。,3级,能效等级（热效率）,商用电磁灶加热单元热效率能效等级分为三级（1级最高）：<8kW：1级≥90%、2级≥88%、3级（限定值）≥86%；8kW~<18kW：1级≥92%、2级≥90%、3级（限定值）≥88%；18kW~35kW：1级≥94%、2级≥92%、3级（限定值）≥90%。多加热单元产品以最低能效等级作为整机能效等级。3级为能效限定值即强制市场准入门槛。,1）商用电磁灶须达到标准规定的能效限定值（3级）方可生产、进口或销售；2）产品须标注能效等级标识；3）能效等级分为1级（最高）、2级、3级，3级为市场准入最低要求；4）多加热单元产品以最低能效等级作为整机能效等级。,N/A,N/A,政府机构开展的监督检查,市场监督管理部门对商用电磁灶产品进行能效标识监督检查和产品质量监督抽查。检查内容包括能效等级标注的准确性、产品实际热效率是否符合标称等级等。,合规命令；罚款,对生产、进口、销售不符合强制性能效标准的商用电磁灶产品的，由市场监督管理部门责令停止生产、进口、销售，没收违法所得，并处罚款；情节严重的，吊销营业执照。,其他激励或支持,国家鼓励生产和使用1级、2级高效商用电磁灶产品；通过节能产品认证、政府绿色采购等措施引导高效商用厨房设备市场推广。,N/A,N/A,C27; I56,CO2,正向,能效提升；能源消耗减少；绿色产业发展,GB 40876-2021 商用电磁灶能效限定值及能效等级,https://openstd.samr.gov.cn/bzgk/std/newGbInfo?hcno=F41CB500B7F8DABB9EA55F2A29AD326B,N/A
CHNPRFMECI03S000,工具,绩效标准,烹饪系统最低能源绩效标准（MEPS）,建筑,家用厨房；商用厨房；餐饮服务,燃气灶具能效限定值及能效等级,Minimum Allowable Values of Energy Efficiency and Energy Efficiency Grades for Gas Cooking Appliances,N/A,GB 30720-2025《燃气灶具能效限定值及能效等级》是强制性国家标准，于2025年2月28日发布，2026年3月1日实施。该标准整合替代了GB 30720-2014《家用燃气灶具能效限定值及能效等级》和GB 30531-2014《商用燃气灶具能效限定值及能效等级》，实现家用与商用燃气灶具能效标准的统一。标准适用范围包括：家用燃气灶（嵌入式/台式，单个燃烧器额定热负荷≤5.23kW）、家用集成灶（单个燃烧器额定热负荷≤5.23kW）；商用炒菜灶（额定热负荷≤60kW）、商用大锅灶（额定热负荷≤80kW）、商用蒸箱及蒸汽发生器（额定热负荷≤80kW）。不适用于交通工具中使用的燃气灶具。能效等级统一分为三级（1级最高），3级为能效限定值即强制市场准入门槛。家用灶具热效率限定值（3级）：嵌入式/台式≥60%，集成灶≥60%；1级：嵌入式/台式≥68%，集成灶≥65%。商用灶具热效率限定值（3级）：炒菜灶≥27%、大锅灶≥50%、蒸箱≥70%；1级：炒菜灶≥50%、大锅灶≥75%、蒸箱≥94%。新标准统一了家商用灶具的能效评价体系，较旧标准各等级热效率均有提升。,提高能效；减少能耗,直接,供给侧,中国,国家,N/A,27/03/2014,01/04/2015,N/A,28/02/2025,2025年2月28日发布GB 30720-2025整合替代GB 30720-2014（家用燃气灶）和GB 30531-2014（商用燃气灶），统一家用与商用燃气灶能效评价体系，各等级热效率均有提升,生效,国家市场监督管理总局；国家标准化管理委员会,燃气灶具,新建,家用燃气灶具：嵌入式/台式燃气灶和集成灶，使用城镇燃气，单个燃烧器额定热负荷≤5.23kW。商用燃气灶具：炒菜灶（额定热负荷≤60kW）、大锅灶（额定热负荷≤80kW）、蒸箱及蒸汽发生器（水胆式/蒸汽发生式，额定热负荷≤80kW）。使用城镇燃气（天然气、液化石油气、人工煤气）。不适用于交通工具中使用的燃气灶具。,N/A,N/A,企业,在中国境内生产、进口或销售家用和商用燃气灶具产品的生产企业和进口商。,生产；销售；进口,家用和商用燃气灶具产品的生产、进口和销售活动。产品须达到标准规定的能效限定值方可进入市场。,3级,能效等级（热效率）,燃气灶具热效率能效等级分为三级（1级最高）：家用嵌入式/台式：1级≥68%、2级≥64%、3级（限定值）≥60%；家用集成灶：1级≥65%、2级≥63%、3级（限定值）≥60%；商用炒菜灶：1级≥50%、2级≥45%、3级（限定值）≥27%；商用大锅灶：1级≥75%、2级≥65%、3级（限定值）≥50%；商用蒸箱：1级≥94%、2级≥85%、3级（限定值）≥70%。3级为能效限定值即强制市场准入门槛，不低于该等级方可出厂销售。较旧标准（GB 30720-2014、GB 30531-2014）各等级热效率均有提升。,1）家用和商用燃气灶具须达到标准规定的能效限定值（3级）方可生产、进口或销售；2）产品须标注能效等级标识；3）能效等级分为1级（最高）、2级、3级，3级为市场准入最低要求；4）各品类具体要求因灶具类型和额定热负荷而异，详见标准正文。,N/A,N/A,政府机构开展的监督检查,市场监督管理部门对燃气灶具产品进行能效标识监督检查和产品质量监督抽查。检查内容包括能效等级标注的准确性、产品实际热效率是否符合标称等级等。,合规命令；罚款,对生产、进口、销售不符合强制性能效标准的燃气灶具产品的，由市场监督管理部门责令停止生产、进口、销售，没收违法所得，并处罚款；情节严重的，吊销营业执照。,其他激励或支持,国家鼓励生产和使用1级、2级高效燃气灶具产品；通过节能产品认证、政府绿色采购等措施引导高效燃气灶具市场推广。,N/A,N/A,C27; I56,CO2,正向,能效提升；能源消耗减少；绿色产业发展,GB 30720-2025 燃气灶具能效限定值及能效等级,https://openstd.samr.gov.cn/bzgk/std/newGbInfo?hcno=A08D277916FB2DA497FD348DD124C148,https://openstd.samr.gov.cn/bzgk/std/newGbInfo?hcno=6AAE80A07698D1E42B6C8ED512D84868(GB 30720-2014); https://openstd.samr.gov.cn/bzgk/gb/newGbInfo?hcno=DF575E5EED1AD054D11FD3ACAC964190 (GB 30531-2014)
CHNPRFMELI01S000,工具,绩效标准,照明系统最低能源绩效标准（MEPS）,建筑,普通照明；荧光灯产品,普通照明用荧光灯能效限定值及能效等级,Minimum Allowable Values of Energy Efficiency and Energy Efficiency Grades of Fluorescent Lamps for General Lighting,N/A,GB 19044-2022《普通照明用荧光灯能效限定值及能效等级》是强制性国家标准，于2022年12月29日发布，2024年1月1日实施，替代GB 19044-2013等五项旧标准。适用于普通照明用荧光灯（包括自镇流荧光灯、双端荧光灯、单端荧光灯、单端无极荧光灯和自镇流无极荧光灯）的能效限定值及能效等级评定。能效等级分为3级（1级最高），3级为能效限定值即强制市场准入门槛。,提高能效；减少能耗,直接,供给侧,中国,国家,N/A,09/06/2013,01/10/2013,N/A,29/12/2022,2022年12月29日发布GB 19044-2022替代GB 19044-2013，整合五项荧光灯能效标准，提高各级能效指标,生效,国家市场监督管理总局；国家标准化管理委员会,普通照明用荧光灯,新建,额定电压220V、频率50Hz，适用于家庭和类似场合普通照明用的自镇流荧光灯、双端荧光灯、单端荧光灯、单端无极荧光灯和自镇流无极荧光灯。,N/A,N/A,企业,在中国境内生产、进口或销售普通照明用荧光灯产品的生产企业和进口商。,生产；销售；进口,普通照明用荧光灯产品的生产、进口和销售活动。产品须达到标准规定的能效限定值（3级）方可进入市场。,3级,能效等级,荧光灯能效等级分为3级（1级最高），3级为能效限定值即市场准入最低要求。各类荧光灯按光效（lm/W）分级：自镇流荧光灯（3W~60W）3级光效43~65 lm/W；双端荧光灯（15W~80W）3级光效48~70 lm/W；单端荧光灯3级光效45~70 lm/W。,1）普通照明用荧光灯须达到标准规定的能效限定值（3级）方可生产、进口或销售；2）产品须标注能效等级标识；3）能效等级分为1级（最高）、2级、3级，3级为市场准入最低要求。,N/A,N/A,政府机构开展的监督检查,市场监督管理部门对荧光灯产品进行能效标识监督检查和产品质量监督抽查。,合规命令；罚款,对生产、进口、销售不符合强制性能效标准的荧光灯产品的，由市场监督管理部门责令停止生产、进口、销售，没收违法所得，并处罚款；情节严重的，吊销营业执照。,其他激励或支持,国家鼓励生产和使用1级、2级高效荧光灯产品；通过节能产品认证引导高效照明产品市场推广。,N/A,N/A,C27,CO2,正向,能效提升；能源消耗减少；绿色产业发展,GB 19044-2022 普通照明用荧光灯能效限定值及能效等级,https://openstd.samr.gov.cn/bzgk/std/newGbInfo?hcno=BFA70AFB28EC97BD4D037DDB48DD951B,GB 19044-2013（旧版）：https://openstd.samr.gov.cn/bzgk/gb/newGbInfo?hcno=3C402BFF875C000A2582F2FB6029C8C8
CHNPRFMELI02S000,工具,绩效标准,照明系统最低能源绩效标准（MEPS）,建筑；工业,普通照明；气体放电灯配件,普通照明用气体放电灯用镇流器能效限定值及能效等级,Minimum Allowable Values of Energy Efficiency and Energy Efficiency Grades of Ballasts for Gas Discharge Lamps for General Lighting,N/A,GB 17896-2022《普通照明用气体放电灯用镇流器能效限定值及能效等级》是强制性国家标准，于2022年12月29日发布，2024年1月1日实施，替代GB 17896-2012、GB 29143-2012、GB 20053-2015和GB 19574-2004。适用于额定电压220V、频率50Hz交流电源供电的管形荧光灯、单端无极荧光灯、金属卤化物灯和高压钠灯用镇流器的能效等级和能效限定值。能效等级分为3级（1级最高），3级为能效限定值即强制市场准入门槛。,提高能效；减少能耗,直接,供给侧,中国,国家,N/A,11/05/2012,01/09/2012,N/A,29/12/2022,2022年12月29日发布GB 17896-2022替代GB 17896-2012等四项旧标准，扩大适用范围至金属卤化物灯和高压钠灯用镇流器，提高各级能效指标,生效,国家市场监督管理总局；国家标准化管理委员会,气体放电灯用镇流器,新建,额定电压220V、频率50Hz交流电源供电，配合管形荧光灯、单端无极荧光灯、金属卤化物灯和高压钠灯使用的电感镇流器和电子镇流器。,N/A,N/A,企业,在中国境内生产、进口或销售气体放电灯用镇流器产品的生产企业和进口商。,生产；销售；进口,气体放电灯用镇流器产品的生产、进口和销售活动。产品须达到标准规定的能效限定值（3级）方可进入市场。,3级,能效等级,镇流器能效等级分为3级（1级最高），3级为能效限定值即市场准入最低要求。镇流器能效因数（BEF）按灯管类型和功率分级设定，电感镇流器和电子镇流器分别规定不同的能效限定值。,1）气体放电灯用镇流器须达到标准规定的能效限定值（3级）方可生产、进口或销售；2）产品须标注能效等级标识；3）能效等级分为1级（最高）、2级、3级，3级为市场准入最低要求。,N/A,N/A,政府机构开展的监督检查,市场监督管理部门对镇流器产品进行能效标识监督检查和产品质量监督抽查。,合规命令；罚款,对生产、进口、销售不符合强制性能效标准的镇流器产品的，由市场监督管理部门责令停止生产、进口、销售，没收违法所得，并处罚款；情节严重的，吊销营业执照。,其他激励或支持,国家鼓励生产和使用1级、2级高效镇流器产品；通过节能产品认证引导高效照明配件市场推广。,N/A,N/A,C27,CO2,正向,能效提升；能源消耗减少；绿色产业发展,GB 17896-2022 普通照明用气体放电灯用镇流器能效限定值及能效等级,https://openstd.samr.gov.cn/bzgk/std/newGbInfo?hcno=457A4B24896B86FB9B1135B2CE03B358,GB 17896-2012（旧版）：https://openstd.samr.gov.cn/bzgk/std/newGbInfo?hcno=0C3D4E4CE75360322AEE7E63ED3F7711
CHNPRFMELI03S000,工具,绩效标准,照明系统最低能源绩效标准（MEPS）,建筑,普通照明；LED照明产品,普通照明用 LED 平板灯能效限定值及能效等级,Minimum Allowable Values of Energy Efficiency and Energy Efficiency Grades of LED Flat Panel Luminaires for General Lighting,N/A,GB 38450-2019《普通照明用LED平板灯能效限定值及能效等级》是强制性国家标准，于2019年12月31日发布，2021年1月1日实施。适用于以LED为光源，额定电压220V、频率50Hz，厚度不超过85mm的普通照明用LED平板灯（含LED光源及其控制装置，外置控制装置厚度不计入灯具厚度）。不适用于具有耗能的非照明附加功能、具有调光/调色功能或在连续发光面上带有彩色、图案或装饰件的LED平板灯。能效等级分为3级（1级最高），3级为能效限定值即强制市场准入门槛。,提高能效；减少能耗,直接,供给侧,中国,国家,N/A,31/12/2019,01/01/2021,N/A,N/A,N/A,生效,国家市场监督管理总局；国家标准化管理委员会,LED平板灯,新建,以LED为光源，额定电压220V、频率50Hz，厚度不超过85mm的普通照明用LED平板灯（含LED光源及其控制装置）。不适用于具有非照明附加功能、调光/调色功能或带有彩色/图案/装饰件的产品。,N/A,N/A,企业,在中国境内生产、进口或销售LED平板灯产品的生产企业和进口商。,生产；销售；进口,LED平板灯产品的生产、进口和销售活动。产品须达到标准规定的能效限定值（3级）方可进入市场。,3级,能效等级,LED平板灯能效等级分为3级（1级最高），3级为能效限定值即市场准入最低要求。光效（lm/W）按额定功率和色温分级：≤60W暖色（<3500K）3级≥75 lm/W，冷色（≥3500K）3级≥80 lm/W；>60W暖色3级≥85 lm/W，冷色3级≥90 lm/W。,1）LED平板灯须达到标准规定的能效限定值（3级）方可生产、进口或销售；2）产品须标注能效等级标识；3）能效等级分为1级（最高）、2级、3级，3级为市场准入最低要求。,N/A,N/A,政府机构开展的监督检查,市场监督管理部门对LED平板灯产品进行能效标识监督检查和产品质量监督抽查。,合规命令；罚款,对生产、进口、销售不符合强制性能效标准的LED平板灯产品的，由市场监督管理部门责令停止生产、进口、销售，没收违法所得，并处罚款；情节严重的，吊销营业执照。,其他激励或支持,国家鼓励生产和使用1级、2级高效LED平板灯产品；通过节能产品认证引导高效LED照明产品市场推广。,N/A,N/A,C27,CO2,正向,能效提升；能源消耗减少；绿色产业发展,GB 38450-2019 普通照明用LED平板灯能效限定值及能效等级,https://openstd.samr.gov.cn/bzgk/std/newGbInfo?hcno=0A491803E2AE7670CD30ABB7049EF1F6,N/A
CHNPRFMELI04S000,工具,绩效标准,照明系统最低能源绩效标准（MEPS）,建筑,室内照明；LED照明产品,室内照明用 LED 产品能效限定值及能效等级,Minimum Allowable Values of Energy Efficiency and Energy Efficiency Grades of LED Products for Indoor Lighting,N/A,GB 30255-2019《室内照明用LED产品能效限定值及能效等级》是强制性国家标准，于2019年4月4日发布，2020年11月1日实施，替代GB 30255-2013。适用于LED筒灯（光束角>60°）、定向集成式LED灯（PAR16/PAR20/PAR30/PAR38系列，灯头GU10/B22/E14/E27）、非定向自镇流LED灯（2W~60W）。不适用于具有调光/调色功能或非照明附加功能的产品。能效等级分为3级（1级最高），3级为能效限定值即强制市场准入门槛。新版GB 30255-2026已发布（2026年2月27日），将于2027年9月1日实施，扩大产品范围并提高能效要求。,提高能效；减少能耗,直接,供给侧,中国,国家,N/A,18/12/2013,01/09/2014,N/A,04/04/2019,2019年4月4日发布GB 30255-2019替代GB 30255-2013，扩大适用范围（新增LED筒灯和定向集成式LED灯），提高各级光效指标，新增显色指数和光通维持率要求,生效,国家市场监督管理总局；国家标准化管理委员会,室内照明用LED产品,新建,LED筒灯（AC ≤250V、50Hz，额定功率≥2W，光束角>60°）；定向集成式LED灯（AC 220V、50Hz，灯头GU10/B22/E14/E27，PAR16/PAR20/PAR30/PAR38系列）；非定向自镇流LED灯（AC 220V、50Hz，2W≤功率≤60W）。不适用于具有调光/调色功能或非照明附加功能的产品。,N/A,N/A,企业,在中国境内生产、进口或销售室内照明用LED产品的生产企业和进口商。,生产；销售；进口,室内照明用LED产品的生产、进口和销售活动。产品须达到标准规定的能效限定值（3级）方可进入市场。,3级,能效等级,LED产品能效等级分为3级（1级最高），3级为能效限定值即市场准入最低要求。LED筒灯暖色（<3500K）3级≥75 lm/W，冷色（≥3500K）3级≥80 lm/W；定向集成式LED灯暖色3级≥80 lm/W，冷色3级≥90 lm/W；非定向自镇流LED灯暖色3级≥75 lm/W，冷色3级≥85 lm/W。显色指数Ra≥80，R9>0；光通维持率3000h达标。,"1）室内照明用LED产品须达到标准规定的能效限定值（3级）方可生产、进口或销售；2）产品须标注能效等级标识；3）须满足显色指数（Ra≥80, R9>0）和光通维持率要求；4）能效等级分为1级（最高）、2级、3级，3级为市场准入最低要求。",N/A,N/A,政府机构开展的监督检查,市场监督管理部门对室内照明LED产品进行能效标识监督检查和产品质量监督抽查。,合规命令；罚款,对生产、进口、销售不符合强制性能效标准的LED照明产品的，由市场监督管理部门责令停止生产、进口、销售，没收违法所得，并处罚款；情节严重的，吊销营业执照。,其他激励或支持,国家鼓励生产和使用1级、2级高效LED照明产品；通过节能产品认证和绿色采购引导高效LED照明产品市场推广。,N/A,N/A,C27,CO2,正向,能效提升；能源消耗减少；绿色产业发展,GB 30255-2019 室内照明用LED产品能效限定值及能效等级,https://openstd.samr.gov.cn/bzgk/std/newGbInfo?hcno=4BEB317A9F75B860E0630320F5D80374,GB 30255-2013（旧版）：https://openstd.samr.gov.cn/bzgk/std/newGbInfo?hcno=D96319301123AFD0D059D7250A109E71
CHNPRFMELI05S000,工具,绩效标准,照明系统最低能源绩效标准（MEPS）,交通,道路交通照明；隧道照明,道路和隧道照明用 LED 灯具能效限定值及能效等级,Minimum Allowable Values of Energy Efficiency and Energy Efficiency Grades of LED Luminaires for Road and Tunnel Lighting,N/A,GB 37478-2019《道路和隧道照明用LED灯具能效限定值及能效等级》是强制性国家标准，于2019年4月4日发布，2020年11月1日实施。适用于额定电压AC 220V、频率50Hz的道路和隧道照明用LED灯具（包括LED光源及其控制装置，不包括可独立安装的互联控制部件或其他与照明无关的功能附件）。能效等级分为3级（1级最高），3级为能效限定值即强制市场准入门槛。新版GB 37478-2025已发布（2025年5月30日），将于2026年6月1日实施。,提高能效；减少能耗,直接,供给侧,中国,国家,N/A,04/04/2019,01/11/2020,N/A,N/A,N/A,生效,国家市场监督管理总局；国家标准化管理委员会,道路和隧道照明用LED灯具,新建,额定电压AC 220V、频率50Hz的道路和隧道照明用LED灯具，包括LED光源及其控制装置。不包括可独立安装的互联控制部件或其他与照明无关的功能附件。,N/A,N/A,企业,在中国境内生产、进口或销售道路和隧道照明用LED灯具的生产企业和进口商。,生产；销售；进口,道路和隧道照明用LED灯具的生产、进口和销售活动。产品须达到标准规定的能效限定值（3级）方可进入市场。,3级,能效等级,道路和隧道照明LED灯具能效等级分为3级（1级最高），3级为能效限定值即市场准入最低要求。光效（lm/W）按额定功率和色温分级：≤60W暖色（<3500K）3级≥95 lm/W，冷色（3500K~5000K）3级≥100 lm/W；>60W暖色3级≥100 lm/W，冷色3级≥105 lm/W。初始显色指数不低于70；光通维持率3000h达标。,1）道路和隧道照明用LED灯具须达到标准规定的能效限定值（3级）方可生产、进口或销售；2）产品须标注能效等级标识；3）须满足显色指数（不低于70）和光通维持率要求；4）能效等级分为1级（最高）、2级、3级，3级为市场准入最低要求。,N/A,N/A,政府机构开展的监督检查,市场监督管理部门对道路和隧道照明LED灯具产品进行能效标识监督检查和产品质量监督抽查。,合规命令；罚款,对生产、进口、销售不符合强制性能效标准的道路和隧道照明LED灯具的，由市场监督管理部门责令停止生产、进口、销售，没收违法所得，并处罚款；情节严重的，吊销营业执照。,其他激励或支持,国家鼓励在城市道路和隧道照明工程中优先使用1级、2级高效LED灯具；通过节能产品认证和政府绿色采购引导高效道路照明产品推广。,N/A,N/A,C27,CO2,正向,能效提升；能源消耗减少；绿色产业发展,GB 37478-2019 道路和隧道照明用LED灯具能效限定值及能效等级,https://openstd.samr.gov.cn/bzgk/std/newGbInfo?hcno=A9707971EC81F8FE912F5A4AED47F4FE,N/A
CHNPRFMELI06S000,工具,绩效标准,照明系统最低能源绩效标准（MEPS）,建筑；工业,普通照明；工业照明,金属卤化物灯能效限定值及能效等级,Minimum Allowable Values of Energy Efficiency and Energy Efficiency Grades for Metal-Halide Lamps,N/A,GB 20054-2015《金属卤化物灯能效限定值及能效等级》是强制性国家标准，于2015年12月10日发布，2017年1月1日实施，替代GB 20054-2006。适用于各类金属卤化物灯产品（包括单端、双端和陶瓷金属卤化物灯）的能效等级、能效限定值及节能评价值。能效等级分为3级（1级最高），3级为能效限定值即强制市场准入门槛。,提高能效；减少能耗,直接,供给侧,中国,国家,N/A,09/01/2006,01/07/2006,N/A,10/12/2015,2015年12月10日发布GB 20054-2015替代GB 20054-2006，扩大适用范围（新增陶瓷金属卤化物灯类别），提高各级能效指标,生效,国家市场监督管理总局；国家标准化管理委员会,金属卤化物灯,新建,各类金属卤化物灯产品，包括单端金属卤化物灯（175W~1500W）、双端金属卤化物灯（70W~250W）和陶瓷金属卤化物灯（20W~400W）。,N/A,N/A,企业,在中国境内生产、进口或销售金属卤化物灯产品的生产企业和进口商。,生产；销售；进口,金属卤化物灯产品的生产、进口和销售活动。产品须达到标准规定的能效限定值（3级）方可进入市场。,3级,能效等级,金属卤化物灯能效等级分为3级（1级最高），3级为能效限定值即市场准入最低要求。单端金属卤化物灯（175W~1500W）3级光效64~88 lm/W；双端金属卤化物灯（70W~250W）3级光效61~71 lm/W；陶瓷金属卤化物灯（20W~400W）3级光效70~90 lm/W。,1）金属卤化物灯须达到标准规定的能效限定值（3级）方可生产、进口或销售；2）产品须标注能效等级标识；3）能效等级分为1级（最高）、2级、3级，3级为市场准入最低要求。,N/A,N/A,政府机构开展的监督检查,市场监督管理部门对金属卤化物灯产品进行能效标识监督检查和产品质量监督抽查。,合规命令；罚款,对生产、进口、销售不符合强制性能效标准的金属卤化物灯产品的，由市场监督管理部门责令停止生产、进口、销售，没收违法所得，并处罚款；情节严重的，吊销营业执照。,其他激励或支持,国家鼓励生产和使用1级、2级高效金属卤化物灯产品；通过节能产品认证引导高效照明产品市场推广。,N/A,N/A,C27,CO2,正向,能效提升；能源消耗减少；绿色产业发展,GB 20054-2015 金属卤化物灯能效限定值及能效等级,https://openstd.samr.gov.cn/bzgk/gb/newGbInfo?hcno=2F0F9222CCE78515A0BDF7AE60AF0828,GB 20054-2006（旧版）：https://std.samr.gov.cn/gb/search/gbDetailed?id=71F772D7C577D3A7E05397BE0A0AB82A
CHNPRFMELI07S000,工具,绩效标准,照明系统最低能源绩效标准（MEPS）,建筑,普通照明；卤钨灯产品,普通照明用卤钨灯能效限定值及节能评价值,Minimum Allowable Values of Energy Efficiency and Evaluating Values of Energy Conservation of Tungsten Halogen Lamps for General Lighting,N/A,GB 31276-2014《普通照明用卤钨灯能效限定值及节能评价值》是强制性国家标准，于2014年10月10日发布，2015年9月1日实施。适用于普通照明用卤钨灯的能效限定值及节能评价值。规定卤钨灯的最低能效要求（能效限定值）和节能评价标准（节能评价值）。,提高能效；减少能耗,直接,供给侧,中国,国家,N/A,10/10/2014,01/09/2015,N/A,N/A,N/A,生效,国家市场监督管理总局；国家标准化管理委员会,普通照明用卤钨灯,新建,家庭和类似场合普通照明用的卤钨灯产品。,N/A,N/A,企业,在中国境内生产、进口或销售普通照明用卤钨灯产品的生产企业和进口商。,生产；销售；进口,普通照明用卤钨灯产品的生产、进口和销售活动。产品须达到标准规定的能效限定值方可进入市场。,3级,能效等级,卤钨灯按能效限定值和节能评价值分级评价。能效限定值为市场准入最低光效要求，节能评价值为达到节能认证的光效水平。按灯头类型和功率分别规定具体光效值（lm/W）。,1）卤钨灯须达到标准规定的能效限定值方可生产、进口或销售；2）达到节能评价值的产品可申请节能产品认证；3）产品须标注能效相关信息。,N/A,N/A,政府机构开展的监督检查,市场监督管理部门对卤钨灯产品进行能效标识监督检查和产品质量监督抽查。,合规命令；罚款,对生产、进口、销售不符合强制性能效标准的卤钨灯产品的，由市场监督管理部门责令停止生产、进口、销售，没收违法所得，并处罚款；情节严重的，吊销营业执照。,其他激励或支持,国家鼓励生产和使用达到节能评价值的卤钨灯产品；引导消费者选择高效照明产品。,N/A,N/A,C27,CO2,正向,能效提升；能源消耗减少；绿色产业发展,GB 31276-2014 普通照明用卤钨灯能效限定值及节能评价值,https://openstd.samr.gov.cn/bzgk/std/newGbInfo?hcno=BE2116F517C3A96819AA79060EC50755,N/A
CHNPRFMELI08S000,工具,绩效标准,照明系统最低能源绩效标准（MEPS）,交通,道路照明；户外照明,高压钠灯能效限定值及能效等级,Minimum Allowable Values of Energy Efficiency and Energy Efficiency Grades for High-Pressure Sodium Vapour Lamps,N/A,GB 19573-2004《高压钠灯能效限定值及能效等级》是强制性国家标准，于2004年8月5日发布，2005年2月1日实施。适用于高压钠灯产品的能效限定值及能效等级评定。规定高压钠灯的最低能效要求（能效限定值）和能效等级分级标准。能效等级分为3级（1级最高），3级为能效限定值即强制市场准入门槛。,提高能效；减少能耗,直接,供给侧,中国,国家,N/A,05/08/2004,01/02/2005,N/A,N/A,N/A,生效,国家市场监督管理总局；国家标准化管理委员会,高压钠灯,新建,用于道路照明、广场照明、工业照明等场合的高压钠灯产品。,N/A,N/A,企业,在中国境内生产、进口或销售高压钠灯产品的生产企业和进口商。,生产；销售；进口,高压钠灯产品的生产、进口和销售活动。产品须达到标准规定的能效限定值（3级）方可进入市场。,3级,能效等级,高压钠灯能效等级分为3级（1级最高），3级为能效限定值即市场准入最低要求。按标称功率（50W~1000W）分别规定各级最低光效值（lm/W）。典型值：250W高压钠灯3级≥100 lm/W，400W高压钠灯3级≥110 lm/W。,1）高压钠灯须达到标准规定的能效限定值（3级）方可生产、进口或销售；2）产品须标注能效等级标识；3）能效等级分为1级（最高）、2级、3级，3级为市场准入最低要求。,N/A,N/A,政府机构开展的监督检查,市场监督管理部门对高压钠灯产品进行能效标识监督检查和产品质量监督抽查。,合规命令；罚款,对生产、进口、销售不符合强制性能效标准的高压钠灯产品的，由市场监督管理部门责令停止生产、进口、销售，没收违法所得，并处罚款；情节严重的，吊销营业执照。,其他激励或支持,国家鼓励生产和使用1级、2级高效高压钠灯产品；通过节能产品认证引导高效道路照明产品推广。,N/A,N/A,C27,CO2,正向,能效提升；能源消耗减少；绿色产业发展,GB 19573-2004 高压钠灯能效限定值及能效等级,https://openstd.samr.gov.cn/bzgk/std/newGbInfo?hcno=F6239829E39BBAA8F5BA34869B029ABD,N/A
CHNPRFFECI01S000,工具,绩效标准,燃油经济性标准,交通,轻型乘用车,电动汽车能量消耗量限值,Electric Vehicle Energy Consumption Limit,N/A,GB 36980.1-2025《电动汽车能量消耗量限值 第1部分：乘用车》是强制性国家标准，于2025年5月30日发布，2026年1月1日实施，替代GB/T 36980-2018。适用于最大设计总质量不超过3500kg的M1类纯电动乘用车，规定车辆在电量消耗模式下的电能消耗量限值。该标准是全球首个电动汽车电耗限值强制性标准，将原推荐性标准升级为强制性标准，限值较上一版加严约11%。,提高能效；减少能耗,直接,供给侧,中国,国家,N/A,28/12/2018,01/07/2019,N/A,30/05/2025,2025年5月30日发布GB 36980.1-2025替代GB/T 36980-2018，将推荐性标准升级为强制性标准，限值加严约11%，于2026年1月1日实施。,生效,工业和信息化部；国家市场监督管理总局；国家标准化管理委员会,纯电动乘用车,新建；既有,以车载电源为唯一动力或主要动力来源、最大设计总质量不超过3500kg的M1类纯电动乘用车。按整备质量分组采用阶梯式限值。,N/A,N/A,企业,在中国境内生产和销售纯电动乘用车的汽车制造企业。,型式批准；生产；销售,纯电动乘用车型式批准和销售活动。新申请型式批准的车型自2026年1月1日起执行新限值，已获型式批准的车型自2028年1月1日起执行。,按车重阶梯式,kWh/100km,按整备质量分组设定电能消耗量限值，采用阶梯式限值评价体系。限值基于WLTC或中国工况测试循环测定。约2吨整备质量的车型百公里电耗限值约15.1kWh/100km。,1）新申请型式批准的车型须满足GB 36980.1-2025规定的电能消耗量限值方可上市销售；2）已获得型式批准的车型须在过渡期内（至2028年1月1日）达到新限值要求；3）不满足限值要求的车型不得生产和销售。,N/A,N/A,政府机构开展的型式批准和一致性监督检查；企业能耗数据报告,工业和信息化部对车辆进行型式批准，对电动汽车电能消耗量进行一致性监督检查；汽车制造企业须按规定报送车辆能量消耗量数据，接受节能监察。,合规命令；罚款；禁止生产和销售,对不符合电能消耗量限值标准的电动汽车车型，由工业和信息化部责令限期整改；未按要求整改的车型撤销型式批准，禁止生产和销售。,其他激励或支持,国家鼓励汽车制造企业研发和应用先进节能技术，降低电动汽车电能消耗量，通过新能源汽车推广政策和绿色消费引导支持高效节能车型。,N/A,N/A,C29,CO2,正向,交通能效提升；交通能源消耗减少,GB 36980.1-2025 电动汽车能量消耗量限值 第1部分：乘用车,https://openstd.samr.gov.cn/bzgk/std/newGbInfo?hcno=957BCBA7091D453922DE63158D8419AB,GB/T 36980-2018（旧版）：https://openstd.samr.gov.cn/bzgk/std/newGbInfo?hcno=C572EE48E680FB763D856F07EC26C09D
CHNPRFFECI02S000,工具,绩效标准,燃油经济性标准,交通,轻型乘用车,插电式混合动力汽车能量消耗限值,Plug-in Hybrid Electric Vehicle Energy Consumption Limit,N/A,GB 36980.1-2025《电动汽车能量消耗量限值 第1部分：乘用车》适用于插电式（含增程式）混合动力乘用车在电量消耗模式下的电能消耗量限值；GB 19578-2024《乘用车燃料消耗量限值》适用于其在电量保持模式下的燃料消耗量限值。两项标准均为强制性国家标准，于2026年1月1日实施。适用于最大设计总质量不超过3500kg的M1类插电式混合动力乘用车。根据工信部2025年第24号公告，插电式混合动力乘用车电能消耗量须小于GB 36980.1-2025对应车型限值的140%（整备质量<2510kg）或145%（≥2510kg），燃料消耗量须小于GB 19578-2024对应车型限值的70%（<2510kg）或75%（≥2510kg）。,提高能效；减少能耗,直接,供给侧,中国,国家,N/A,28/12/2018,01/07/2019,N/A,30/05/2025,2025年5月30日发布GB 36980.1-2025将插电式混合动力乘用车纳入适用范围，2026年1月1日实施。工信部2025年第24号公告同步明确了2026-2027年减免车辆购置税的具体技术指标要求。,生效,工业和信息化部；国家市场监督管理总局；国家标准化管理委员会,插电式混合动力乘用车,新建；既有,具有外部充电接口、可外接充电、具备纯电动行驶模式的M1类混合动力乘用车（含增程式），纯电续驶里程不低于43km（等效全电里程不低于100km），最大设计总质量不超过3500kg。,N/A,N/A,企业,在中国境内生产和销售插电式混合动力乘用车的汽车制造企业。,型式批准；生产；销售,插电式混合动力乘用车型式批准和销售活动。车型须同时满足电量消耗模式下的电能消耗量限值和电量保持模式下的燃料消耗量限值。,按车重阶梯式,kWh/100km；L/100km,电能消耗量（电量消耗模式）：须小于GB 36980.1-2025对应车型限值的140%（整备质量<2510kg）或145%（整备质量≥2510kg）。燃料消耗量（电量保持模式）：须小于GB 19578-2024对应车型限值的70%（整备质量<2510kg）或75%（整备质量≥2510kg）。,1）新申请型式批准的插电式混合动力乘用车须同时满足电能消耗量和燃料消耗量限值要求方可上市销售；2）已获得型式批准的车型须在过渡期内达到新限值要求；3）不满足限值要求的车型不得生产和销售。,N/A,N/A,政府机构开展的型式批准和一致性监督检查；企业能耗数据报告,工业和信息化部对车辆进行型式批准和一致性监督检查；汽车制造企业须按规定报送车辆能量消耗量数据。,合规命令；罚款；禁止生产和销售,对不符合能量消耗限值标准的插电式混合动力车型，由工业和信息化部责令限期整改；未按要求整改的车型撤销型式批准，禁止生产和销售。,其他激励或支持,国家鼓励汽车制造企业研发和应用先进混合动力技术，通过购置税减免等财税政策支持高效节能的插电式混合动力车型推广应用。,N/A,N/A,C29,CO2,正向,交通能效提升；交通能源消耗减少,GB 36980.1-2025 电动汽车能量消耗量限值 第1部分：乘用车,https://openstd.samr.gov.cn/bzgk/std/newGbInfo?hcno=957BCBA7091D453922DE63158D8419AB,GB/T 36980-2018（旧版）：https://openstd.samr.gov.cn/bzgk/std/newGbInfo?hcno=C572EE48E680FB763D856F07EC26C09D
CHNPRFFECI03S000,工具,绩效标准,燃油经济性标准,交通,轻型乘用车,乘用车燃料消耗量限值,Passenger Car Fuel Consumption Limit,N/A,GB 19578-2024《乘用车燃料消耗量限值》是强制性国家标准，于2024年11月28日发布，2026年1月1日实施，替代GB 19578-2021。适用于能够燃用汽油或柴油燃料、最大设计总质量不超过3500kg的M1类车辆，不适用于仅燃用气体燃料或醇醚类燃料的车辆。是中国首个控制汽车燃料消耗量的强制性国家标准（GB 19578-2004于2004年发布），历经2014版、2021版、2024版三次修订，2024版限值较2021版加严约18%。,提高能效；减少能耗,直接,供给侧,中国,国家,N/A,02/09/2004,01/07/2005,N/A,28/11/2024,2024年11月28日发布GB 19578-2024替代GB 19578-2021，限值加严约18%，于2026年1月1日实施。,生效,工业和信息化部；国家市场监督管理总局；国家标准化管理委员会,传统能源乘用车,新建；既有,能够燃用汽油或柴油燃料、最大设计总质量不超过3500kg的M1类乘用车。不包括仅燃用气体燃料或醇醚类燃料的车辆。按整备质量分组采用阶梯式限值，测试工况采用WLTC或中国工况。,N/A,N/A,企业,在中国境内生产和销售乘用车的汽车制造企业。,型式批准；生产；销售,乘用车型式批准和销售活动。新申请型式批准的车型自2026年1月1日起执行GB 19578-2024限值；已获型式批准的车型须在过渡期内达标。,按车重阶梯式,L/100km,按整备质量分组设定燃料消耗量限值，采用阶梯式限值评价体系。测试工况为WLTC或中国工况循环。以约1.5吨整备质量的自动挡车型为例，百公里油耗限值约7.74L/100km。,1）新申请型式批准的乘用车须满足GB 19578-2024规定的燃料消耗量限值方可上市销售；2）已获得型式批准的车型须在过渡期内达到新限值要求；3）不满足限值要求的车型不得生产和销售。,N/A,N/A,政府机构开展的型式批准和一致性监督检查；企业能耗数据报告,工业和信息化部对车辆进行型式批准和一致性监督检查；汽车制造企业须按规定报送车辆燃料消耗量数据，接受节能监察。,合规命令；罚款；禁止生产和销售,对不符合燃料消耗量限值标准的车型，由工业和信息化部责令限期整改；未按要求整改的车型撤销型式批准，禁止生产和销售。,其他激励或支持,国家鼓励汽车制造企业研发和应用先进节能技术，降低车辆燃料消耗量，通过企业平均燃料消耗量（CAFC）核算体系引导行业持续提升能效。,N/A,N/A,C29,CO2,正向,交通能效提升；交通能源消耗减少；空气污染物减排,GB 19578-2024 乘用车燃料消耗量限值,https://openstd.samr.gov.cn/bzgk/std/newGbInfo?hcno=B9F662A5B1E5FA3AAC7914AECA3152DA,GB 19578-2021（旧版）：https://openstd.samr.gov.cn/bzgk/std/newGbInfo?hcno=2C4E76A2B4D0D6D9E05397BE0A0A5A8F
CHNPRFFECI04S000,工具,绩效标准,燃油经济性标准,交通,轻型商用车,轻型商用车辆燃料消耗量限值,Light-Duty Commercial Vehicle Fuel Consumption Limit,N/A,GB 20997-2024《轻型商用车辆燃料消耗量限值及评价指标》是强制性国家标准，于2024年8月23日发布，2026年1月1日实施，替代GB 20997-2015。适用于能够燃用汽油或柴油燃料、最大设计总质量不超过3500kg的N1类和M2类商用车辆，2024版新增纯电动、混合动力、燃料电池和甲醇等新能源车型的燃料消耗量折算要求。该标准于2007年首次发布，历经2015版、2024版两次修订，2024版单车限值较2015版加严约10%，并引入企业平均管理模式（CAFC）。,提高能效；减少能耗,直接,供给侧,中国,国家,N/A,30/07/2007,01/01/2009,N/A,23/08/2024,2024年8月23日发布GB 20997-2024替代GB 20997-2015，单车限值加严约10%，新增新能源车型纳入管理，引入企业平均管理模式，于2026年1月1日实施。,生效,工业和信息化部；国家市场监督管理总局；国家标准化管理委员会,轻型商用车辆,新建；既有,能够燃用汽油或柴油燃料、最大设计总质量不超过3500kg的N1类（货车）和M2类（客车）商用车辆。2024版将适用范围扩大至纯电动、混合动力、燃料电池和甲醇等新能源商用车型。,N/A,N/A,企业,在中国境内生产和销售轻型商用车辆的汽车制造企业。,型式批准；生产；销售,轻型商用车辆的型式批准和销售活动。新申请型式批准的车型自2026年1月1日起执行GB 20997-2024限值；已获型式批准的车型须在过渡期内达标。,按车重阶梯式,L/100km,按车辆总质量和车型类别分组设定燃料消耗量限值，采用线性阶梯式限值体系。测试工况从NEDC循环切换为WLTC或中国工况。单车限值较三阶段（GB 20997-2015）加严10%。,1）新申请型式批准的轻型商用车辆须满足GB 20997-2024规定的燃料消耗量限值方可上市销售；2）已获得型式批准的车型须在过渡期内达到新限值要求；3）企业平均燃料消耗量（CAFC）须满足阶段目标要求；4）不满足限值要求的车型不得生产和销售。,N/A,N/A,政府机构开展的型式批准和一致性监督检查；企业能耗数据报告,工业和信息化部对车辆进行型式批准和一致性监督检查；汽车制造企业须按规定报送车辆燃料消耗量数据和企业平均燃料消耗量核算报告。,合规命令；罚款；禁止生产和销售,对不符合燃料消耗量限值标准的车型，由工业和信息化部责令限期整改；未按要求整改的车型撤销型式批准，禁止生产和销售。,其他激励或支持,国家鼓励汽车制造企业研发和应用先进节能技术，通过企业平均燃料消耗量管理赋予企业合规灵活性，推动行业持续节能减排。,N/A,N/A,C29,CO2,正向,交通能效提升；交通能源消耗减少；空气污染物减排,GB 20997-2024 轻型商用车辆燃料消耗量限值及评价指标,https://openstd.samr.gov.cn/bzgk/std/newGbInfo?hcno=47E98BA6D15D541E9F00FDD0A738C291,GB 20997-2015（旧版）：https://openstd.samr.gov.cn/bzgk/std/newGbInfo?hcno=71F772D80F8CD3A7E05397BE0A0AB82A
CHNPRFFECI05S000,工具,绩效标准,燃油经济性标准,交通,重型商用车,重型商用车辆燃料消耗量限值,Heavy-Duty Commercial Vehicle Fuel Consumption Limit,N/A,GB 30510-2024《重型商用车辆燃料消耗量限值》是强制性国家标准，于2024年9月29日发布，2025年7月1日实施，替代GB 30510-2018。适用于能够燃用汽油或柴油燃料、最大设计总质量大于3500kg的商用车辆，包括货车、半挂牵引车、普通客车、自卸汽车和城市客车，不适用于专项作业车。该标准于2014年首次发布，历经2018版、2024版两次修订，2024版限值较2018版降低约10%（降幅6%~13%）。,提高能效；减少能耗,直接,供给侧,中国,国家,N/A,01/02/2014,01/07/2014,N/A,29/09/2024,2024年9月29日发布GB 30510-2024替代GB 30510-2018，限值降低约10%，于2025年7月1日实施（新车型）/2027年7月1日（已获证车型）。,生效,工业和信息化部；国家市场监督管理总局；国家标准化管理委员会,重型商用车辆,新建；既有,能够燃用汽油或柴油燃料、最大设计总质量大于3500kg的商用车辆，包括货车、半挂牵引车、普通客车、自卸汽车和城市客车。不适用于专项作业车。,N/A,N/A,企业,在中国境内生产和销售重型商用车辆的汽车制造企业。,型式批准；生产；销售,重型商用车辆的型式批准和销售活动。新委托型式批准的车型自2025年7月1日起执行GB 30510-2024限值；已获型式批准的车型自2027年7月1日起执行。,按车重和车型,L/100km,按车辆总质量、车型类别和用途分组设定燃料消耗量限值，采用阶梯式限值体系。根据不同车型和总质量，2024版限值较2018版降低6%~13%。,1）新申请型式批准的重型商用车辆须满足GB 30510-2024规定的燃料消耗量限值方可上市销售；2）已获得型式批准的车型须在过渡期内（至2027年7月1日）达到新限值要求；3）不满足限值要求的车型不得生产和销售。,N/A,N/A,政府机构开展的型式批准和一致性监督检查；企业能耗数据报告,工业和信息化部对车辆进行型式批准和一致性监督检查；汽车制造企业须按规定报送车辆燃料消耗量数据，接受节能监察。,合规命令；罚款；禁止生产和销售,对不符合燃料消耗量限值标准的重型商用车型，由工业和信息化部责令限期整改；未按要求整改的车型撤销型式批准，禁止生产和销售。,其他激励或支持,国家鼓励汽车制造企业研发和应用先进节能技术，降低重型商用车辆燃料消耗量，推动商用车节能技术升级。,N/A,N/A,C29,CO2,正向,交通能效提升；交通能源消耗减少；空气污染物减排,GB 30510-2024 重型商用车辆燃料消耗量限值,https://openstd.samr.gov.cn/bzgk/std/newGbInfo?hcno=35651BC9CFA4506EB75F140E59A4F73D,GB 30510-2018（旧版）：https://openstd.samr.gov.cn/bzgk/std/newGbInfo?hcno=0FECA2934941502E161716E7F2502E76
CHNPRFMHSI01S000,工具,绩效标准,空间供暖最低能源绩效标准（MEPS）,建筑；工业,建筑供暖；工业供热,热泵和冷水机组能效限定值及能效等级,Minimum Allowable Values of the Energy Efficiency and Energy Efficiency Grades for Heat Pumps and Water Chillers,N/A,GB 19577-2024《热泵和冷水机组能效限定值及能效等级》是强制性国家标准，于2024年4月29日发布，2025年2月1日实施，整合替代GB 19577-2015、GB 29540-2013、GB 30721-2014和GB 37480-2019四项标准。适用于蒸气压缩循环冷水（热泵）机组、低环境温度空气源热泵（冷水）机组、水（地）源热泵机组、溴化锂吸收式冷（温）水机组、蒸气压缩循环高温热泵机组、间接蒸发冷却冷水机组和一体式冷水（热泵）机组。能效等级分为3级（1级最高），3级为能效限定值即强制市场准入门槛。能效指标大幅提高，预计淘汰20%~40%现有产品。,提高热泵和冷水机组能效；减少建筑供暖和工业供热用电,直接,供给侧,中国,国家,N/A,01/03/2005,01/01/2006,N/A,29/04/2024,2024年4月29日发布GB 19577-2024整合替代4项标准（GB 19577-2015冷水机组、GB 29540-2013溴化锂吸收式机组、GB 30721-2014水地源热泵、GB 37480-2019低环境温度空气源热泵），扩大产品覆盖范围至8类，能效指标大幅提升，预计淘汰20%~40%现有产品。,生效,国家市场监督管理总局；国家标准化管理委员会,热泵和冷水机组,新建,蒸气压缩循环冷水（热泵）机组、低环境温度空气源热泵（冷水）机组、水（地）源热泵机组、溴化锂吸收式冷（温）水机组、蒸气压缩循环高温热泵机组、间接蒸发冷却冷水机组和一体式冷水（热泵）机组。,N/A,N/A,企业,在中国境内生产、进口或销售热泵和冷水机组的生产企业和进口商。,生产；销售；进口,热泵和冷水机组的生产、进口和销售活动。产品须达到标准规定的能效限定值方可进入市场。,3级,能效等级,能效等级分为3级（1级最高），3级为能效限定值即市场准入最低要求。采用双通道评价指标（IPLV或COPc）进行能效等级判定。按机组类型、冷却方式和名义制冷量/制热量分别规定COP、IPLV等能效指标限值。,1）热泵和冷水机组须达到标准规定的能效限定值（3级）方可生产、进口或销售；2）产品须标注能效等级标识；3）能效等级分为1级（最高）、2级、3级，3级为市场准入最低要求。,N/A,N/A,政府机构开展的监督检查,市场监督管理部门对热泵和冷水机组产品进行能效标识监督检查和产品质量监督抽查。,合规命令；罚款,对生产、进口、销售不符合强制性能效标准的热泵和冷水机组产品的，由市场监督管理部门责令停止生产、进口、销售，没收违法所得，并处罚款；情节严重的，吊销营业执照。,其他激励或支持,国家鼓励生产和使用1级、2级高效热泵和冷水机组；通过节能产品认证和绿色建筑推广引导高效暖通设备市场应用。,N/A,N/A,C27,CO2,正向,建筑供暖制冷能效提升；工业供热用电减少；高效热泵产业升级,GB 19577-2024 热泵和冷水机组能效限定值及能效等级,https://openstd.samr.gov.cn/bzgk/std/newGbInfo?hcno=C59327F9E5A3194DAD64C39B883C36C2,GB 30721-2014水（地）源热泵（旧版，已废止）：https://openstd.samr.gov.cn/bzgk/std/newGbInfo?hcno=0AFB9BECCAF3446797B9201068DCF363
CHNPRFMCSI01S000,工具,绩效标准,空间制冷最低能源绩效标准（MEPS）,建筑,建筑空调；建筑供暖,多联式空调（热泵）机组能效限定值及能效等级,Minimum Allowable Values of the Energy Efficiency and Energy Efficiency Grades for Multi-Connected Air-Condition (Heat Pump) Units,N/A,GB 21454-2021《多联式空调（热泵）机组能效限定值及能效等级》是强制性国家标准，于2021年10月11日发布，2022年11月1日实施，替代GB 21454-2008。适用于风冷式和水冷式多联式空调（热泵）机组，以及低环境温度空气源多联式热泵（空调）机组。以全年能源消耗效率（APF）为评价指标，能效等级分为3级（1级最高），3级为能效限定值即强制市场准入门槛。能效准入门槛较2008版提升40%以上。,提高能效；减少能耗,直接,供给侧,中国,国家,N/A,01/06/2008,01/01/2009,N/A,11/10/2021,2021年10月11日发布GB 21454-2021替代GB 21454-2008，扩大适用范围至水冷式多联机和低环境温度空气源多联式热泵，引入APF评价指标，能效准入门槛提升40%以上。,生效,国家市场监督管理总局；国家标准化管理委员会,多联式空调（热泵）机组,新建,采用风冷式或水冷式冷凝器的多联式空调（热泵）机组，以及低环境温度空气源多联式热泵（空调）机组。不适用于单元式空气调节机和风管送风式空调机组。,N/A,N/A,企业,在中国境内生产、进口或销售多联式空调（热泵）机组的生产企业和进口商。,生产；销售；进口,多联式空调（热泵）机组的生产、进口和销售活动。产品须达到标准规定的能效限定值方可进入市场。,3级,能效等级,以全年能源消耗效率（APF）为评价指标，能效等级分为3级（1级最高）。风冷式热泵型多联机APF：CC≤14kW 3级≥3.60，14kW<CC≤28kW 3级≥3.50，28kW<CC≤50kW 3级≥3.40，50kW<CC≤68kW 3级≥3.30，CC>68kW 3级≥3.20。,1）多联式空调（热泵）机组须达到标准规定的能效限定值（3级）方可生产、进口或销售；2）产品须标注能效等级标识；3）能效等级分为1级（最高）、2级、3级，3级为市场准入最低要求。,N/A,N/A,政府机构开展的监督检查,市场监督管理部门对多联式空调（热泵）机组产品进行能效标识监督检查和产品质量监督抽查。,合规命令；罚款,对生产、进口、销售不符合强制性能效标准的多联式空调（热泵）机组产品的，由市场监督管理部门责令停止生产、进口、销售，没收违法所得，并处罚款；情节严重的，吊销营业执照。,其他激励或支持,国家鼓励生产和使用1级、2级高效多联式空调（热泵）机组；通过节能产品认证和绿色建筑推广引导高效空调产品市场应用。,N/A,N/A,C27,CO2,正向,能效提升；能源消耗减少；绿色产业发展,GB 21454-2021 多联式空调（热泵）机组能效限定值及能效等级,https://openstd.samr.gov.cn/bzgk/std/newGbInfo?hcno=32791D15944EA9E65C8E97FF2FC2039A,GB 21454-2008（旧版）：https://openstd.samr.gov.cn/bzgk/std/newGbInfo?hcno=1113031B4489140189D98B75C733F70D
CHNPRFMCSI02S000,工具,绩效标准,空间制冷最低能源绩效标准（MEPS）,建筑,建筑空调,房间空气调节器能效限定值及能效等级,Minimum Allowable Values of the Energy Efficiency and Energy Efficiency Grades for Room Air Conditioners,N/A,GB 21455-2019《房间空气调节器能效限定值及能效等级》是强制性国家标准，于2019年12月31日发布，2020年7月1日实施，替代GB 12021.3-2010和GB 21455-2013。适用于采用空气冷却冷凝器、全封闭电动压缩机、额定制冷量≤14000W、气候类型T1的房间空气调节器，以及名义制热量≤14000W的低环境温度空气源热泵热风机。不适用于移动式空调器、多联式空调机组和风管送风式空调器。能效等级分为3级（1级最高），3级为能效限定值即强制市场准入门槛。,提高能效；减少能耗,直接,供给侧,中国,国家,N/A,01/06/2004,01/03/2005,N/A,31/12/2019,2019年12月31日发布GB 21455-2019替代GB 12021.3-2010和GB 21455-2013，合并定速和变频空调器能效标准，统一采用APF评价指标，能效门槛大幅提升。,生效,国家市场监督管理总局；国家标准化管理委员会,房间空气调节器,新建,采用空气冷却冷凝器、全封闭电动压缩机、额定制冷量≤14000W、气候类型T1的房间空气调节器，以及名义制热量≤14000W的低环境温度空气源热泵热风机。不适用于移动式空调器、多联式空调机组和风管送风式空调机组。,N/A,N/A,企业,在中国境内生产、进口或销售房间空气调节器的生产企业和进口商。,生产；销售；进口,房间空气调节器的生产、进口和销售活动。产品须达到标准规定的能效限定值方可进入市场。,3级,能效等级,以全年能源消耗效率（APF）为评价指标，能效等级分为3级（1级最高），3级为能效限定值即市场准入最低要求。额定制冷量≤4500W的分体式房间空调器3级APF≥3.00；4500W<CC≤7100W 3级APF≥2.90；7100W<CC≤14000W 3级APF≥2.80。,1）房间空气调节器须达到标准规定的能效限定值（3级）方可生产、进口或销售；2）产品须标注能效等级标识；3）能效等级分为1级（最高）、2级、3级，3级为市场准入最低要求。,N/A,N/A,政府机构开展的监督检查,市场监督管理部门对房间空气调节器产品进行能效标识监督检查和产品质量监督抽查。,合规命令；罚款,对生产、进口、销售不符合强制性能效标准的房间空气调节器产品的，由市场监督管理部门责令停止生产、进口、销售，没收违法所得，并处罚款；情节严重的，吊销营业执照。,其他激励或支持,国家鼓励生产和使用1级、2级高效房间空气调节器；通过节能产品认证和节能惠民补贴推广高效空调产品。,N/A,N/A,C27,CO2,正向,能效提升；能源消耗减少；绿色产业发展,GB 21455-2019 房间空气调节器能效限定值及能效等级,https://openstd.samr.gov.cn/bzgk/std/newGbInfo?hcno=BC04CDC71AD8C36B62C0FF4AE58F633C,GB 12021.3-2010（旧版）：https://openstd.samr.gov.cn/bzgk/std/newGbInfo?hcno=CCCF01CC64E2B23D8573C5BA945C672D；GB 21455-2013（旧版）：https://openstd.samr.gov.cn/bzgk/std/newGbInfo?hcno=3A8FF0FAFE08A1920B7F3D41E5A9E5D9
CHNPRFMCSI03S000,工具,绩效标准,空间制冷最低能源绩效标准（MEPS）,建筑,建筑空调,风管送风式空调机组能效限定值及能效等级,Minimum Allowable Values of Energy Efficiency and Energy Efficiency Grades for Ducted Air Conditioners,N/A,GB 37479-2019《风管送风式空调机组能效限定值及能效等级》是强制性国家标准，于2019年4月4日发布，2020年11月1日实施。适用于采用电机驱动压缩机、室内机静压大于0 Pa（表压力）的风管送风式空调（热泵）机组和直接蒸发式全新风空气处理机组。能效等级分为3级（1级最高），3级为能效限定值即强制市场准入门槛。,提高能效；减少能耗,直接,供给侧,中国,国家,N/A,04/04/2019,01/11/2020,N/A,N/A,N/A,生效,国家市场监督管理总局；国家标准化管理委员会,风管送风式空调机组,新建,采用电机驱动压缩机、室内机静压大于0 Pa（表压力）的风管送风式空调（热泵）机组和直接蒸发式全新风空气处理机组。,N/A,N/A,企业,在中国境内生产、进口或销售风管送风式空调机组的生产企业和进口商。,生产；销售；进口,风管送风式空调机组的生产、进口和销售活动。产品须达到标准规定的能效限定值方可进入市场。,3级,能效等级,能效等级分为3级（1级最高），3级为能效限定值即市场准入最低要求。按机组类型（风冷式/水冷式、单冷型/热泵型）和名义制冷量分别规定APF、EER、COP等能效指标限值。,1）风管送风式空调机组须达到标准规定的能效限定值（3级）方可生产、进口或销售；2）产品须标注能效等级标识；3）能效等级分为1级（最高）、2级、3级，3级为市场准入最低要求。,N/A,N/A,政府机构开展的监督检查,市场监督管理部门对风管送风式空调机组产品进行能效标识监督检查和产品质量监督抽查。,合规命令；罚款,对生产、进口、销售不符合强制性能效标准的风管送风式空调机组产品的，由市场监督管理部门责令停止生产、进口、销售，没收违法所得，并处罚款；情节严重的，吊销营业执照。,其他激励或支持,国家鼓励生产和使用1级、2级高效风管送风式空调机组；通过节能产品认证引导高效空调产品市场推广。,N/A,N/A,C27,CO2,正向,能效提升；能源消耗减少；绿色产业发展,GB 37479-2019 风管送风式空调机组能效限定值及能效等级,https://openstd.samr.gov.cn/bzgk/std/newGbInfo?hcno=40B53B45E279F71D82D19417CAF123EE,N/A
CHNPRFMCSI04S000,工具,绩效标准,空间制冷最低能源绩效标准（MEPS）,建筑,建筑空调；数据中心,单元式空气调节机能效限定值及能效等级,Minimum Allowable Values of Energy Efficiency and Energy Efficiency Grades for Unitary Air Conditioners,N/A,GB 19576-2019《单元式空气调节机能效限定值及能效等级》是强制性国家标准，于2019年4月4日发布，2020年11月1日实施，替代GB 19576-2004。适用于采用电机驱动压缩机、室内机静压为0 Pa（表压力）的单元式空气调节机，包括计算机和数据处理机房用、通讯基站用和恒温恒湿型单元式空气调节机。不适用于多联式空调（热泵）机组、屋顶式空气调节机组和风管送风式空调机组。能效等级分为3级（1级最高），3级为能效限定值即强制市场准入门槛。,提高能效；减少能耗,直接,供给侧,中国,国家,N/A,01/06/2004,01/03/2005,N/A,04/04/2019,2019年4月4日发布GB 19576-2019替代GB 19576-2004，扩大适用范围至计算机和数据处理机房用、通讯基站用和恒温恒湿型单元机，提高各级能效指标。,生效,国家市场监督管理总局；国家标准化管理委员会,单元式空气调节机,新建,采用电机驱动压缩机、室内机静压为0 Pa（表压力）的单元式空气调节机，包括计算机和数据处理机房用、通讯基站用和恒温恒湿型单元式空气调节机。不适用于多联式空调（热泵）机组、屋顶式空气调节机组和风管送风式空调（热泵）机组。,N/A,N/A,企业,在中国境内生产、进口或销售单元式空气调节机的生产企业和进口商。,生产；销售；进口,单元式空气调节机的生产、进口和销售活动。产品须达到标准规定的能效限定值方可进入市场。,3级,能效等级,能效等级分为3级（1级最高），3级为能效限定值即市场准入最低要求。按机组类型（风冷式/水冷式、单冷型/热泵型）和名义制冷量分别规定EER、COP等能效指标限值。,1）单元式空气调节机须达到标准规定的能效限定值（3级）方可生产、进口或销售；2）产品须标注能效等级标识；3）能效等级分为1级（最高）、2级、3级，3级为市场准入最低要求。,N/A,N/A,政府机构开展的监督检查,市场监督管理部门对单元式空气调节机产品进行能效标识监督检查和产品质量监督抽查。,合规命令；罚款,对生产、进口、销售不符合强制性能效标准的单元式空气调节机产品的，由市场监督管理部门责令停止生产、进口、销售，没收违法所得，并处罚款；情节严重的，吊销营业执照。,其他激励或支持,国家鼓励生产和使用1级、2级高效单元式空气调节机；通过节能产品认证引导高效空调产品市场推广。,N/A,N/A,C27,CO2,正向,能效提升；能源消耗减少；绿色产业发展,GB 19576-2019 单元式空气调节机能效限定值及能效等级,https://openstd.samr.gov.cn/bzgk/std/newGbInfo?hcno=D34F8444D10AA7DDEED93C9A2C275D61,GB 19576-2004（旧版）：https://openstd.samr.gov.cn/bzgk/std/newGbInfo?hcno=4756D1A444A9BE907E9715DABECCB078
CHNPRFSPDI01S000,工具,绩效标准,速度限值,交通,道路运输,机动车行驶速度限制,Motor Vehicle Speed Limits,N/A,《中华人民共和国道路交通安全法实施条例》（国务院令第405号，2004年公布，2017年修订）对全国机动车行驶速度按道路类型、车辆类型和气象条件设定统一最高限速。该速度限制体系通过约束车辆行驶速度降低燃料消耗和温室气体排放。,维护道路交通秩序；预防和减少交通事故；保护人身和财产安全；提高通行效率,间接,需求侧,中国,国家,N/A,30/04/2004,01/05/2004,N/A,07/10/2017,2017年10月7日根据《国务院关于修改部分行政法规的决定》（国务院令第687号）修订，速度限制核心条款（第四十五、四十六、七十八、八十一条）内容未发生实质性变化。2021年4月29日《道路交通安全法》修正（主席令第八十一号），违法记分管理办法于2022年4月1日更新。,生效,国务院；公安部；交通运输部,机动车,新建；既有,在中国境内道路上行驶的各类机动车，包括小型载客汽车、其他载客汽车、载货汽车、摩托车、拖拉机、轮式专用机械车等。高速公路按车型和车道分别设定速度限值。,N/A,N/A,企业；个人,在中国境内道路上行驶机动车的企业和个人。,行驶,机动车在高速公路、城市道路和公路上的行驶活动。高速公路还设有最低速度限制（60km/h）和分车道最低速度（90-110km/h），低能见度条件下按气象条件分级限速。,120,km/h,高速公路小型载客汽车最高限速120km/h，是现行中国道路体系中的最高允许行驶速度。不同道路类型和车型的最高限速范围为20-120km/h。违反限速的罚款额度为20-200元（道路交通安全法第九十条），超速记分标准为一次1-12分（2022年4月1日起施行）。,1）机动车行驶不得超过限速标志、标线标明的最高速度，无限速标志时须遵守法定最高速度（实施条例第四十五条）；2）遇雾、雨、雪、沙尘、冰雹等低能见度天气及冰雪、泥泞路面等特殊情形时须遵守降低的速度限值（实施条例第四十六、八十一条）；3）高速公路须同时遵守最高限速和最低限速（实施条例第七十八条）；4）违反限速规定处警告或罚款并记分（道路交通安全法第九十条及配套记分管理办法）。,N/A,N/A,公安机关交通管理部门测速执法；道路监控设备,公安机关交通管理部门通过固定测速设备、移动测速设备和区间测速系统对机动车行驶速度进行监测和执法。高速公路和城市快速路普遍安装测速监控设备。交通违法行为可通过公安交通管理综合应用平台（交管12123）查询和处理。,罚款；扣分,《道路交通安全法》第九十条规定违反限速处警告或20元以上200元以下罚款。《道路交通安全违法行为记分管理办法》（2022年4月1日施行）规定：超速10%-20%记3分，超速20%-50%记6分，超速50%以上记12分。严重超速可吊销驾驶证。,其他激励或支持,公安机关交通管理部门通过交通安全宣传教育、限速标志和警示标志提醒驾驶员遵守速度限制；部分地区试点推行经济速度建议标志引导节能驾驶。,N/A,N/A,H49,CO2,正向,交通能效提升；交通能源消耗减少；空气污染物减排,中华人民共和国道路交通安全法实施条例,https://www.gov.cn/gongbao/content/2019/content_5468932.htm,《中华人民共和国道路交通安全法》（2021年修正）：https://flk.npc.gov.cn/detail2.html?ZmY4MDgxODE3OTZhNjM2YTAxNzk4NTY4YzY1NzA3N2Y
